#-----------------------------------------------------------
# Vivado v2018.3 (64-bit)
# SW Build 2405991 on Thu Dec  6 23:38:27 MST 2018
# IP Build 2404404 on Fri Dec  7 01:43:56 MST 2018
# Start of session at: Tue Jan  6 19:14:35 2026
# Process ID: 19324
# Current directory: C:/Users/lish/Desktop/300/max30102x3/prj
# Command line: vivado.exe -gui_launcher_event rodinguilauncherevent17252 C:\Users\lish\Desktop\300\max30102x3\prj\prj.xpr
# Log file: C:/Users/lish/Desktop/300/max30102x3/prj/vivado.log
# Journal file: C:/Users/lish/Desktop/300/max30102x3/prj\vivado.jou
#-----------------------------------------------------------
start_gui
open_project C:/Users/lish/Desktop/300/max30102x3/prj/prj.xpr
INFO: [Project 1-313] Project file moved from 'C:/Users/lish/Desktop/300/max30102x2/prj' since last save.
Scanning sources...
Finished scanning sources
INFO: [IP_Flow 19-234] Refreshing IP repositories
INFO: [IP_Flow 19-1704] No user IP repositories specified
INFO: [IP_Flow 19-2313] Loaded Vivado IP repository 'B:/work/vivado/Vivado/2018.3/data/ip'.
open_project: Time (s): cpu = 00:00:11 ; elapsed = 00:00:10 . Memory (MB): peak = 899.211 ; gain = 270.090
update_compile_order -fileset sources_1
set_property part xc7z020clg400-2 [current_project]
WARNING: [IP_Flow 19-2162] IP 'mult_xx' is locked:
* Current project part 'xc7z020clg400-2' and the part 'xc7a75tfgg484-2' used to customize the IP 'mult_xx' do not match.
Please select 'Report IP Status' from the 'Tools/Report' menu or run Tcl command 'report_ip_status' for more information.
WARNING: [IP_Flow 19-2162] IP 'div' is locked:
* Current project part 'xc7z020clg400-2' and the part 'xc7a75tfgg484-2' used to customize the IP 'div' do not match.
Please select 'Report IP Status' from the 'Tools/Report' menu or run Tcl command 'report_ip_status' for more information.
WARNING: [IP_Flow 19-2162] IP 'float_tf' is locked:
* Current project part 'xc7z020clg400-2' and the part 'xc7a75tfgg484-2' used to customize the IP 'float_tf' do not match.
Please select 'Report IP Status' from the 'Tools/Report' menu or run Tcl command 'report_ip_status' for more information.
WARNING: [IP_Flow 19-2162] IP 'floating_mult' is locked:
* Current project part 'xc7z020clg400-2' and the part 'xc7a75tfgg484-2' used to customize the IP 'floating_mult' do not match.
Please select 'Report IP Status' from the 'Tools/Report' menu or run Tcl command 'report_ip_status' for more information.
WARNING: [IP_Flow 19-2162] IP 'floating_div' is locked:
* Current project part 'xc7z020clg400-2' and the part 'xc7a75tfgg484-2' used to customize the IP 'floating_div' do not match.
Please select 'Report IP Status' from the 'Tools/Report' menu or run Tcl command 'report_ip_status' for more information.
WARNING: [IP_Flow 19-2162] IP 'floating_add' is locked:
* Current project part 'xc7z020clg400-2' and the part 'xc7a75tfgg484-2' used to customize the IP 'floating_add' do not match.
Please select 'Report IP Status' from the 'Tools/Report' menu or run Tcl command 'report_ip_status' for more information.
WARNING: [IP_Flow 19-2162] IP 'floating_point_0' is locked:
* Current project part 'xc7z020clg400-2' and the part 'xc7a75tfgg484-2' used to customize the IP 'floating_point_0' do not match.
Please select 'Report IP Status' from the 'Tools/Report' menu or run Tcl command 'report_ip_status' for more information.
WARNING: [IP_Flow 19-2162] IP 'ila_0' is locked:
* Current project part 'xc7z020clg400-2' and the part 'xc7a75tfgg484-2' used to customize the IP 'ila_0' do not match.
Please select 'Report IP Status' from the 'Tools/Report' menu or run Tcl command 'report_ip_status' for more information.
WARNING: [IP_Flow 19-2162] IP 'sum' is locked:
* Current project part 'xc7z020clg400-2' and the part 'xc7a75tfgg484-2' used to customize the IP 'sum' do not match.
Please select 'Report IP Status' from the 'Tools/Report' menu or run Tcl command 'report_ip_status' for more information.
report_ip_status -name ip_status 
upgrade_ip -srcset div [get_ips  {div float_tf floating_add floating_div floating_mult floating_point_0 ila_0 mult_xx sum}] -log ip_upgrade.log
Upgrading 'div'
INFO: [Project 1-386] Moving file 'C:/Users/lish/Desktop/300/max30102x3/prj/prj.srcs/sources_1/ip/div/div.xci' from fileset 'div' to fileset 'sources_1'.
INFO: [IP_Flow 19-3420] Updated div to use current project options
INFO: [IP_Flow 19-1686] Generating 'Instantiation Template' target for IP 'div'...
Upgrading 'float_tf'
INFO: [Project 1-386] Moving file 'C:/Users/lish/Desktop/300/max30102x3/prj/prj.srcs/sources_1/ip/float_tf/float_tf.xci' from fileset 'float_tf' to fileset 'sources_1'.
INFO: [IP_Flow 19-3420] Updated float_tf to use current project options
INFO: [IP_Flow 19-1686] Generating 'Instantiation Template' target for IP 'float_tf'...
Upgrading 'floating_add'
INFO: [Project 1-386] Moving file 'C:/Users/lish/Desktop/300/max30102x3/prj/prj.srcs/sources_1/ip/floating_add/floating_add.xci' from fileset 'floating_add' to fileset 'sources_1'.
INFO: [IP_Flow 19-3420] Updated floating_add to use current project options
INFO: [IP_Flow 19-1686] Generating 'Instantiation Template' target for IP 'floating_add'...
Upgrading 'floating_div'
INFO: [Project 1-386] Moving file 'C:/Users/lish/Desktop/300/max30102x3/prj/prj.srcs/sources_1/ip/floating_div/floating_div.xci' from fileset 'floating_div' to fileset 'sources_1'.
INFO: [IP_Flow 19-3420] Updated floating_div to use current project options
INFO: [IP_Flow 19-1686] Generating 'Instantiation Template' target for IP 'floating_div'...
Upgrading 'floating_mult'
INFO: [Project 1-386] Moving file 'C:/Users/lish/Desktop/300/max30102x3/prj/prj.srcs/sources_1/ip/floating_mult/floating_mult.xci' from fileset 'floating_mult' to fileset 'sources_1'.
INFO: [IP_Flow 19-3420] Updated floating_mult to use current project options
INFO: [IP_Flow 19-1686] Generating 'Instantiation Template' target for IP 'floating_mult'...
Upgrading 'floating_point_0'
WARNING: [Vivado 12-1017] Problems encountered:
1. Failed to delete one or more files in run directory C:/Users/lish/Desktop/300/max30102x3/prj/prj.runs/floating_point_0_synth_1

INFO: [Project 1-386] Moving file 'C:/Users/lish/Desktop/300/max30102x3/prj/prj.srcs/sources_1/ip/floating_point_0/floating_point_0.xci' from fileset 'floating_point_0' to fileset 'sources_1'.
INFO: [IP_Flow 19-3420] Updated floating_point_0 to use current project options
INFO: [IP_Flow 19-1686] Generating 'Instantiation Template' target for IP 'floating_point_0'...
Upgrading 'ila_0'
WARNING: [Vivado 12-1017] Problems encountered:
1. Failed to delete one or more files in run directory C:/Users/lish/Desktop/300/max30102x3/prj/prj.runs/ila_0_synth_1

INFO: [Project 1-386] Moving file 'C:/Users/lish/Desktop/300/max30102x3/prj/prj.srcs/sources_1/ip/ila_0/ila_0.xci' from fileset 'ila_0' to fileset 'sources_1'.
INFO: [IP_Flow 19-3420] Updated ila_0 to use current project options
INFO: [IP_Flow 19-1686] Generating 'Instantiation Template' target for IP 'ila_0'...
Upgrading 'mult_xx'
WARNING: [Vivado 12-1017] Problems encountered:
1. Failed to delete one or more files in run directory C:/Users/lish/Desktop/300/max30102x3/prj/prj.runs/mult_xx_synth_1

INFO: [Project 1-386] Moving file 'C:/Users/lish/Desktop/300/max30102x3/prj/prj.srcs/sources_1/ip/mult_xx/mult_xx.xci' from fileset 'mult_xx' to fileset 'sources_1'.
INFO: [IP_Flow 19-3420] Updated mult_xx to use current project options
INFO: [IP_Flow 19-1686] Generating 'Instantiation Template' target for IP 'mult_xx'...
Upgrading 'sum'
WARNING: [Vivado 12-1017] Problems encountered:
1. Failed to delete one or more files in run directory C:/Users/lish/Desktop/300/max30102x3/prj/prj.runs/sum_synth_1

INFO: [Project 1-386] Moving file 'C:/Users/lish/Desktop/300/max30102x3/prj/prj.srcs/sources_1/ip/sum/sum.xci' from fileset 'sum' to fileset 'sources_1'.
INFO: [IP_Flow 19-3420] Updated sum to use current project options
INFO: [IP_Flow 19-1686] Generating 'Instantiation Template' target for IP 'sum'...
INFO: [Coretcl 2-1525] Wrote upgrade log to 'C:/Users/lish/Desktop/300/max30102x3/prj/ip_upgrade.log'.
upgrade_ip: Time (s): cpu = 00:00:35 ; elapsed = 00:00:31 . Memory (MB): peak = 1489.105 ; gain = 0.000
export_ip_user_files -of_objects [get_ips {div float_tf floating_add floating_div floating_mult floating_point_0 ila_0 mult_xx sum}] -no_script -sync -force -quiet
update_compile_order -fileset sources_1
generate_target all [get_files C:/Users/lish/Desktop/300/max30102x3/prj/prj.srcs/sources_1/ip/ila_0/ila_0.xci]
INFO: [IP_Flow 19-1686] Generating 'Synthesis' target for IP 'ila_0'...
WARNING: [IP_Flow 19-4994] Overwriting existing constraint file 'c:/Users/lish/Desktop/300/max30102x3/prj/prj.srcs/sources_1/ip/ila_0/ila_0_ooc.xdc'
INFO: [IP_Flow 19-1686] Generating 'Simulation' target for IP 'ila_0'...
INFO: [IP_Flow 19-1686] Generating 'Implementation' target for IP 'ila_0'...
INFO: [IP_Flow 19-1686] Generating 'Change Log' target for IP 'ila_0'...
create_ip_run [get_files -of_objects [get_fileset sources_1] C:/Users/lish/Desktop/300/max30102x3/prj/prj.srcs/sources_1/ip/ila_0/ila_0.xci]
generate_target all [get_files C:/Users/lish/Desktop/300/max30102x3/prj/prj.srcs/sources_1/ip/floating_point_0/floating_point_0.xci]
INFO: [IP_Flow 19-1686] Generating 'Synthesis' target for IP 'floating_point_0'...
INFO: [IP_Flow 19-1686] Generating 'Simulation' target for IP 'floating_point_0'...
INFO: [IP_Flow 19-1686] Generating 'C Simulation' target for IP 'floating_point_0'...
INFO: [IP_Flow 19-1686] Generating 'Test Bench' target for IP 'floating_point_0'...
INFO: [IP_Flow 19-1686] Generating 'Change Log' target for IP 'floating_point_0'...
create_ip_run [get_files -of_objects [get_fileset sources_1] C:/Users/lish/Desktop/300/max30102x3/prj/prj.srcs/sources_1/ip/floating_point_0/floating_point_0.xci]
generate_target all [get_files C:/Users/lish/Desktop/300/max30102x3/prj/prj.srcs/sources_1/ip/floating_add/floating_add.xci]
INFO: [IP_Flow 19-1686] Generating 'Synthesis' target for IP 'floating_add'...
INFO: [IP_Flow 19-1686] Generating 'Simulation' target for IP 'floating_add'...
INFO: [IP_Flow 19-1686] Generating 'C Simulation' target for IP 'floating_add'...
INFO: [IP_Flow 19-1686] Generating 'Test Bench' target for IP 'floating_add'...
INFO: [IP_Flow 19-1686] Generating 'Change Log' target for IP 'floating_add'...
create_ip_run [get_files -of_objects [get_fileset sources_1] C:/Users/lish/Desktop/300/max30102x3/prj/prj.srcs/sources_1/ip/floating_add/floating_add.xci]
generate_target all [get_files C:/Users/lish/Desktop/300/max30102x3/prj/prj.srcs/sources_1/ip/floating_mult/floating_mult.xci]
INFO: [IP_Flow 19-1686] Generating 'Synthesis' target for IP 'floating_mult'...
INFO: [IP_Flow 19-1686] Generating 'Simulation' target for IP 'floating_mult'...
INFO: [IP_Flow 19-1686] Generating 'C Simulation' target for IP 'floating_mult'...
INFO: [IP_Flow 19-1686] Generating 'Test Bench' target for IP 'floating_mult'...
INFO: [IP_Flow 19-1686] Generating 'Change Log' target for IP 'floating_mult'...
create_ip_run [get_files -of_objects [get_fileset sources_1] C:/Users/lish/Desktop/300/max30102x3/prj/prj.srcs/sources_1/ip/floating_mult/floating_mult.xci]
generate_target all [get_files C:/Users/lish/Desktop/300/max30102x3/prj/prj.srcs/sources_1/ip/floating_div/floating_div.xci]
INFO: [IP_Flow 19-1686] Generating 'Synthesis' target for IP 'floating_div'...
INFO: [IP_Flow 19-1686] Generating 'Simulation' target for IP 'floating_div'...
INFO: [IP_Flow 19-1686] Generating 'C Simulation' target for IP 'floating_div'...
INFO: [IP_Flow 19-1686] Generating 'Test Bench' target for IP 'floating_div'...
INFO: [IP_Flow 19-1686] Generating 'Change Log' target for IP 'floating_div'...
create_ip_run [get_files -of_objects [get_fileset sources_1] C:/Users/lish/Desktop/300/max30102x3/prj/prj.srcs/sources_1/ip/floating_div/floating_div.xci]
generate_target all [get_files C:/Users/lish/Desktop/300/max30102x3/prj/prj.srcs/sources_1/ip/float_tf/float_tf.xci]
INFO: [IP_Flow 19-1686] Generating 'Synthesis' target for IP 'float_tf'...
INFO: [IP_Flow 19-1686] Generating 'Simulation' target for IP 'float_tf'...
INFO: [IP_Flow 19-1686] Generating 'C Simulation' target for IP 'float_tf'...
INFO: [IP_Flow 19-1686] Generating 'Test Bench' target for IP 'float_tf'...
INFO: [IP_Flow 19-1686] Generating 'Change Log' target for IP 'float_tf'...
create_ip_run [get_files -of_objects [get_fileset sources_1] C:/Users/lish/Desktop/300/max30102x3/prj/prj.srcs/sources_1/ip/float_tf/float_tf.xci]
generate_target all [get_files C:/Users/lish/Desktop/300/max30102x3/prj/prj.srcs/sources_1/ip/sum/sum.xci]
INFO: [IP_Flow 19-1686] Generating 'Synthesis' target for IP 'sum'...
INFO: [IP_Flow 19-1686] Generating 'Simulation' target for IP 'sum'...
INFO: [IP_Flow 19-1686] Generating 'C Simulation' target for IP 'sum'...
INFO: [IP_Flow 19-1686] Generating 'Test Bench' target for IP 'sum'...
INFO: [IP_Flow 19-1686] Generating 'Miscellaneous' target for IP 'sum'...
INFO: [xilinx.com:ip:fir_compiler:7.2-1] sum: Coefficient Reload not selected, no files generated
INFO: [IP_Flow 19-1686] Generating 'Change Log' target for IP 'sum'...
create_ip_run [get_files -of_objects [get_fileset sources_1] C:/Users/lish/Desktop/300/max30102x3/prj/prj.srcs/sources_1/ip/sum/sum.xci]
launch_runs ila_0_synth_1
[Tue Jan  6 19:26:43 2026] Launched ila_0_synth_1...
Run output will be captured here: C:/Users/lish/Desktop/300/max30102x3/prj/prj.runs/ila_0_synth_1/runme.log
wait_on_run ila_0_synth_1
[Tue Jan  6 19:26:44 2026] Waiting for ila_0_synth_1 to finish...
[Tue Jan  6 19:26:49 2026] Waiting for ila_0_synth_1 to finish...
[Tue Jan  6 19:26:54 2026] Waiting for ila_0_synth_1 to finish...
[Tue Jan  6 19:26:59 2026] Waiting for ila_0_synth_1 to finish...
[Tue Jan  6 19:27:09 2026] Waiting for ila_0_synth_1 to finish...
[Tue Jan  6 19:27:19 2026] Waiting for ila_0_synth_1 to finish...
[Tue Jan  6 19:27:29 2026] Waiting for ila_0_synth_1 to finish...
[Tue Jan  6 19:27:39 2026] Waiting for ila_0_synth_1 to finish...
[Tue Jan  6 19:27:59 2026] Waiting for ila_0_synth_1 to finish...

*** Running vivado
    with args -log ila_0.vds -m64 -product Vivado -mode batch -messageDb vivado.pb -notrace -source ila_0.tcl


****** Vivado v2018.3 (64-bit)
  **** SW Build 2405991 on Thu Dec  6 23:38:27 MST 2018
  **** IP Build 2404404 on Fri Dec  7 01:43:56 MST 2018
    ** Copyright 1986-2018 Xilinx, Inc. All Rights Reserved.

source ila_0.tcl -notrace
Command: synth_design -top ila_0 -part xc7z020clg400-2 -mode out_of_context
Starting synth_design
Attempting to get a license for feature 'Synthesis' and/or device 'xc7z020'
INFO: [Common 17-349] Got license for feature 'Synthesis' and/or device 'xc7z020'
INFO: Launching helper process for spawning children vivado processes
INFO: Helper process launched with PID 40444 
---------------------------------------------------------------------------------
Starting RTL Elaboration : Time (s): cpu = 00:00:04 ; elapsed = 00:00:06 . Memory (MB): peak = 530.195 ; gain = 128.977
---------------------------------------------------------------------------------
INFO: [Synth 8-6157] synthesizing module 'ila_0' [c:/Users/lish/Desktop/300/max30102x3/prj/prj.srcs/sources_1/ip/ila_0/synth/ila_0.v:84]
INFO: [Synth 8-6157] synthesizing module 'CFGLUT5' [B:/work/vivado/Vivado/2018.3/scripts/rt/data/unisim_comp.v:1005]
INFO: [Synth 8-6155] done synthesizing module 'CFGLUT5' (8#1) [B:/work/vivado/Vivado/2018.3/scripts/rt/data/unisim_comp.v:1005]
INFO: [Synth 8-6157] synthesizing module 'CARRY4' [B:/work/vivado/Vivado/2018.3/scripts/rt/data/unisim_comp.v:968]
INFO: [Synth 8-6155] done synthesizing module 'CARRY4' (9#1) [B:/work/vivado/Vivado/2018.3/scripts/rt/data/unisim_comp.v:968]
INFO: [Synth 8-6157] synthesizing module 'SRLC32E' [B:/work/vivado/Vivado/2018.3/scripts/rt/data/unisim_comp.v:51849]
INFO: [Synth 8-6155] done synthesizing module 'SRLC32E' (19#1) [B:/work/vivado/Vivado/2018.3/scripts/rt/data/unisim_comp.v:51849]
INFO: [Synth 8-6157] synthesizing module 'SRL16E' [B:/work/vivado/Vivado/2018.3/scripts/rt/data/unisim_comp.v:51699]
INFO: [Synth 8-6155] done synthesizing module 'SRL16E' (21#1) [B:/work/vivado/Vivado/2018.3/scripts/rt/data/unisim_comp.v:51699]
INFO: [Synth 8-6157] synthesizing module 'SRLC16E' [B:/work/vivado/Vivado/2018.3/scripts/rt/data/unisim_comp.v:51788]
INFO: [Synth 8-6155] done synthesizing module 'SRLC16E' (23#1) [B:/work/vivado/Vivado/2018.3/scripts/rt/data/unisim_comp.v:51788]
INFO: [Synth 8-6157] synthesizing module 'FDRE' [B:/work/vivado/Vivado/2018.3/scripts/rt/data/unisim_comp.v:3971]
INFO: [Synth 8-6155] done synthesizing module 'FDRE' (28#1) [B:/work/vivado/Vivado/2018.3/scripts/rt/data/unisim_comp.v:3971]
WARNING: [Synth 8-350] instance 'inst' of module 'ila_v6_2_8_ila' requires 1033 connections, but only 1027 given [c:/Users/lish/Desktop/300/max30102x3/prj/prj.srcs/sources_1/ip/ila_0/synth/ila_0.v:3209]
WARNING: [Synth 8-3848] Net sl_iport0 in module/entity ila_0 does not have driver. [c:/Users/lish/Desktop/300/max30102x3/prj/prj.srcs/sources_1/ip/ila_0/synth/ila_0.v:98]
INFO: [Synth 8-6155] done synthesizing module 'ila_0' (46#1) [c:/Users/lish/Desktop/300/max30102x3/prj/prj.srcs/sources_1/ip/ila_0/synth/ila_0.v:84]
WARNING: [Synth 8-3331] design blk_mem_gen_prim_wrapper__parameterized2 has unconnected port SSRA
WARNING: [Synth 8-3331] design blk_mem_gen_prim_wrapper__parameterized2 has unconnected port REGCEA
WARNING: [Synth 8-3331] design blk_mem_gen_prim_wrapper__parameterized2 has unconnected port SSRB
WARNING: [Synth 8-3331] design blk_mem_gen_prim_wrapper__parameterized2 has unconnected port WEB[0]
WARNING: [Synth 8-3331] design blk_mem_gen_prim_wrapper__parameterized2 has unconnected port DINB[35]
WARNING: [Synth 8-3331] design blk_mem_gen_prim_wrapper__parameterized2 has unconnected port DINB[34]
WARNING: [Synth 8-3331] design blk_mem_gen_prim_wrapper__parameterized2 has unconnected port DINB[33]
WARNING: [Synth 8-3331] design blk_mem_gen_prim_wrapper__parameterized2 has unconnected port DINB[32]
WARNING: [Synth 8-3331] design blk_mem_gen_prim_wrapper__parameterized2 has unconnected port DINB[31]
WARNING: [Synth 8-3331] design blk_mem_gen_prim_wrapper__parameterized2 has unconnected port DINB[30]
WARNING: [Synth 8-3331] design blk_mem_gen_prim_wrapper__parameterized2 has unconnected port DINB[29]
WARNING: [Synth 8-3331] design blk_mem_gen_prim_wrapper__parameterized2 has unconnected port DINB[28]
WARNING: [Synth 8-3331] design blk_mem_gen_prim_wrapper__parameterized2 has unconnected port DINB[27]
WARNING: [Synth 8-3331] design blk_mem_gen_prim_wrapper__parameterized2 has unconnected port DINB[26]
WARNING: [Synth 8-3331] design blk_mem_gen_prim_wrapper__parameterized2 has unconnected port DINB[25]
WARNING: [Synth 8-3331] design blk_mem_gen_prim_wrapper__parameterized2 has unconnected port DINB[24]
WARNING: [Synth 8-3331] design blk_mem_gen_prim_wrapper__parameterized2 has unconnected port DINB[23]
WARNING: [Synth 8-3331] design blk_mem_gen_prim_wrapper__parameterized2 has unconnected port DINB[22]
WARNING: [Synth 8-3331] design blk_mem_gen_prim_wrapper__parameterized2 has unconnected port DINB[21]
WARNING: [Synth 8-3331] design blk_mem_gen_prim_wrapper__parameterized2 has unconnected port DINB[20]
WARNING: [Synth 8-3331] design blk_mem_gen_prim_wrapper__parameterized2 has unconnected port DINB[19]
WARNING: [Synth 8-3331] design blk_mem_gen_prim_wrapper__parameterized2 has unconnected port DINB[18]
WARNING: [Synth 8-3331] design blk_mem_gen_prim_wrapper__parameterized2 has unconnected port DINB[17]
WARNING: [Synth 8-3331] design blk_mem_gen_prim_wrapper__parameterized2 has unconnected port DINB[16]
WARNING: [Synth 8-3331] design blk_mem_gen_prim_wrapper__parameterized2 has unconnected port DINB[15]
WARNING: [Synth 8-3331] design blk_mem_gen_prim_wrapper__parameterized2 has unconnected port DINB[14]
WARNING: [Synth 8-3331] design blk_mem_gen_prim_wrapper__parameterized2 has unconnected port DINB[13]
WARNING: [Synth 8-3331] design blk_mem_gen_prim_wrapper__parameterized2 has unconnected port DINB[12]
WARNING: [Synth 8-3331] design blk_mem_gen_prim_wrapper__parameterized2 has unconnected port DINB[11]
WARNING: [Synth 8-3331] design blk_mem_gen_prim_wrapper__parameterized2 has unconnected port DINB[10]
WARNING: [Synth 8-3331] design blk_mem_gen_prim_wrapper__parameterized2 has unconnected port DINB[9]
WARNING: [Synth 8-3331] design blk_mem_gen_prim_wrapper__parameterized2 has unconnected port DINB[8]
WARNING: [Synth 8-3331] design blk_mem_gen_prim_wrapper__parameterized2 has unconnected port DINB[7]
WARNING: [Synth 8-3331] design blk_mem_gen_prim_wrapper__parameterized2 has unconnected port DINB[6]
WARNING: [Synth 8-3331] design blk_mem_gen_prim_wrapper__parameterized2 has unconnected port DINB[5]
WARNING: [Synth 8-3331] design blk_mem_gen_prim_wrapper__parameterized2 has unconnected port DINB[4]
WARNING: [Synth 8-3331] design blk_mem_gen_prim_wrapper__parameterized2 has unconnected port DINB[3]
WARNING: [Synth 8-3331] design blk_mem_gen_prim_wrapper__parameterized2 has unconnected port DINB[2]
WARNING: [Synth 8-3331] design blk_mem_gen_prim_wrapper__parameterized2 has unconnected port DINB[1]
WARNING: [Synth 8-3331] design blk_mem_gen_prim_wrapper__parameterized2 has unconnected port DINB[0]
WARNING: [Synth 8-3331] design blk_mem_gen_prim_wrapper__parameterized2 has unconnected port SLEEP
WARNING: [Synth 8-3331] design blk_mem_gen_prim_wrapper__parameterized2 has unconnected port INJECTSBITERR
WARNING: [Synth 8-3331] design blk_mem_gen_prim_wrapper__parameterized2 has unconnected port INJECTDBITERR
WARNING: [Synth 8-3331] design blk_mem_gen_prim_wrapper__parameterized2 has unconnected port ECCPIPECE
WARNING: [Synth 8-3331] design blk_mem_gen_prim_wrapper__parameterized1 has unconnected port SSRA
WARNING: [Synth 8-3331] design blk_mem_gen_prim_wrapper__parameterized1 has unconnected port REGCEA
WARNING: [Synth 8-3331] design blk_mem_gen_prim_wrapper__parameterized1 has unconnected port SSRB
WARNING: [Synth 8-3331] design blk_mem_gen_prim_wrapper__parameterized1 has unconnected port WEB[0]
WARNING: [Synth 8-3331] design blk_mem_gen_prim_wrapper__parameterized1 has unconnected port DINB[35]
WARNING: [Synth 8-3331] design blk_mem_gen_prim_wrapper__parameterized1 has unconnected port DINB[34]
WARNING: [Synth 8-3331] design blk_mem_gen_prim_wrapper__parameterized1 has unconnected port DINB[33]
WARNING: [Synth 8-3331] design blk_mem_gen_prim_wrapper__parameterized1 has unconnected port DINB[32]
WARNING: [Synth 8-3331] design blk_mem_gen_prim_wrapper__parameterized1 has unconnected port DINB[31]
WARNING: [Synth 8-3331] design blk_mem_gen_prim_wrapper__parameterized1 has unconnected port DINB[30]
WARNING: [Synth 8-3331] design blk_mem_gen_prim_wrapper__parameterized1 has unconnected port DINB[29]
WARNING: [Synth 8-3331] design blk_mem_gen_prim_wrapper__parameterized1 has unconnected port DINB[28]
WARNING: [Synth 8-3331] design blk_mem_gen_prim_wrapper__parameterized1 has unconnected port DINB[27]
WARNING: [Synth 8-3331] design blk_mem_gen_prim_wrapper__parameterized1 has unconnected port DINB[26]
WARNING: [Synth 8-3331] design blk_mem_gen_prim_wrapper__parameterized1 has unconnected port DINB[25]
WARNING: [Synth 8-3331] design blk_mem_gen_prim_wrapper__parameterized1 has unconnected port DINB[24]
WARNING: [Synth 8-3331] design blk_mem_gen_prim_wrapper__parameterized1 has unconnected port DINB[23]
WARNING: [Synth 8-3331] design blk_mem_gen_prim_wrapper__parameterized1 has unconnected port DINB[22]
WARNING: [Synth 8-3331] design blk_mem_gen_prim_wrapper__parameterized1 has unconnected port DINB[21]
WARNING: [Synth 8-3331] design blk_mem_gen_prim_wrapper__parameterized1 has unconnected port DINB[20]
WARNING: [Synth 8-3331] design blk_mem_gen_prim_wrapper__parameterized1 has unconnected port DINB[19]
WARNING: [Synth 8-3331] design blk_mem_gen_prim_wrapper__parameterized1 has unconnected port DINB[18]
WARNING: [Synth 8-3331] design blk_mem_gen_prim_wrapper__parameterized1 has unconnected port DINB[17]
WARNING: [Synth 8-3331] design blk_mem_gen_prim_wrapper__parameterized1 has unconnected port DINB[16]
WARNING: [Synth 8-3331] design blk_mem_gen_prim_wrapper__parameterized1 has unconnected port DINB[15]
WARNING: [Synth 8-3331] design blk_mem_gen_prim_wrapper__parameterized1 has unconnected port DINB[14]
WARNING: [Synth 8-3331] design blk_mem_gen_prim_wrapper__parameterized1 has unconnected port DINB[13]
WARNING: [Synth 8-3331] design blk_mem_gen_prim_wrapper__parameterized1 has unconnected port DINB[12]
WARNING: [Synth 8-3331] design blk_mem_gen_prim_wrapper__parameterized1 has unconnected port DINB[11]
WARNING: [Synth 8-3331] design blk_mem_gen_prim_wrapper__parameterized1 has unconnected port DINB[10]
WARNING: [Synth 8-3331] design blk_mem_gen_prim_wrapper__parameterized1 has unconnected port DINB[9]
WARNING: [Synth 8-3331] design blk_mem_gen_prim_wrapper__parameterized1 has unconnected port DINB[8]
WARNING: [Synth 8-3331] design blk_mem_gen_prim_wrapper__parameterized1 has unconnected port DINB[7]
WARNING: [Synth 8-3331] design blk_mem_gen_prim_wrapper__parameterized1 has unconnected port DINB[6]
WARNING: [Synth 8-3331] design blk_mem_gen_prim_wrapper__parameterized1 has unconnected port DINB[5]
WARNING: [Synth 8-3331] design blk_mem_gen_prim_wrapper__parameterized1 has unconnected port DINB[4]
WARNING: [Synth 8-3331] design blk_mem_gen_prim_wrapper__parameterized1 has unconnected port DINB[3]
WARNING: [Synth 8-3331] design blk_mem_gen_prim_wrapper__parameterized1 has unconnected port DINB[2]
WARNING: [Synth 8-3331] design blk_mem_gen_prim_wrapper__parameterized1 has unconnected port DINB[1]
WARNING: [Synth 8-3331] design blk_mem_gen_prim_wrapper__parameterized1 has unconnected port DINB[0]
WARNING: [Synth 8-3331] design blk_mem_gen_prim_wrapper__parameterized1 has unconnected port SLEEP
WARNING: [Synth 8-3331] design blk_mem_gen_prim_wrapper__parameterized1 has unconnected port INJECTSBITERR
WARNING: [Synth 8-3331] design blk_mem_gen_prim_wrapper__parameterized1 has unconnected port INJECTDBITERR
WARNING: [Synth 8-3331] design blk_mem_gen_prim_wrapper__parameterized1 has unconnected port ECCPIPECE
WARNING: [Synth 8-3331] design blk_mem_gen_prim_wrapper__parameterized0 has unconnected port SSRA
WARNING: [Synth 8-3331] design blk_mem_gen_prim_wrapper__parameterized0 has unconnected port REGCEA
WARNING: [Synth 8-3331] design blk_mem_gen_prim_wrapper__parameterized0 has unconnected port SSRB
WARNING: [Synth 8-3331] design blk_mem_gen_prim_wrapper__parameterized0 has unconnected port WEB[0]
WARNING: [Synth 8-3331] design blk_mem_gen_prim_wrapper__parameterized0 has unconnected port DINB[35]
WARNING: [Synth 8-3331] design blk_mem_gen_prim_wrapper__parameterized0 has unconnected port DINB[34]
WARNING: [Synth 8-3331] design blk_mem_gen_prim_wrapper__parameterized0 has unconnected port DINB[33]
WARNING: [Synth 8-3331] design blk_mem_gen_prim_wrapper__parameterized0 has unconnected port DINB[32]
WARNING: [Synth 8-3331] design blk_mem_gen_prim_wrapper__parameterized0 has unconnected port DINB[31]
WARNING: [Synth 8-3331] design blk_mem_gen_prim_wrapper__parameterized0 has unconnected port DINB[30]
WARNING: [Synth 8-3331] design blk_mem_gen_prim_wrapper__parameterized0 has unconnected port DINB[29]
WARNING: [Synth 8-3331] design blk_mem_gen_prim_wrapper__parameterized0 has unconnected port DINB[28]
INFO: [Common 17-14] Message 'Synth 8-3331' appears 100 times and further instances of the messages will be disabled. Use the Tcl command set_msg_config to change the current settings.
---------------------------------------------------------------------------------
Finished RTL Elaboration : Time (s): cpu = 00:00:37 ; elapsed = 00:00:40 . Memory (MB): peak = 875.633 ; gain = 474.414
---------------------------------------------------------------------------------

Report Check Netlist: 
+------+------------------+-------+---------+-------+------------------+
|      |Item              |Errors |Warnings |Status |Description       |
+------+------------------+-------+---------+-------+------------------+
|1     |multi_driven_nets |      0|        0|Passed |Multi driven nets |
+------+------------------+-------+---------+-------+------------------+
INFO: [Synth 8-3295] tying undriven pin inst:sl_iport0[36] to constant 0 [c:/Users/lish/Desktop/300/max30102x3/prj/prj.srcs/sources_1/ip/ila_0/synth/ila_0.v:3209]
INFO: [Synth 8-3295] tying undriven pin inst:sl_iport0[35] to constant 0 [c:/Users/lish/Desktop/300/max30102x3/prj/prj.srcs/sources_1/ip/ila_0/synth/ila_0.v:3209]
INFO: [Synth 8-3295] tying undriven pin inst:sl_iport0[34] to constant 0 [c:/Users/lish/Desktop/300/max30102x3/prj/prj.srcs/sources_1/ip/ila_0/synth/ila_0.v:3209]
INFO: [Synth 8-3295] tying undriven pin inst:sl_iport0[33] to constant 0 [c:/Users/lish/Desktop/300/max30102x3/prj/prj.srcs/sources_1/ip/ila_0/synth/ila_0.v:3209]
INFO: [Synth 8-3295] tying undriven pin inst:sl_iport0[32] to constant 0 [c:/Users/lish/Desktop/300/max30102x3/prj/prj.srcs/sources_1/ip/ila_0/synth/ila_0.v:3209]
INFO: [Synth 8-3295] tying undriven pin inst:sl_iport0[31] to constant 0 [c:/Users/lish/Desktop/300/max30102x3/prj/prj.srcs/sources_1/ip/ila_0/synth/ila_0.v:3209]
INFO: [Synth 8-3295] tying undriven pin inst:sl_iport0[30] to constant 0 [c:/Users/lish/Desktop/300/max30102x3/prj/prj.srcs/sources_1/ip/ila_0/synth/ila_0.v:3209]
INFO: [Synth 8-3295] tying undriven pin inst:sl_iport0[29] to constant 0 [c:/Users/lish/Desktop/300/max30102x3/prj/prj.srcs/sources_1/ip/ila_0/synth/ila_0.v:3209]
INFO: [Synth 8-3295] tying undriven pin inst:sl_iport0[28] to constant 0 [c:/Users/lish/Desktop/300/max30102x3/prj/prj.srcs/sources_1/ip/ila_0/synth/ila_0.v:3209]
INFO: [Synth 8-3295] tying undriven pin inst:sl_iport0[27] to constant 0 [c:/Users/lish/Desktop/300/max30102x3/prj/prj.srcs/sources_1/ip/ila_0/synth/ila_0.v:3209]
INFO: [Synth 8-3295] tying undriven pin inst:sl_iport0[26] to constant 0 [c:/Users/lish/Desktop/300/max30102x3/prj/prj.srcs/sources_1/ip/ila_0/synth/ila_0.v:3209]
INFO: [Synth 8-3295] tying undriven pin inst:sl_iport0[25] to constant 0 [c:/Users/lish/Desktop/300/max30102x3/prj/prj.srcs/sources_1/ip/ila_0/synth/ila_0.v:3209]
INFO: [Synth 8-3295] tying undriven pin inst:sl_iport0[24] to constant 0 [c:/Users/lish/Desktop/300/max30102x3/prj/prj.srcs/sources_1/ip/ila_0/synth/ila_0.v:3209]
INFO: [Synth 8-3295] tying undriven pin inst:sl_iport0[23] to constant 0 [c:/Users/lish/Desktop/300/max30102x3/prj/prj.srcs/sources_1/ip/ila_0/synth/ila_0.v:3209]
INFO: [Synth 8-3295] tying undriven pin inst:sl_iport0[22] to constant 0 [c:/Users/lish/Desktop/300/max30102x3/prj/prj.srcs/sources_1/ip/ila_0/synth/ila_0.v:3209]
INFO: [Synth 8-3295] tying undriven pin inst:sl_iport0[21] to constant 0 [c:/Users/lish/Desktop/300/max30102x3/prj/prj.srcs/sources_1/ip/ila_0/synth/ila_0.v:3209]
INFO: [Synth 8-3295] tying undriven pin inst:sl_iport0[20] to constant 0 [c:/Users/lish/Desktop/300/max30102x3/prj/prj.srcs/sources_1/ip/ila_0/synth/ila_0.v:3209]
INFO: [Synth 8-3295] tying undriven pin inst:sl_iport0[19] to constant 0 [c:/Users/lish/Desktop/300/max30102x3/prj/prj.srcs/sources_1/ip/ila_0/synth/ila_0.v:3209]
INFO: [Synth 8-3295] tying undriven pin inst:sl_iport0[18] to constant 0 [c:/Users/lish/Desktop/300/max30102x3/prj/prj.srcs/sources_1/ip/ila_0/synth/ila_0.v:3209]
INFO: [Synth 8-3295] tying undriven pin inst:sl_iport0[17] to constant 0 [c:/Users/lish/Desktop/300/max30102x3/prj/prj.srcs/sources_1/ip/ila_0/synth/ila_0.v:3209]
INFO: [Synth 8-3295] tying undriven pin inst:sl_iport0[16] to constant 0 [c:/Users/lish/Desktop/300/max30102x3/prj/prj.srcs/sources_1/ip/ila_0/synth/ila_0.v:3209]
INFO: [Synth 8-3295] tying undriven pin inst:sl_iport0[15] to constant 0 [c:/Users/lish/Desktop/300/max30102x3/prj/prj.srcs/sources_1/ip/ila_0/synth/ila_0.v:3209]
INFO: [Synth 8-3295] tying undriven pin inst:sl_iport0[14] to constant 0 [c:/Users/lish/Desktop/300/max30102x3/prj/prj.srcs/sources_1/ip/ila_0/synth/ila_0.v:3209]
INFO: [Synth 8-3295] tying undriven pin inst:sl_iport0[13] to constant 0 [c:/Users/lish/Desktop/300/max30102x3/prj/prj.srcs/sources_1/ip/ila_0/synth/ila_0.v:3209]
INFO: [Synth 8-3295] tying undriven pin inst:sl_iport0[12] to constant 0 [c:/Users/lish/Desktop/300/max30102x3/prj/prj.srcs/sources_1/ip/ila_0/synth/ila_0.v:3209]
INFO: [Synth 8-3295] tying undriven pin inst:sl_iport0[11] to constant 0 [c:/Users/lish/Desktop/300/max30102x3/prj/prj.srcs/sources_1/ip/ila_0/synth/ila_0.v:3209]
INFO: [Synth 8-3295] tying undriven pin inst:sl_iport0[10] to constant 0 [c:/Users/lish/Desktop/300/max30102x3/prj/prj.srcs/sources_1/ip/ila_0/synth/ila_0.v:3209]
INFO: [Synth 8-3295] tying undriven pin inst:sl_iport0[9] to constant 0 [c:/Users/lish/Desktop/300/max30102x3/prj/prj.srcs/sources_1/ip/ila_0/synth/ila_0.v:3209]
INFO: [Synth 8-3295] tying undriven pin inst:sl_iport0[8] to constant 0 [c:/Users/lish/Desktop/300/max30102x3/prj/prj.srcs/sources_1/ip/ila_0/synth/ila_0.v:3209]
INFO: [Synth 8-3295] tying undriven pin inst:sl_iport0[7] to constant 0 [c:/Users/lish/Desktop/300/max30102x3/prj/prj.srcs/sources_1/ip/ila_0/synth/ila_0.v:3209]
INFO: [Synth 8-3295] tying undriven pin inst:sl_iport0[6] to constant 0 [c:/Users/lish/Desktop/300/max30102x3/prj/prj.srcs/sources_1/ip/ila_0/synth/ila_0.v:3209]
INFO: [Synth 8-3295] tying undriven pin inst:sl_iport0[5] to constant 0 [c:/Users/lish/Desktop/300/max30102x3/prj/prj.srcs/sources_1/ip/ila_0/synth/ila_0.v:3209]
INFO: [Synth 8-3295] tying undriven pin inst:sl_iport0[4] to constant 0 [c:/Users/lish/Desktop/300/max30102x3/prj/prj.srcs/sources_1/ip/ila_0/synth/ila_0.v:3209]
INFO: [Synth 8-3295] tying undriven pin inst:sl_iport0[3] to constant 0 [c:/Users/lish/Desktop/300/max30102x3/prj/prj.srcs/sources_1/ip/ila_0/synth/ila_0.v:3209]
INFO: [Synth 8-3295] tying undriven pin inst:sl_iport0[2] to constant 0 [c:/Users/lish/Desktop/300/max30102x3/prj/prj.srcs/sources_1/ip/ila_0/synth/ila_0.v:3209]
INFO: [Synth 8-3295] tying undriven pin inst:sl_iport0[1] to constant 0 [c:/Users/lish/Desktop/300/max30102x3/prj/prj.srcs/sources_1/ip/ila_0/synth/ila_0.v:3209]
INFO: [Synth 8-3295] tying undriven pin inst:sl_iport0[0] to constant 0 [c:/Users/lish/Desktop/300/max30102x3/prj/prj.srcs/sources_1/ip/ila_0/synth/ila_0.v:3209]
INFO: [Synth 8-3295] tying undriven pin inst:trig_in to constant 0 [c:/Users/lish/Desktop/300/max30102x3/prj/prj.srcs/sources_1/ip/ila_0/synth/ila_0.v:3209]
INFO: [Synth 8-3295] tying undriven pin inst:trig_out_ack to constant 0 [c:/Users/lish/Desktop/300/max30102x3/prj/prj.srcs/sources_1/ip/ila_0/synth/ila_0.v:3209]
---------------------------------------------------------------------------------
Start Handling Custom Attributes
---------------------------------------------------------------------------------
---------------------------------------------------------------------------------
Finished Handling Custom Attributes : Time (s): cpu = 00:00:37 ; elapsed = 00:00:40 . Memory (MB): peak = 875.633 ; gain = 474.414
---------------------------------------------------------------------------------
---------------------------------------------------------------------------------
Finished RTL Optimization Phase 1 : Time (s): cpu = 00:00:37 ; elapsed = 00:00:40 . Memory (MB): peak = 875.633 ; gain = 474.414
---------------------------------------------------------------------------------
INFO: [Netlist 29-17] Analyzing 129 Unisim elements for replacement
INFO: [Netlist 29-28] Unisim Transformation completed in 0 CPU seconds
INFO: [Device 21-403] Loading part xc7z020clg400-2
INFO: [Project 1-570] Preparing netlist for logic optimization

Processing XDC Constraints
Initializing timing engine
Parsing XDC File [c:/Users/lish/Desktop/300/max30102x3/prj/prj.srcs/sources_1/ip/ila_0/ila_0_ooc.xdc] for cell 'inst'
Finished Parsing XDC File [c:/Users/lish/Desktop/300/max30102x3/prj/prj.srcs/sources_1/ip/ila_0/ila_0_ooc.xdc] for cell 'inst'
Parsing XDC File [c:/Users/lish/Desktop/300/max30102x3/prj/prj.srcs/sources_1/ip/ila_0/ila_v6_2/constraints/ila.xdc] for cell 'inst'
Finished Parsing XDC File [c:/Users/lish/Desktop/300/max30102x3/prj/prj.srcs/sources_1/ip/ila_0/ila_v6_2/constraints/ila.xdc] for cell 'inst'
Parsing XDC File [C:/Users/lish/Desktop/300/max30102x3/prj/prj.runs/ila_0_synth_1/dont_touch.xdc]
Finished Parsing XDC File [C:/Users/lish/Desktop/300/max30102x3/prj/prj.runs/ila_0_synth_1/dont_touch.xdc]
Completed Processing XDC Constraints

Netlist sorting complete. Time (s): cpu = 00:00:00 ; elapsed = 00:00:00.001 . Memory (MB): peak = 994.238 ; gain = 0.000
INFO: [Project 1-111] Unisim Transformation Summary:
  A total of 97 instances were transformed.
  CFGLUT5 => CFGLUT5 (SRLC32E, SRL16E): 92 instances
  CFGLUT5 => SRLC32E: 5 instances

Netlist sorting complete. Time (s): cpu = 00:00:00 ; elapsed = 00:00:00.001 . Memory (MB): peak = 994.758 ; gain = 0.000
Constraint Validation Runtime : Time (s): cpu = 00:00:00 ; elapsed = 00:00:00.058 . Memory (MB): peak = 996.164 ; gain = 1.926
---------------------------------------------------------------------------------
Finished Constraint Validation : Time (s): cpu = 00:00:44 ; elapsed = 00:00:48 . Memory (MB): peak = 996.164 ; gain = 594.945
---------------------------------------------------------------------------------
---------------------------------------------------------------------------------
Start Loading Part and Timing Information
---------------------------------------------------------------------------------
Loading part: xc7z020clg400-2
---------------------------------------------------------------------------------
Finished Loading Part and Timing Information : Time (s): cpu = 00:00:44 ; elapsed = 00:00:48 . Memory (MB): peak = 996.164 ; gain = 594.945
---------------------------------------------------------------------------------
---------------------------------------------------------------------------------
Start Applying 'set_property' XDC Constraints
---------------------------------------------------------------------------------
Applied set_property DONT_TOUCH = true for inst. (constraint file  C:/Users/lish/Desktop/300/max30102x3/prj/prj.runs/ila_0_synth_1/dont_touch.xdc, line 9).
---------------------------------------------------------------------------------
Finished applying 'set_property' XDC Constraints : Time (s): cpu = 00:00:44 ; elapsed = 00:00:48 . Memory (MB): peak = 996.164 ; gain = 594.945
---------------------------------------------------------------------------------
INFO: [Synth 8-802] inferred FSM for state register 'current_state_reg' in module 'xsdbs_v1_0_2_reg_p2s__parameterized1'
INFO: [Synth 8-5544] ROM "data_out_sel" won't be mapped to Block RAM because address size (4) smaller than threshold (5)
INFO: [Synth 8-5544] ROM "shift_en" won't be mapped to Block RAM because address size (4) smaller than threshold (5)
INFO: [Synth 8-5544] ROM "next_state" won't be mapped to Block RAM because address size (1) smaller than threshold (5)
INFO: [Synth 8-5544] ROM "next_state" won't be mapped to Block RAM because address size (1) smaller than threshold (5)
INFO: [Synth 8-5544] ROM "next_state" won't be mapped to Block RAM because address size (1) smaller than threshold (5)
INFO: [Synth 8-802] inferred FSM for state register 'current_state_reg' in module 'xsdbs_v1_0_2_reg_p2s'
INFO: [Synth 8-5544] ROM "data_out_sel" won't be mapped to Block RAM because address size (4) smaller than threshold (5)
INFO: [Synth 8-5544] ROM "shift_en" won't be mapped to Block RAM because address size (4) smaller than threshold (5)
INFO: [Synth 8-5544] ROM "next_state" won't be mapped to Block RAM because address size (1) smaller than threshold (5)
INFO: [Synth 8-5544] ROM "next_state" won't be mapped to Block RAM because address size (1) smaller than threshold (5)
INFO: [Synth 8-5544] ROM "next_state" won't be mapped to Block RAM because address size (1) smaller than threshold (5)
INFO: [Synth 8-802] inferred FSM for state register 'current_state_reg' in module 'xsdbs_v1_0_2_reg_p2s__parameterized0'
INFO: [Synth 8-5544] ROM "data_out_sel" won't be mapped to Block RAM because address size (4) smaller than threshold (5)
INFO: [Synth 8-5544] ROM "shift_en" won't be mapped to Block RAM because address size (4) smaller than threshold (5)
INFO: [Synth 8-5544] ROM "next_state" won't be mapped to Block RAM because address size (1) smaller than threshold (5)
INFO: [Synth 8-5544] ROM "next_state" won't be mapped to Block RAM because address size (1) smaller than threshold (5)
INFO: [Synth 8-5544] ROM "next_state" won't be mapped to Block RAM because address size (1) smaller than threshold (5)
INFO: [Synth 8-5546] ROM "drdy_mux_temp" won't be mapped to RAM because it is too sparse
INFO: [Synth 8-5546] ROM "adv_drdy" won't be mapped to RAM because it is too sparse
INFO: [Synth 8-5546] ROM "read_addr" won't be mapped to RAM because it is too sparse
INFO: [Synth 8-5546] ROM "curr_read_block" won't be mapped to RAM because it is too sparse
INFO: [Synth 8-5546] ROM "read_en" won't be mapped to RAM because it is too sparse
---------------------------------------------------------------------------------------------------
                   State |                     New Encoding |                Previous Encoding 
---------------------------------------------------------------------------------------------------
*
                    IDLE |                             0001 |                             0001
                     REG |                             0010 |                             0010
                     P2S |                             0100 |                             0100
                     S2P |                             1000 |                             1000
---------------------------------------------------------------------------------------------------
INFO: [Synth 8-3898] No Re-encoding of one hot register 'current_state_reg' in module 'xsdbs_v1_0_2_reg_p2s__parameterized1'
---------------------------------------------------------------------------------------------------
                   State |                     New Encoding |                Previous Encoding 
---------------------------------------------------------------------------------------------------
*
                    IDLE |                             0001 |                             0001
                     REG |                             0010 |                             0010
                     P2S |                             0100 |                             0100
                     S2P |                             1000 |                             1000
---------------------------------------------------------------------------------------------------
INFO: [Synth 8-3898] No Re-encoding of one hot register 'current_state_reg' in module 'xsdbs_v1_0_2_reg_p2s'
---------------------------------------------------------------------------------------------------
                   State |                     New Encoding |                Previous Encoding 
---------------------------------------------------------------------------------------------------
*
                    IDLE |                             0001 |                             0001
                     REG |                             0010 |                             0010
                     P2S |                             0100 |                             0100
                     S2P |                             1000 |                             1000
---------------------------------------------------------------------------------------------------
INFO: [Synth 8-3898] No Re-encoding of one hot register 'current_state_reg' in module 'xsdbs_v1_0_2_reg_p2s__parameterized0'
---------------------------------------------------------------------------------
Finished RTL Optimization Phase 2 : Time (s): cpu = 00:00:45 ; elapsed = 00:00:49 . Memory (MB): peak = 996.164 ; gain = 594.945
---------------------------------------------------------------------------------

Report RTL Partitions: 
+-+--------------+------------+----------+
| |RTL Partition |Replication |Instances |
+-+--------------+------------+----------+
+-+--------------+------------+----------+
---------------------------------------------------------------------------------
Start RTL Component Statistics 
---------------------------------------------------------------------------------
Detailed RTL Component Info : 
+---Adders : 
	   2 Input     10 Bit       Adders := 3     
	   2 Input      9 Bit       Adders := 1     
	   2 Input      7 Bit       Adders := 2     
	   2 Input      6 Bit       Adders := 1     
	   2 Input      4 Bit       Adders := 4     
+---XORs : 
	   2 Input     13 Bit         XORs := 17    
	   2 Input      1 Bit         XORs := 4     
+---Registers : 
	             1024 Bit    Registers := 2     
	              144 Bit    Registers := 1     
	              128 Bit    Registers := 10    
	               33 Bit    Registers := 2     
	               17 Bit    Registers := 2     
	               16 Bit    Registers := 73    
	               10 Bit    Registers := 9     
	                9 Bit    Registers := 1     
	                7 Bit    Registers := 3     
	                6 Bit    Registers := 2     
	                4 Bit    Registers := 6     
	                2 Bit    Registers := 5     
	                1 Bit    Registers := 99    
+---Muxes : 
	   2 Input    128 Bit        Muxes := 1     
	   2 Input     16 Bit        Muxes := 13    
	   4 Input     16 Bit        Muxes := 1     
	   3 Input     16 Bit        Muxes := 1     
	   8 Input     16 Bit        Muxes := 1     
	   2 Input     15 Bit        Muxes := 3     
	   3 Input     15 Bit        Muxes := 1     
	   8 Input     10 Bit        Muxes := 1     
	   3 Input      7 Bit        Muxes := 1     
	   8 Input      7 Bit        Muxes := 1     
	   2 Input      6 Bit        Muxes := 4     
	   2 Input      5 Bit        Muxes := 2     
	   5 Input      4 Bit        Muxes := 3     
	   2 Input      4 Bit        Muxes := 10    
	   8 Input      4 Bit        Muxes := 1     
	   2 Input      3 Bit        Muxes := 3     
	  10 Input      3 Bit        Muxes := 1     
	   2 Input      2 Bit        Muxes := 5     
	   2 Input      1 Bit        Muxes := 50    
	   3 Input      1 Bit        Muxes := 3     
	   9 Input      1 Bit        Muxes := 1     
	   4 Input      1 Bit        Muxes := 1     
	   8 Input      1 Bit        Muxes := 5     
---------------------------------------------------------------------------------
Finished RTL Component Statistics 
---------------------------------------------------------------------------------
---------------------------------------------------------------------------------
Start RTL Hierarchical Component Statistics 
---------------------------------------------------------------------------------
Hierarchical RTL Component report 
Module xsdbs_v1_0_2_xsdbs 
Detailed RTL Component Info : 
+---Registers : 
	              128 Bit    Registers := 1     
	               17 Bit    Registers := 1     
	               16 Bit    Registers := 4     
	                1 Bit    Registers := 4     
+---Muxes : 
	   2 Input     16 Bit        Muxes := 1     
Module xsdbs_v1_0_2_reg_stat 
Detailed RTL Component Info : 
+---Registers : 
	               16 Bit    Registers := 1     
Module xsdbs_v1_0_2_reg_ctl 
Detailed RTL Component Info : 
+---Registers : 
	               16 Bit    Registers := 1     
Module xsdbs_v1_0_2_reg__parameterized11 
Detailed RTL Component Info : 
+---XORs : 
	   2 Input     13 Bit         XORs := 1     
Module xsdbs_v1_0_2_reg_ctl__parameterized0 
Detailed RTL Component Info : 
+---Registers : 
	               16 Bit    Registers := 1     
Module xsdbs_v1_0_2_reg__parameterized12 
Detailed RTL Component Info : 
+---XORs : 
	   2 Input     13 Bit         XORs := 1     
Module xsdbs_v1_0_2_reg__parameterized26 
Detailed RTL Component Info : 
+---XORs : 
	   2 Input     13 Bit         XORs := 1     
Module xsdbs_v1_0_2_reg__parameterized27 
Detailed RTL Component Info : 
+---XORs : 
	   2 Input     13 Bit         XORs := 1     
Module xsdbs_v1_0_2_reg__parameterized28 
Detailed RTL Component Info : 
+---XORs : 
	   2 Input     13 Bit         XORs := 1     
Module xsdbs_v1_0_2_reg__parameterized29 
Detailed RTL Component Info : 
+---XORs : 
	   2 Input     13 Bit         XORs := 1     
Module xsdbs_v1_0_2_reg__parameterized30 
Detailed RTL Component Info : 
+---XORs : 
	   2 Input     13 Bit         XORs := 1     
Module xsdbs_v1_0_2_reg_ctl__parameterized1 
Detailed RTL Component Info : 
+---Registers : 
	               16 Bit    Registers := 1     
Module xsdbs_v1_0_2_reg__parameterized31 
Detailed RTL Component Info : 
+---XORs : 
	   2 Input     13 Bit         XORs := 1     
Module xsdbs_v1_0_2_reg__parameterized32 
Detailed RTL Component Info : 
+---XORs : 
	   2 Input     13 Bit         XORs := 1     
Module xsdbs_v1_0_2_reg__parameterized33 
Detailed RTL Component Info : 
+---XORs : 
	   2 Input     13 Bit         XORs := 1     
Module xsdbs_v1_0_2_reg__parameterized34 
Detailed RTL Component Info : 
+---XORs : 
	   2 Input     13 Bit         XORs := 1     
Module xsdbs_v1_0_2_reg__parameterized35 
Detailed RTL Component Info : 
+---XORs : 
	   2 Input     13 Bit         XORs := 1     
Module xsdbs_v1_0_2_reg__parameterized36 
Detailed RTL Component Info : 
+---XORs : 
	   2 Input     13 Bit         XORs := 1     
Module xsdbs_v1_0_2_reg__parameterized37 
Detailed RTL Component Info : 
+---XORs : 
	   2 Input     13 Bit         XORs := 1     
Module xsdbs_v1_0_2_reg_p2s__parameterized1 
Detailed RTL Component Info : 
+---Adders : 
	   2 Input      4 Bit       Adders := 1     
+---XORs : 
	   2 Input     13 Bit         XORs := 1     
+---Registers : 
	               16 Bit    Registers := 2     
	                4 Bit    Registers := 1     
	                1 Bit    Registers := 3     
+---Muxes : 
	   2 Input     16 Bit        Muxes := 1     
	   2 Input     15 Bit        Muxes := 1     
	   5 Input      4 Bit        Muxes := 1     
	   2 Input      4 Bit        Muxes := 3     
	   2 Input      3 Bit        Muxes := 1     
	   2 Input      1 Bit        Muxes := 5     
	   3 Input      1 Bit        Muxes := 1     
Module xsdbs_v1_0_2_reg_stream 
Detailed RTL Component Info : 
+---Registers : 
	                1 Bit    Registers := 1     
+---Muxes : 
	   2 Input      1 Bit        Muxes := 1     
Module xsdbs_v1_0_2_reg_stream__parameterized0 
Detailed RTL Component Info : 
+---Muxes : 
	   2 Input      1 Bit        Muxes := 1     
Module xsdbs_v1_0_2_reg_p2s 
Detailed RTL Component Info : 
+---Adders : 
	   2 Input      4 Bit       Adders := 1     
+---XORs : 
	   2 Input     13 Bit         XORs := 1     
+---Registers : 
	               16 Bit    Registers := 2     
	                4 Bit    Registers := 1     
	                1 Bit    Registers := 3     
+---Muxes : 
	   2 Input     16 Bit        Muxes := 1     
	   2 Input     15 Bit        Muxes := 1     
	   5 Input      4 Bit        Muxes := 1     
	   2 Input      4 Bit        Muxes := 3     
	   2 Input      3 Bit        Muxes := 1     
	   2 Input      1 Bit        Muxes := 5     
	   3 Input      1 Bit        Muxes := 1     
Module xsdbs_v1_0_2_reg_p2s__parameterized0 
Detailed RTL Component Info : 
+---Adders : 
	   2 Input      4 Bit       Adders := 1     
+---XORs : 
	   2 Input     13 Bit         XORs := 1     
+---Registers : 
	               16 Bit    Registers := 2     
	                4 Bit    Registers := 1     
	                1 Bit    Registers := 3     
+---Muxes : 
	   2 Input     16 Bit        Muxes := 1     
	   2 Input     15 Bit        Muxes := 1     
	   5 Input      4 Bit        Muxes := 1     
	   2 Input      4 Bit        Muxes := 3     
	   2 Input      3 Bit        Muxes := 1     
	   2 Input      1 Bit        Muxes := 5     
	   3 Input      1 Bit        Muxes := 1     
Module ila_v6_2_8_ila_register 
Detailed RTL Component Info : 
+---Adders : 
	   2 Input      9 Bit       Adders := 1     
	   2 Input      7 Bit       Adders := 2     
	   2 Input      6 Bit       Adders := 1     
+---Registers : 
	             1024 Bit    Registers := 2     
	               17 Bit    Registers := 1     
	               16 Bit    Registers := 12    
	                9 Bit    Registers := 1     
	                7 Bit    Registers := 2     
	                6 Bit    Registers := 1     
	                1 Bit    Registers := 31    
+---Muxes : 
	   2 Input     16 Bit        Muxes := 9     
	   4 Input     16 Bit        Muxes := 1     
	   3 Input     16 Bit        Muxes := 1     
	   8 Input     16 Bit        Muxes := 1     
	   3 Input     15 Bit        Muxes := 1     
	   2 Input      6 Bit        Muxes := 4     
	   2 Input      5 Bit        Muxes := 2     
	  10 Input      3 Bit        Muxes := 1     
	   2 Input      1 Bit        Muxes := 13    
	   9 Input      1 Bit        Muxes := 1     
Module ltlib_v1_0_0_all_typeA_slice 
Detailed RTL Component Info : 
+---Registers : 
	                1 Bit    Registers := 1     
Module ltlib_v1_0_0_match__parameterized0 
Detailed RTL Component Info : 
+---Registers : 
	                1 Bit    Registers := 1     
Module ltlib_v1_0_0_allx_typeA 
Detailed RTL Component Info : 
+---Registers : 
	                1 Bit    Registers := 1     
Module ltlib_v1_0_0_match 
Detailed RTL Component Info : 
+---Registers : 
	                1 Bit    Registers := 1     
Module ila_v6_2_8_ila_trigger 
Detailed RTL Component Info : 
+---Registers : 
	                1 Bit    Registers := 3     
Module ltlib_v1_0_0_async_edge_xfer 
Detailed RTL Component Info : 
+---XORs : 
	   2 Input      1 Bit         XORs := 1     
+---Registers : 
	                1 Bit    Registers := 5     
Module ltlib_v1_0_0_rising_edge_detection 
Detailed RTL Component Info : 
+---Registers : 
	                2 Bit    Registers := 1     
	                1 Bit    Registers := 1     
+---Muxes : 
	   2 Input      2 Bit        Muxes := 2     
Module ila_v6_2_8_ila_reset_ctrl 
Detailed RTL Component Info : 
+---Registers : 
	                6 Bit    Registers := 1     
	                1 Bit    Registers := 2     
Module ltlib_v1_0_0_cfglut7 
Detailed RTL Component Info : 
+---Registers : 
	                1 Bit    Registers := 1     
+---Muxes : 
	   2 Input      1 Bit        Muxes := 3     
Module ltlib_v1_0_0_cfglut6 
Detailed RTL Component Info : 
+---Muxes : 
	   2 Input      1 Bit        Muxes := 1     
Module ltlib_v1_0_0_allx_typeA_nodelay 
Detailed RTL Component Info : 
+---Registers : 
	               10 Bit    Registers := 1     
Module ila_v6_2_8_ila_cap_sample_counter 
Detailed RTL Component Info : 
+---Adders : 
	   2 Input     10 Bit       Adders := 1     
+---Registers : 
	               10 Bit    Registers := 1     
Module ila_v6_2_8_ila_cap_window_counter 
Detailed RTL Component Info : 
+---Adders : 
	   2 Input     10 Bit       Adders := 1     
+---Registers : 
	               10 Bit    Registers := 1     
Module ila_v6_2_8_ila_cap_addrgen 
Detailed RTL Component Info : 
+---Registers : 
	               33 Bit    Registers := 2     
	               16 Bit    Registers := 1     
	               10 Bit    Registers := 3     
	                1 Bit    Registers := 2     
+---Muxes : 
	   2 Input      1 Bit        Muxes := 10    
Module ltlib_v1_0_0_cfglut6__parameterized0 
Detailed RTL Component Info : 
+---Registers : 
	                1 Bit    Registers := 1     
+---Muxes : 
	   2 Input      1 Bit        Muxes := 1     
Module ila_v6_2_8_ila_cap_ctrl_legacy 
Detailed RTL Component Info : 
+---Registers : 
	                1 Bit    Registers := 3     
+---Muxes : 
	   2 Input      1 Bit        Muxes := 1     
	   4 Input      1 Bit        Muxes := 1     
Module ltlib_v1_0_0_generic_memrd 
Detailed RTL Component Info : 
+---Adders : 
	   2 Input     10 Bit       Adders := 1     
	   2 Input      4 Bit       Adders := 1     
+---Registers : 
	              144 Bit    Registers := 1     
	               10 Bit    Registers := 1     
	                7 Bit    Registers := 1     
	                4 Bit    Registers := 3     
	                1 Bit    Registers := 3     
+---Muxes : 
	   8 Input     10 Bit        Muxes := 1     
	   3 Input      7 Bit        Muxes := 1     
	   8 Input      7 Bit        Muxes := 1     
	   2 Input      4 Bit        Muxes := 1     
	   8 Input      4 Bit        Muxes := 1     
	   2 Input      2 Bit        Muxes := 1     
	   8 Input      1 Bit        Muxes := 5     
Module ila_v6_2_8_ila_core 
Detailed RTL Component Info : 
+---Registers : 
	              128 Bit    Registers := 9     
	               16 Bit    Registers := 2     
	                2 Bit    Registers := 3     
	                1 Bit    Registers := 5     
+---Muxes : 
	   2 Input    128 Bit        Muxes := 1     
Module ila_v6_2_8_ila 
Detailed RTL Component Info : 
+---Registers : 
	                1 Bit    Registers := 6     
---------------------------------------------------------------------------------
Finished RTL Hierarchical Component Statistics
---------------------------------------------------------------------------------
---------------------------------------------------------------------------------
Start Part Resource Summary
---------------------------------------------------------------------------------
Part Resources:
DSPs: 220 (col length:60)
BRAMs: 280 (col length: RAMB18 60 RAMB36 30)
---------------------------------------------------------------------------------
Finished Part Resource Summary
---------------------------------------------------------------------------------
---------------------------------------------------------------------------------
Start Cross Boundary and Area Optimization
---------------------------------------------------------------------------------
Warning: Parallel synthesis criteria is not met 
INFO: [Synth 8-5544] ROM "reg_srl_fff/" won't be mapped to Block RAM because address size (4) smaller than threshold (5)
INFO: [Synth 8-5544] ROM "reg_srl_fff/" won't be mapped to Block RAM because address size (4) smaller than threshold (5)
INFO: [Synth 8-5544] ROM "reg_srl_fff/data_out_sel" won't be mapped to Block RAM because address size (4) smaller than threshold (5)
INFO: [Synth 8-5544] ROM "reg_srl_fff/shift_en" won't be mapped to Block RAM because address size (4) smaller than threshold (5)
INFO: [Synth 8-5544] ROM "reg_srl_fff/" won't be mapped to Block RAM because address size (4) smaller than threshold (5)
INFO: [Synth 8-5544] ROM "MU_SRL[0].mu_srl_reg/" won't be mapped to Block RAM because address size (4) smaller than threshold (5)
INFO: [Synth 8-5544] ROM "MU_SRL[0].mu_srl_reg/" won't be mapped to Block RAM because address size (4) smaller than threshold (5)
INFO: [Synth 8-5544] ROM "MU_SRL[0].mu_srl_reg/data_out_sel" won't be mapped to Block RAM because address size (4) smaller than threshold (5)
INFO: [Synth 8-5544] ROM "MU_SRL[0].mu_srl_reg/shift_en" won't be mapped to Block RAM because address size (4) smaller than threshold (5)
INFO: [Synth 8-5544] ROM "MU_SRL[0].mu_srl_reg/" won't be mapped to Block RAM because address size (4) smaller than threshold (5)
INFO: [Synth 8-5544] ROM "TC_SRL[0].tc_srl_reg/" won't be mapped to Block RAM because address size (4) smaller than threshold (5)
INFO: [Synth 8-5544] ROM "TC_SRL[0].tc_srl_reg/" won't be mapped to Block RAM because address size (4) smaller than threshold (5)
INFO: [Synth 8-5544] ROM "TC_SRL[0].tc_srl_reg/data_out_sel" won't be mapped to Block RAM because address size (4) smaller than threshold (5)
INFO: [Synth 8-5544] ROM "TC_SRL[0].tc_srl_reg/shift_en" won't be mapped to Block RAM because address size (4) smaller than threshold (5)
INFO: [Synth 8-5544] ROM "TC_SRL[0].tc_srl_reg/" won't be mapped to Block RAM because address size (4) smaller than threshold (5)
INFO: [Synth 8-5546] ROM "drdy_mux_temp" won't be mapped to RAM because it is too sparse
INFO: [Synth 8-5544] ROM "reg_srl_fff/" won't be mapped to Block RAM because address size (4) smaller than threshold (5)
INFO: [Synth 8-5544] ROM "reg_srl_fff/" won't be mapped to Block RAM because address size (4) smaller than threshold (5)
INFO: [Synth 8-5544] ROM "MU_SRL[0].mu_srl_reg/" won't be mapped to Block RAM because address size (4) smaller than threshold (5)
INFO: [Synth 8-5544] ROM "MU_SRL[0].mu_srl_reg/" won't be mapped to Block RAM because address size (4) smaller than threshold (5)
INFO: [Synth 8-5544] ROM "TC_SRL[0].tc_srl_reg/" won't be mapped to Block RAM because address size (4) smaller than threshold (5)
INFO: [Synth 8-5544] ROM "TC_SRL[0].tc_srl_reg/" won't be mapped to Block RAM because address size (4) smaller than threshold (5)
INFO: [Synth 8-5546] ROM "drdy_mux_temp" won't be mapped to RAM because it is too sparse
INFO: [Synth 8-5546] ROM "ila_core_inst/xsdb_memory_read_inst/curr_read_block" won't be mapped to RAM because it is too sparse
INFO: [Synth 8-5546] ROM "ila_core_inst/xsdb_memory_read_inst/read_en" won't be mapped to RAM because it is too sparse
INFO: [Synth 8-5546] ROM "ila_core_inst/xsdb_memory_read_inst/read_addr" won't be mapped to RAM because it is too sparse
INFO: [Synth 8-3333] propagating constant 0 across sequential element (inst/\ila_core_inst/u_ila_regs/shift_reg1_reg[1008] )
INFO: [Synth 8-3333] propagating constant 0 across sequential element (inst/\ila_core_inst/u_ila_regs/shift_reg0_reg[1008] )
INFO: [Synth 8-3333] propagating constant 0 across sequential element (inst/\ila_core_inst/u_ila_regs/shift_reg1_reg[1009] )
INFO: [Synth 8-3333] propagating constant 0 across sequential element (inst/\ila_core_inst/u_ila_regs/shift_reg0_reg[1009] )
INFO: [Synth 8-3333] propagating constant 0 across sequential element (inst/\ila_core_inst/u_ila_regs/shift_reg1_reg[1010] )
INFO: [Synth 8-3333] propagating constant 0 across sequential element (inst/\ila_core_inst/u_ila_regs/shift_reg0_reg[1010] )
INFO: [Synth 8-3333] propagating constant 0 across sequential element (inst/\ila_core_inst/u_ila_regs/shift_reg1_reg[1011] )
INFO: [Synth 8-3333] propagating constant 0 across sequential element (inst/\ila_core_inst/u_ila_regs/shift_reg0_reg[1011] )
INFO: [Synth 8-3333] propagating constant 0 across sequential element (inst/\ila_core_inst/u_ila_regs/shift_reg1_reg[1012] )
INFO: [Synth 8-3333] propagating constant 0 across sequential element (inst/\ila_core_inst/u_ila_regs/shift_reg0_reg[1012] )
INFO: [Synth 8-3333] propagating constant 0 across sequential element (inst/\ila_core_inst/u_ila_regs/shift_reg1_reg[1013] )
INFO: [Synth 8-3333] propagating constant 0 across sequential element (inst/\ila_core_inst/u_ila_regs/shift_reg0_reg[1013] )
INFO: [Synth 8-3333] propagating constant 0 across sequential element (inst/\ila_core_inst/u_ila_regs/shift_reg1_reg[1014] )
INFO: [Synth 8-3333] propagating constant 0 across sequential element (inst/\ila_core_inst/u_ila_regs/shift_reg0_reg[1014] )
INFO: [Synth 8-3333] propagating constant 0 across sequential element (inst/\ila_core_inst/u_ila_regs/shift_reg1_reg[1015] )
INFO: [Synth 8-3333] propagating constant 0 across sequential element (inst/\ila_core_inst/u_ila_regs/shift_reg0_reg[1015] )
INFO: [Synth 8-3333] propagating constant 0 across sequential element (inst/\ila_core_inst/u_ila_regs/shift_reg1_reg[1016] )
INFO: [Synth 8-3333] propagating constant 0 across sequential element (inst/\ila_core_inst/u_ila_regs/shift_reg0_reg[1016] )
INFO: [Synth 8-3333] propagating constant 0 across sequential element (inst/\ila_core_inst/u_ila_regs/shift_reg1_reg[1017] )
INFO: [Synth 8-3333] propagating constant 0 across sequential element (inst/\ila_core_inst/u_ila_regs/shift_reg0_reg[1017] )
INFO: [Synth 8-3333] propagating constant 0 across sequential element (inst/\ila_core_inst/u_ila_regs/shift_reg1_reg[1018] )
INFO: [Synth 8-3333] propagating constant 0 across sequential element (inst/\ila_core_inst/u_ila_regs/shift_reg0_reg[1018] )
INFO: [Synth 8-3333] propagating constant 0 across sequential element (inst/\ila_core_inst/u_ila_regs/shift_reg1_reg[1019] )
INFO: [Synth 8-3333] propagating constant 0 across sequential element (inst/\ila_core_inst/u_ila_regs/shift_reg0_reg[1019] )
INFO: [Synth 8-3333] propagating constant 0 across sequential element (inst/\ila_core_inst/u_ila_regs/shift_reg1_reg[1020] )
INFO: [Synth 8-3333] propagating constant 0 across sequential element (inst/\ila_core_inst/u_ila_regs/shift_reg0_reg[1020] )
INFO: [Synth 8-3333] propagating constant 0 across sequential element (inst/\ila_core_inst/u_ila_regs/shift_reg1_reg[1021] )
INFO: [Synth 8-3333] propagating constant 0 across sequential element (inst/\ila_core_inst/u_ila_regs/shift_reg0_reg[1021] )
INFO: [Synth 8-3333] propagating constant 0 across sequential element (inst/\ila_core_inst/u_ila_regs/shift_reg1_reg[1022] )
INFO: [Synth 8-3333] propagating constant 0 across sequential element (inst/\ila_core_inst/u_ila_regs/shift_reg0_reg[1022] )
INFO: [Synth 8-3333] propagating constant 0 across sequential element (inst/\ila_core_inst/u_ila_regs/shift_reg1_reg[1023] )
INFO: [Synth 8-3333] propagating constant 0 across sequential element (inst/\ila_core_inst/u_ila_regs/shift_reg0_reg[1023] )
INFO: [Synth 8-3333] propagating constant 0 across sequential element (inst/\ila_core_inst/u_trig/shift_cap_strg_qual_reg )
INFO: [Synth 8-3886] merging instance 'inst/ila_core_inst/u_ila_regs/slaveRegDo_ff8_reg[0]' (FDRE) to 'inst/ila_core_inst/u_ila_regs/slaveRegDo_ff8_reg[5]'
INFO: [Synth 8-3333] propagating constant 1 across sequential element (inst/\ila_core_inst/u_ila_regs/slaveRegDo_ff7_reg[0] )
INFO: [Synth 8-3886] merging instance 'inst/ila_core_inst/u_ila_regs/reg_88f/I_EN_STAT_EQ1.U_STAT/xsdb_reg_reg[0]' (FDE) to 'inst/ila_core_inst/u_ila_regs/reg_88f/I_EN_STAT_EQ1.U_STAT/xsdb_reg_reg[1]'
INFO: [Synth 8-3886] merging instance 'inst/ila_core_inst/u_ila_regs/reg_892/I_EN_STAT_EQ1.U_STAT/xsdb_reg_reg[0]' (FDE) to 'inst/ila_core_inst/u_ila_regs/reg_88f/I_EN_STAT_EQ1.U_STAT/xsdb_reg_reg[1]'
INFO: [Synth 8-3886] merging instance 'inst/ila_core_inst/u_ila_regs/reg_887/I_EN_STAT_EQ1.U_STAT/xsdb_reg_reg[0]' (FDE) to 'inst/ila_core_inst/u_ila_regs/reg_88f/I_EN_STAT_EQ1.U_STAT/xsdb_reg_reg[1]'
INFO: [Synth 8-3886] merging instance 'inst/ila_core_inst/u_ila_regs/reg_14/I_EN_STAT_EQ1.U_STAT/xsdb_reg_reg[0]' (FDE) to 'inst/ila_core_inst/u_ila_regs/reg_88f/I_EN_STAT_EQ1.U_STAT/xsdb_reg_reg[1]'
INFO: [Synth 8-3886] merging instance 'inst/ila_core_inst/u_ila_regs/reg_13/I_EN_STAT_EQ1.U_STAT/xsdb_reg_reg[0]' (FDE) to 'inst/ila_core_inst/u_ila_regs/reg_88f/I_EN_STAT_EQ1.U_STAT/xsdb_reg_reg[1]'
INFO: [Synth 8-3886] merging instance 'inst/ila_core_inst/u_ila_regs/reg_12/I_EN_STAT_EQ1.U_STAT/xsdb_reg_reg[0]' (FDE) to 'inst/ila_core_inst/u_ila_regs/reg_88f/I_EN_STAT_EQ1.U_STAT/xsdb_reg_reg[1]'
INFO: [Synth 8-3886] merging instance 'inst/ila_core_inst/u_ila_regs/reg_11/I_EN_STAT_EQ1.U_STAT/xsdb_reg_reg[0]' (FDE) to 'inst/ila_core_inst/u_ila_regs/reg_88f/I_EN_STAT_EQ1.U_STAT/xsdb_reg_reg[1]'
INFO: [Synth 8-3886] merging instance 'inst/ila_core_inst/u_ila_regs/reg_10/I_EN_STAT_EQ1.U_STAT/xsdb_reg_reg[0]' (FDE) to 'inst/ila_core_inst/u_ila_regs/reg_88f/I_EN_STAT_EQ1.U_STAT/xsdb_reg_reg[1]'
INFO: [Synth 8-3886] merging instance 'inst/ila_core_inst/u_ila_regs/reg_f/I_EN_STAT_EQ1.U_STAT/xsdb_reg_reg[0]' (FDE) to 'inst/ila_core_inst/u_ila_regs/reg_88f/I_EN_STAT_EQ1.U_STAT/xsdb_reg_reg[1]'
INFO: [Synth 8-3886] merging instance 'inst/ila_core_inst/u_ila_regs/reg_e/I_EN_STAT_EQ1.U_STAT/xsdb_reg_reg[0]' (FDE) to 'inst/ila_core_inst/u_ila_regs/reg_88f/I_EN_STAT_EQ1.U_STAT/xsdb_reg_reg[1]'
INFO: [Synth 8-3886] merging instance 'inst/ila_core_inst/u_ila_regs/reg_d/I_EN_STAT_EQ1.U_STAT/xsdb_reg_reg[0]' (FDE) to 'inst/ila_core_inst/u_ila_regs/reg_88f/I_EN_STAT_EQ1.U_STAT/xsdb_reg_reg[1]'
INFO: [Synth 8-3886] merging instance 'inst/ila_core_inst/u_ila_regs/reg_c/I_EN_STAT_EQ1.U_STAT/xsdb_reg_reg[0]' (FDE) to 'inst/ila_core_inst/u_ila_regs/reg_88f/I_EN_STAT_EQ1.U_STAT/xsdb_reg_reg[1]'
INFO: [Synth 8-3886] merging instance 'inst/ila_core_inst/u_ila_regs/reg_b/I_EN_STAT_EQ1.U_STAT/xsdb_reg_reg[0]' (FDE) to 'inst/ila_core_inst/u_ila_regs/reg_88f/I_EN_STAT_EQ1.U_STAT/xsdb_reg_reg[1]'
INFO: [Synth 8-3886] merging instance 'inst/ila_core_inst/u_ila_regs/reg_3/I_EN_STAT_EQ1.U_STAT/xsdb_reg_reg[0]' (FDE) to 'inst/ila_core_inst/u_ila_regs/reg_1/I_EN_STAT_EQ1.U_STAT/xsdb_reg_reg[10]'
INFO: [Synth 8-3886] merging instance 'inst/ila_core_inst/u_ila_regs/reg_2/I_EN_STAT_EQ1.U_STAT/xsdb_reg_reg[0]' (FDE) to 'inst/ila_core_inst/u_ila_regs/reg_88f/I_EN_STAT_EQ1.U_STAT/xsdb_reg_reg[1]'
INFO: [Synth 8-3886] merging instance 'inst/ila_core_inst/u_ila_regs/reg_1/I_EN_STAT_EQ1.U_STAT/xsdb_reg_reg[0]' (FDE) to 'inst/ila_core_inst/u_ila_regs/reg_88f/I_EN_STAT_EQ1.U_STAT/xsdb_reg_reg[1]'
INFO: [Synth 8-3886] merging instance 'inst/ila_core_inst/u_ila_regs/reg_0/I_EN_STAT_EQ1.U_STAT/xsdb_reg_reg[0]' (FDE) to 'inst/ila_core_inst/u_ila_regs/reg_88f/I_EN_STAT_EQ1.U_STAT/xsdb_reg_reg[1]'
INFO: [Synth 8-3886] merging instance 'inst/ila_core_inst/u_ila_regs/slaveRegDo_ff8_reg[1]' (FDRE) to 'inst/ila_core_inst/u_ila_regs/slaveRegDo_ff8_reg[4]'
INFO: [Synth 8-3333] propagating constant 0 across sequential element (inst/\ila_core_inst/u_ila_regs/slaveRegDo_ff7_reg[1] )
INFO: [Synth 8-3886] merging instance 'inst/ila_core_inst/u_ila_regs/reg_88f/I_EN_STAT_EQ1.U_STAT/xsdb_reg_reg[1]' (FDE) to 'inst/ila_core_inst/u_ila_regs/reg_88f/I_EN_STAT_EQ1.U_STAT/xsdb_reg_reg[2]'
INFO: [Synth 8-3886] merging instance 'inst/ila_core_inst/u_ila_regs/reg_892/I_EN_STAT_EQ1.U_STAT/xsdb_reg_reg[1]' (FDE) to 'inst/ila_core_inst/u_ila_regs/reg_88f/I_EN_STAT_EQ1.U_STAT/xsdb_reg_reg[2]'
INFO: [Synth 8-3886] merging instance 'inst/ila_core_inst/u_ila_regs/reg_887/I_EN_STAT_EQ1.U_STAT/xsdb_reg_reg[1]' (FDE) to 'inst/ila_core_inst/u_ila_regs/reg_88f/I_EN_STAT_EQ1.U_STAT/xsdb_reg_reg[2]'
INFO: [Synth 8-3886] merging instance 'inst/ila_core_inst/u_ila_regs/reg_14/I_EN_STAT_EQ1.U_STAT/xsdb_reg_reg[1]' (FDE) to 'inst/ila_core_inst/u_ila_regs/reg_88f/I_EN_STAT_EQ1.U_STAT/xsdb_reg_reg[2]'
INFO: [Synth 8-3886] merging instance 'inst/ila_core_inst/u_ila_regs/reg_13/I_EN_STAT_EQ1.U_STAT/xsdb_reg_reg[1]' (FDE) to 'inst/ila_core_inst/u_ila_regs/reg_88f/I_EN_STAT_EQ1.U_STAT/xsdb_reg_reg[2]'
INFO: [Synth 8-3886] merging instance 'inst/ila_core_inst/u_ila_regs/reg_12/I_EN_STAT_EQ1.U_STAT/xsdb_reg_reg[1]' (FDE) to 'inst/ila_core_inst/u_ila_regs/reg_88f/I_EN_STAT_EQ1.U_STAT/xsdb_reg_reg[2]'
INFO: [Synth 8-3886] merging instance 'inst/ila_core_inst/u_ila_regs/reg_11/I_EN_STAT_EQ1.U_STAT/xsdb_reg_reg[1]' (FDE) to 'inst/ila_core_inst/u_ila_regs/reg_88f/I_EN_STAT_EQ1.U_STAT/xsdb_reg_reg[2]'
INFO: [Synth 8-3886] merging instance 'inst/ila_core_inst/u_ila_regs/reg_10/I_EN_STAT_EQ1.U_STAT/xsdb_reg_reg[1]' (FDE) to 'inst/ila_core_inst/u_ila_regs/reg_88f/I_EN_STAT_EQ1.U_STAT/xsdb_reg_reg[2]'
INFO: [Synth 8-3886] merging instance 'inst/ila_core_inst/u_ila_regs/reg_f/I_EN_STAT_EQ1.U_STAT/xsdb_reg_reg[1]' (FDE) to 'inst/ila_core_inst/u_ila_regs/reg_88f/I_EN_STAT_EQ1.U_STAT/xsdb_reg_reg[2]'
INFO: [Synth 8-3886] merging instance 'inst/ila_core_inst/u_ila_regs/reg_e/I_EN_STAT_EQ1.U_STAT/xsdb_reg_reg[1]' (FDE) to 'inst/ila_core_inst/u_ila_regs/reg_88f/I_EN_STAT_EQ1.U_STAT/xsdb_reg_reg[2]'
INFO: [Synth 8-3886] merging instance 'inst/ila_core_inst/u_ila_regs/reg_d/I_EN_STAT_EQ1.U_STAT/xsdb_reg_reg[1]' (FDE) to 'inst/ila_core_inst/u_ila_regs/reg_88f/I_EN_STAT_EQ1.U_STAT/xsdb_reg_reg[2]'
INFO: [Synth 8-3886] merging instance 'inst/ila_core_inst/u_ila_regs/reg_c/I_EN_STAT_EQ1.U_STAT/xsdb_reg_reg[1]' (FDE) to 'inst/ila_core_inst/u_ila_regs/reg_88f/I_EN_STAT_EQ1.U_STAT/xsdb_reg_reg[2]'
INFO: [Synth 8-3886] merging instance 'inst/ila_core_inst/u_ila_regs/reg_b/I_EN_STAT_EQ1.U_STAT/xsdb_reg_reg[1]' (FDE) to 'inst/ila_core_inst/u_ila_regs/reg_88f/I_EN_STAT_EQ1.U_STAT/xsdb_reg_reg[2]'
INFO: [Synth 8-3886] merging instance 'inst/ila_core_inst/u_ila_regs/reg_3/I_EN_STAT_EQ1.U_STAT/xsdb_reg_reg[1]' (FDE) to 'inst/ila_core_inst/u_ila_regs/reg_88f/I_EN_STAT_EQ1.U_STAT/xsdb_reg_reg[2]'
INFO: [Synth 8-3886] merging instance 'inst/ila_core_inst/u_ila_regs/reg_2/I_EN_STAT_EQ1.U_STAT/xsdb_reg_reg[1]' (FDE) to 'inst/ila_core_inst/u_ila_regs/reg_88f/I_EN_STAT_EQ1.U_STAT/xsdb_reg_reg[2]'
INFO: [Synth 8-3886] merging instance 'inst/ila_core_inst/u_ila_regs/reg_1/I_EN_STAT_EQ1.U_STAT/xsdb_reg_reg[1]' (FDE) to 'inst/ila_core_inst/u_ila_regs/reg_88f/I_EN_STAT_EQ1.U_STAT/xsdb_reg_reg[2]'
INFO: [Synth 8-3886] merging instance 'inst/ila_core_inst/u_ila_regs/reg_0/I_EN_STAT_EQ1.U_STAT/xsdb_reg_reg[1]' (FDE) to 'inst/ila_core_inst/u_ila_regs/reg_88f/I_EN_STAT_EQ1.U_STAT/xsdb_reg_reg[2]'
INFO: [Synth 8-3886] merging instance 'inst/ila_core_inst/u_ila_regs/slaveRegDo_ff8_reg[2]' (FDRE) to 'inst/ila_core_inst/u_ila_regs/slaveRegDo_ff8_reg[4]'
INFO: [Synth 8-3333] propagating constant 0 across sequential element (inst/\ila_core_inst/u_ila_regs/slaveRegDo_ff7_reg[2] )
INFO: [Synth 8-3886] merging instance 'inst/ila_core_inst/u_ila_regs/reg_88f/I_EN_STAT_EQ1.U_STAT/xsdb_reg_reg[2]' (FDE) to 'inst/ila_core_inst/u_ila_regs/reg_88f/I_EN_STAT_EQ1.U_STAT/xsdb_reg_reg[3]'
INFO: [Synth 8-3886] merging instance 'inst/ila_core_inst/u_ila_regs/reg_892/I_EN_STAT_EQ1.U_STAT/xsdb_reg_reg[2]' (FDE) to 'inst/ila_core_inst/u_ila_regs/reg_88f/I_EN_STAT_EQ1.U_STAT/xsdb_reg_reg[3]'
INFO: [Synth 8-3886] merging instance 'inst/ila_core_inst/u_ila_regs/reg_887/I_EN_STAT_EQ1.U_STAT/xsdb_reg_reg[2]' (FDE) to 'inst/ila_core_inst/u_ila_regs/reg_88f/I_EN_STAT_EQ1.U_STAT/xsdb_reg_reg[3]'
INFO: [Synth 8-3886] merging instance 'inst/ila_core_inst/u_ila_regs/reg_14/I_EN_STAT_EQ1.U_STAT/xsdb_reg_reg[2]' (FDE) to 'inst/ila_core_inst/u_ila_regs/reg_88f/I_EN_STAT_EQ1.U_STAT/xsdb_reg_reg[3]'
INFO: [Synth 8-3886] merging instance 'inst/ila_core_inst/u_ila_regs/reg_13/I_EN_STAT_EQ1.U_STAT/xsdb_reg_reg[2]' (FDE) to 'inst/ila_core_inst/u_ila_regs/reg_88f/I_EN_STAT_EQ1.U_STAT/xsdb_reg_reg[3]'
INFO: [Synth 8-3886] merging instance 'inst/ila_core_inst/u_ila_regs/reg_12/I_EN_STAT_EQ1.U_STAT/xsdb_reg_reg[2]' (FDE) to 'inst/ila_core_inst/u_ila_regs/reg_88f/I_EN_STAT_EQ1.U_STAT/xsdb_reg_reg[3]'
INFO: [Synth 8-3886] merging instance 'inst/ila_core_inst/u_ila_regs/reg_11/I_EN_STAT_EQ1.U_STAT/xsdb_reg_reg[2]' (FDE) to 'inst/ila_core_inst/u_ila_regs/reg_88f/I_EN_STAT_EQ1.U_STAT/xsdb_reg_reg[3]'
INFO: [Synth 8-3886] merging instance 'inst/ila_core_inst/u_ila_regs/reg_10/I_EN_STAT_EQ1.U_STAT/xsdb_reg_reg[2]' (FDE) to 'inst/ila_core_inst/u_ila_regs/reg_88f/I_EN_STAT_EQ1.U_STAT/xsdb_reg_reg[3]'
INFO: [Synth 8-3886] merging instance 'inst/ila_core_inst/u_ila_regs/reg_f/I_EN_STAT_EQ1.U_STAT/xsdb_reg_reg[2]' (FDE) to 'inst/ila_core_inst/u_ila_regs/reg_88f/I_EN_STAT_EQ1.U_STAT/xsdb_reg_reg[3]'
INFO: [Synth 8-3886] merging instance 'inst/ila_core_inst/u_ila_regs/reg_e/I_EN_STAT_EQ1.U_STAT/xsdb_reg_reg[2]' (FDE) to 'inst/ila_core_inst/u_ila_regs/reg_88f/I_EN_STAT_EQ1.U_STAT/xsdb_reg_reg[3]'
INFO: [Synth 8-3886] merging instance 'inst/ila_core_inst/u_ila_regs/reg_d/I_EN_STAT_EQ1.U_STAT/xsdb_reg_reg[2]' (FDE) to 'inst/ila_core_inst/u_ila_regs/reg_88f/I_EN_STAT_EQ1.U_STAT/xsdb_reg_reg[3]'
INFO: [Synth 8-3886] merging instance 'inst/ila_core_inst/u_ila_regs/reg_c/I_EN_STAT_EQ1.U_STAT/xsdb_reg_reg[2]' (FDE) to 'inst/ila_core_inst/u_ila_regs/reg_88f/I_EN_STAT_EQ1.U_STAT/xsdb_reg_reg[3]'
INFO: [Synth 8-3886] merging instance 'inst/ila_core_inst/u_ila_regs/reg_b/I_EN_STAT_EQ1.U_STAT/xsdb_reg_reg[2]' (FDE) to 'inst/ila_core_inst/u_ila_regs/reg_88f/I_EN_STAT_EQ1.U_STAT/xsdb_reg_reg[3]'
INFO: [Synth 8-3886] merging instance 'inst/ila_core_inst/u_ila_regs/reg_3/I_EN_STAT_EQ1.U_STAT/xsdb_reg_reg[2]' (FDE) to 'inst/ila_core_inst/u_ila_regs/reg_88f/I_EN_STAT_EQ1.U_STAT/xsdb_reg_reg[3]'
INFO: [Synth 8-3886] merging instance 'inst/ila_core_inst/u_ila_regs/reg_2/I_EN_STAT_EQ1.U_STAT/xsdb_reg_reg[2]' (FDE) to 'inst/ila_core_inst/u_ila_regs/reg_88f/I_EN_STAT_EQ1.U_STAT/xsdb_reg_reg[3]'
INFO: [Synth 8-3886] merging instance 'inst/ila_core_inst/u_ila_regs/reg_1/I_EN_STAT_EQ1.U_STAT/xsdb_reg_reg[2]' (FDE) to 'inst/ila_core_inst/u_ila_regs/reg_88f/I_EN_STAT_EQ1.U_STAT/xsdb_reg_reg[3]'
INFO: [Synth 8-3886] merging instance 'inst/ila_core_inst/u_ila_regs/reg_0/I_EN_STAT_EQ1.U_STAT/xsdb_reg_reg[2]' (FDE) to 'inst/ila_core_inst/u_ila_regs/reg_88f/I_EN_STAT_EQ1.U_STAT/xsdb_reg_reg[3]'
INFO: [Synth 8-3886] merging instance 'inst/ila_core_inst/u_ila_regs/slaveRegDo_ff8_reg[3]' (FDRE) to 'inst/ila_core_inst/u_ila_regs/slaveRegDo_ff8_reg[4]'
INFO: [Synth 8-3333] propagating constant 0 across sequential element (inst/\ila_core_inst/u_ila_regs/slaveRegDo_ff7_reg[3] )
INFO: [Synth 8-3886] merging instance 'inst/ila_core_inst/u_ila_regs/reg_88f/I_EN_STAT_EQ1.U_STAT/xsdb_reg_reg[3]' (FDE) to 'inst/ila_core_inst/u_ila_regs/reg_88f/I_EN_STAT_EQ1.U_STAT/xsdb_reg_reg[4]'
INFO: [Synth 8-3886] merging instance 'inst/ila_core_inst/u_ila_regs/reg_892/I_EN_STAT_EQ1.U_STAT/xsdb_reg_reg[3]' (FDE) to 'inst/ila_core_inst/u_ila_regs/reg_88f/I_EN_STAT_EQ1.U_STAT/xsdb_reg_reg[4]'
INFO: [Synth 8-3886] merging instance 'inst/ila_core_inst/u_ila_regs/reg_14/I_EN_STAT_EQ1.U_STAT/xsdb_reg_reg[3]' (FDE) to 'inst/ila_core_inst/u_ila_regs/reg_88f/I_EN_STAT_EQ1.U_STAT/xsdb_reg_reg[4]'
INFO: [Synth 8-3886] merging instance 'inst/ila_core_inst/u_ila_regs/reg_13/I_EN_STAT_EQ1.U_STAT/xsdb_reg_reg[3]' (FDE) to 'inst/ila_core_inst/u_ila_regs/reg_88f/I_EN_STAT_EQ1.U_STAT/xsdb_reg_reg[4]'
INFO: [Synth 8-3886] merging instance 'inst/ila_core_inst/u_ila_regs/reg_12/I_EN_STAT_EQ1.U_STAT/xsdb_reg_reg[3]' (FDE) to 'inst/ila_core_inst/u_ila_regs/reg_88f/I_EN_STAT_EQ1.U_STAT/xsdb_reg_reg[4]'
INFO: [Synth 8-3886] merging instance 'inst/ila_core_inst/u_ila_regs/reg_11/I_EN_STAT_EQ1.U_STAT/xsdb_reg_reg[3]' (FDE) to 'inst/ila_core_inst/u_ila_regs/reg_88f/I_EN_STAT_EQ1.U_STAT/xsdb_reg_reg[4]'
INFO: [Synth 8-3886] merging instance 'inst/ila_core_inst/u_ila_regs/reg_10/I_EN_STAT_EQ1.U_STAT/xsdb_reg_reg[3]' (FDE) to 'inst/ila_core_inst/u_ila_regs/reg_88f/I_EN_STAT_EQ1.U_STAT/xsdb_reg_reg[4]'
INFO: [Synth 8-3886] merging instance 'inst/ila_core_inst/u_ila_regs/reg_f/I_EN_STAT_EQ1.U_STAT/xsdb_reg_reg[3]' (FDE) to 'inst/ila_core_inst/u_ila_regs/reg_88f/I_EN_STAT_EQ1.U_STAT/xsdb_reg_reg[4]'
INFO: [Synth 8-3886] merging instance 'inst/ila_core_inst/u_ila_regs/reg_e/I_EN_STAT_EQ1.U_STAT/xsdb_reg_reg[3]' (FDE) to 'inst/ila_core_inst/u_ila_regs/reg_88f/I_EN_STAT_EQ1.U_STAT/xsdb_reg_reg[4]'
INFO: [Synth 8-3886] merging instance 'inst/ila_core_inst/u_ila_regs/reg_d/I_EN_STAT_EQ1.U_STAT/xsdb_reg_reg[3]' (FDE) to 'inst/ila_core_inst/u_ila_regs/reg_88f/I_EN_STAT_EQ1.U_STAT/xsdb_reg_reg[4]'
INFO: [Synth 8-3886] merging instance 'inst/ila_core_inst/u_ila_regs/reg_c/I_EN_STAT_EQ1.U_STAT/xsdb_reg_reg[3]' (FDE) to 'inst/ila_core_inst/u_ila_regs/reg_88f/I_EN_STAT_EQ1.U_STAT/xsdb_reg_reg[4]'
INFO: [Synth 8-3886] merging instance 'inst/ila_core_inst/u_ila_regs/reg_b/I_EN_STAT_EQ1.U_STAT/xsdb_reg_reg[3]' (FDE) to 'inst/ila_core_inst/u_ila_regs/reg_88f/I_EN_STAT_EQ1.U_STAT/xsdb_reg_reg[4]'
INFO: [Synth 8-3886] merging instance 'inst/ila_core_inst/u_ila_regs/reg_3/I_EN_STAT_EQ1.U_STAT/xsdb_reg_reg[3]' (FDE) to 'inst/ila_core_inst/u_ila_regs/reg_88f/I_EN_STAT_EQ1.U_STAT/xsdb_reg_reg[4]'
INFO: [Synth 8-3886] merging instance 'inst/ila_core_inst/u_ila_regs/reg_2/I_EN_STAT_EQ1.U_STAT/xsdb_reg_reg[3]' (FDE) to 'inst/ila_core_inst/u_ila_regs/reg_88f/I_EN_STAT_EQ1.U_STAT/xsdb_reg_reg[4]'
INFO: [Synth 8-3886] merging instance 'inst/ila_core_inst/u_ila_regs/reg_1/I_EN_STAT_EQ1.U_STAT/xsdb_reg_reg[3]' (FDE) to 'inst/ila_core_inst/u_ila_regs/reg_88f/I_EN_STAT_EQ1.U_STAT/xsdb_reg_reg[4]'
INFO: [Synth 8-3886] merging instance 'inst/ila_core_inst/u_ila_regs/reg_0/I_EN_STAT_EQ1.U_STAT/xsdb_reg_reg[3]' (FDE) to 'inst/ila_core_inst/u_ila_regs/reg_88f/I_EN_STAT_EQ1.U_STAT/xsdb_reg_reg[4]'
INFO: [Synth 8-3333] propagating constant 0 across sequential element (inst/\ila_core_inst/u_ila_regs/slaveRegDo_ff7_reg[4] )
INFO: [Synth 8-3886] merging instance 'inst/ila_core_inst/u_ila_regs/reg_88f/I_EN_STAT_EQ1.U_STAT/xsdb_reg_reg[4]' (FDE) to 'inst/ila_core_inst/u_ila_regs/reg_88f/I_EN_STAT_EQ1.U_STAT/xsdb_reg_reg[5]'
INFO: [Synth 8-3886] merging instance 'inst/ila_core_inst/u_ila_regs/reg_887/I_EN_STAT_EQ1.U_STAT/xsdb_reg_reg[4]' (FDE) to 'inst/ila_core_inst/u_ila_regs/reg_88f/I_EN_STAT_EQ1.U_STAT/xsdb_reg_reg[5]'
INFO: [Synth 8-3886] merging instance 'inst/ila_core_inst/u_ila_regs/reg_14/I_EN_STAT_EQ1.U_STAT/xsdb_reg_reg[4]' (FDE) to 'inst/ila_core_inst/u_ila_regs/reg_88f/I_EN_STAT_EQ1.U_STAT/xsdb_reg_reg[5]'
INFO: [Synth 8-3886] merging instance 'inst/ila_core_inst/u_ila_regs/reg_13/I_EN_STAT_EQ1.U_STAT/xsdb_reg_reg[4]' (FDE) to 'inst/ila_core_inst/u_ila_regs/reg_88f/I_EN_STAT_EQ1.U_STAT/xsdb_reg_reg[5]'
INFO: [Synth 8-3886] merging instance 'inst/ila_core_inst/u_ila_regs/reg_12/I_EN_STAT_EQ1.U_STAT/xsdb_reg_reg[4]' (FDE) to 'inst/ila_core_inst/u_ila_regs/reg_88f/I_EN_STAT_EQ1.U_STAT/xsdb_reg_reg[5]'
INFO: [Synth 8-3886] merging instance 'inst/ila_core_inst/u_ila_regs/reg_11/I_EN_STAT_EQ1.U_STAT/xsdb_reg_reg[4]' (FDE) to 'inst/ila_core_inst/u_ila_regs/reg_88f/I_EN_STAT_EQ1.U_STAT/xsdb_reg_reg[5]'
INFO: [Synth 8-3886] merging instance 'inst/ila_core_inst/u_ila_regs/reg_10/I_EN_STAT_EQ1.U_STAT/xsdb_reg_reg[4]' (FDE) to 'inst/ila_core_inst/u_ila_regs/reg_88f/I_EN_STAT_EQ1.U_STAT/xsdb_reg_reg[5]'
INFO: [Synth 8-3886] merging instance 'inst/ila_core_inst/u_ila_regs/reg_f/I_EN_STAT_EQ1.U_STAT/xsdb_reg_reg[4]' (FDE) to 'inst/ila_core_inst/u_ila_regs/reg_88f/I_EN_STAT_EQ1.U_STAT/xsdb_reg_reg[5]'
INFO: [Synth 8-3886] merging instance 'inst/ila_core_inst/u_ila_regs/reg_e/I_EN_STAT_EQ1.U_STAT/xsdb_reg_reg[4]' (FDE) to 'inst/ila_core_inst/u_ila_regs/reg_88f/I_EN_STAT_EQ1.U_STAT/xsdb_reg_reg[5]'
INFO: [Synth 8-3886] merging instance 'inst/ila_core_inst/u_ila_regs/reg_d/I_EN_STAT_EQ1.U_STAT/xsdb_reg_reg[4]' (FDE) to 'inst/ila_core_inst/u_ila_regs/reg_88f/I_EN_STAT_EQ1.U_STAT/xsdb_reg_reg[5]'
INFO: [Synth 8-3886] merging instance 'inst/ila_core_inst/u_ila_regs/reg_c/I_EN_STAT_EQ1.U_STAT/xsdb_reg_reg[4]' (FDE) to 'inst/ila_core_inst/u_ila_regs/reg_88f/I_EN_STAT_EQ1.U_STAT/xsdb_reg_reg[5]'
INFO: [Synth 8-3886] merging instance 'inst/ila_core_inst/u_ila_regs/reg_b/I_EN_STAT_EQ1.U_STAT/xsdb_reg_reg[4]' (FDE) to 'inst/ila_core_inst/u_ila_regs/reg_88f/I_EN_STAT_EQ1.U_STAT/xsdb_reg_reg[5]'
INFO: [Synth 8-3886] merging instance 'inst/ila_core_inst/u_ila_regs/reg_8/I_EN_STAT_EQ1.U_STAT/xsdb_reg_reg[4]' (FDE) to 'inst/ila_core_inst/u_ila_regs/reg_88f/I_EN_STAT_EQ1.U_STAT/xsdb_reg_reg[5]'
INFO: [Synth 8-3886] merging instance 'inst/ila_core_inst/u_ila_regs/reg_3/I_EN_STAT_EQ1.U_STAT/xsdb_reg_reg[4]' (FDE) to 'inst/ila_core_inst/u_ila_regs/reg_88f/I_EN_STAT_EQ1.U_STAT/xsdb_reg_reg[5]'
INFO: [Synth 8-3886] merging instance 'inst/ila_core_inst/u_ila_regs/reg_2/I_EN_STAT_EQ1.U_STAT/xsdb_reg_reg[4]' (FDE) to 'inst/ila_core_inst/u_ila_regs/reg_88f/I_EN_STAT_EQ1.U_STAT/xsdb_reg_reg[5]'
INFO: [Synth 8-3886] merging instance 'inst/ila_core_inst/u_ila_regs/reg_1/I_EN_STAT_EQ1.U_STAT/xsdb_reg_reg[4]' (FDE) to 'inst/ila_core_inst/u_ila_regs/reg_88f/I_EN_STAT_EQ1.U_STAT/xsdb_reg_reg[5]'
INFO: [Synth 8-3886] merging instance 'inst/ila_core_inst/u_ila_regs/reg_0/I_EN_STAT_EQ1.U_STAT/xsdb_reg_reg[4]' (FDE) to 'inst/ila_core_inst/u_ila_regs/reg_88f/I_EN_STAT_EQ1.U_STAT/xsdb_reg_reg[5]'
INFO: [Synth 8-3886] merging instance 'inst/ila_core_inst/u_ila_regs/slaveRegDo_ff8_reg[5]' (FDRE) to 'inst/ila_core_inst/u_ila_regs/slaveRegDo_ff8_reg[6]'
INFO: [Synth 8-3333] propagating constant 0 across sequential element (inst/\ila_core_inst/u_ila_regs/slaveRegDo_ff7_reg[5] )
INFO: [Synth 8-3886] merging instance 'inst/ila_core_inst/u_ila_regs/reg_88f/I_EN_STAT_EQ1.U_STAT/xsdb_reg_reg[5]' (FDE) to 'inst/ila_core_inst/u_ila_regs/reg_88f/I_EN_STAT_EQ1.U_STAT/xsdb_reg_reg[6]'
INFO: [Synth 8-3886] merging instance 'inst/ila_core_inst/u_ila_regs/reg_887/I_EN_STAT_EQ1.U_STAT/xsdb_reg_reg[5]' (FDE) to 'inst/ila_core_inst/u_ila_regs/reg_88f/I_EN_STAT_EQ1.U_STAT/xsdb_reg_reg[6]'
INFO: [Synth 8-3886] merging instance 'inst/ila_core_inst/u_ila_regs/reg_14/I_EN_STAT_EQ1.U_STAT/xsdb_reg_reg[5]' (FDE) to 'inst/ila_core_inst/u_ila_regs/reg_88f/I_EN_STAT_EQ1.U_STAT/xsdb_reg_reg[6]'
INFO: [Synth 8-3886] merging instance 'inst/ila_core_inst/u_ila_regs/reg_13/I_EN_STAT_EQ1.U_STAT/xsdb_reg_reg[5]' (FDE) to 'inst/ila_core_inst/u_ila_regs/reg_88f/I_EN_STAT_EQ1.U_STAT/xsdb_reg_reg[6]'
INFO: [Synth 8-3886] merging instance 'inst/ila_core_inst/u_ila_regs/reg_12/I_EN_STAT_EQ1.U_STAT/xsdb_reg_reg[5]' (FDE) to 'inst/ila_core_inst/u_ila_regs/reg_88f/I_EN_STAT_EQ1.U_STAT/xsdb_reg_reg[6]'
INFO: [Synth 8-3886] merging instance 'inst/ila_core_inst/u_ila_regs/reg_11/I_EN_STAT_EQ1.U_STAT/xsdb_reg_reg[5]' (FDE) to 'inst/ila_core_inst/u_ila_regs/reg_88f/I_EN_STAT_EQ1.U_STAT/xsdb_reg_reg[6]'
INFO: [Synth 8-3886] merging instance 'inst/ila_core_inst/u_ila_regs/reg_10/I_EN_STAT_EQ1.U_STAT/xsdb_reg_reg[5]' (FDE) to 'inst/ila_core_inst/u_ila_regs/reg_88f/I_EN_STAT_EQ1.U_STAT/xsdb_reg_reg[6]'
INFO: [Synth 8-3886] merging instance 'inst/ila_core_inst/u_ila_regs/reg_f/I_EN_STAT_EQ1.U_STAT/xsdb_reg_reg[5]' (FDE) to 'inst/ila_core_inst/u_ila_regs/reg_88f/I_EN_STAT_EQ1.U_STAT/xsdb_reg_reg[6]'
INFO: [Synth 8-3886] merging instance 'inst/ila_core_inst/u_ila_regs/reg_e/I_EN_STAT_EQ1.U_STAT/xsdb_reg_reg[5]' (FDE) to 'inst/ila_core_inst/u_ila_regs/reg_88f/I_EN_STAT_EQ1.U_STAT/xsdb_reg_reg[6]'
INFO: [Synth 8-3886] merging instance 'inst/ila_core_inst/u_ila_regs/reg_d/I_EN_STAT_EQ1.U_STAT/xsdb_reg_reg[5]' (FDE) to 'inst/ila_core_inst/u_ila_regs/reg_88f/I_EN_STAT_EQ1.U_STAT/xsdb_reg_reg[6]'
INFO: [Synth 8-3886] merging instance 'inst/ila_core_inst/u_ila_regs/reg_c/I_EN_STAT_EQ1.U_STAT/xsdb_reg_reg[5]' (FDE) to 'inst/ila_core_inst/u_ila_regs/reg_88f/I_EN_STAT_EQ1.U_STAT/xsdb_reg_reg[6]'
INFO: [Common 17-14] Message 'Synth 8-3886' appears 100 times and further instances of the messages will be disabled. Use the Tcl command set_msg_config to change the current settings.
INFO: [Synth 8-3333] propagating constant 0 across sequential element (inst/\ila_core_inst/u_ila_regs/slaveRegDo_ff7_reg[6] )
INFO: [Synth 8-3333] propagating constant 0 across sequential element (inst/\ila_core_inst/u_ila_regs/slaveRegDo_ff7_reg[7] )
INFO: [Synth 8-3333] propagating constant 0 across sequential element (inst/\ila_core_inst/u_ila_regs/slaveRegDo_ff7_reg[8] )
INFO: [Synth 8-3333] propagating constant 0 across sequential element (inst/\ila_core_inst/u_ila_regs/slaveRegDo_ff7_reg[9] )
INFO: [Synth 8-3333] propagating constant 0 across sequential element (inst/\ila_core_inst/u_ila_regs/slaveRegDo_ff7_reg[10] )
INFO: [Synth 8-3333] propagating constant 1 across sequential element (inst/\ila_core_inst/u_ila_regs/reg_1/I_EN_STAT_EQ1.U_STAT/xsdb_reg_reg[10] )
INFO: [Synth 8-3333] propagating constant 0 across sequential element (inst/\ila_core_inst/u_ila_regs/slaveRegDo_ff7_reg[11] )
INFO: [Synth 8-3333] propagating constant 0 across sequential element (inst/\ila_core_inst/u_ila_regs/slaveRegDo_ff7_reg[12] )
INFO: [Synth 8-3333] propagating constant 0 across sequential element (inst/\ila_core_inst/u_ila_regs/slaveRegDo_ff7_reg[13] )
INFO: [Synth 8-3333] propagating constant 0 across sequential element (inst/\ila_core_inst/u_ila_regs/slaveRegDo_ff8_reg[14] )
INFO: [Synth 8-3333] propagating constant 0 across sequential element (inst/\ila_core_inst/u_ila_regs/slaveRegDo_ff7_reg[14] )
INFO: [Synth 8-3333] propagating constant 0 across sequential element (inst/\ila_core_inst/u_ila_regs/slaveRegDo_ff7_reg[15] )
INFO: [Synth 8-3333] propagating constant 0 across sequential element (inst/\ila_core_inst/u_ila_regs/reg_0/I_EN_STAT_EQ1.U_STAT/xsdb_reg_reg[15] )
INFO: [Synth 8-3333] propagating constant 0 across sequential element (inst/\ila_core_inst/u_ila_regs/slaveRegDo_mux_6_reg[0] )
INFO: [Synth 8-3333] propagating constant 0 across sequential element (inst/\ila_core_inst/u_ila_regs/slaveRegDo_mux_6_reg[1] )
INFO: [Synth 8-3333] propagating constant 0 across sequential element (inst/\ila_core_inst/u_ila_regs/slaveRegDo_mux_6_reg[2] )
INFO: [Synth 8-3333] propagating constant 0 across sequential element (inst/\ila_core_inst/u_ila_regs/slaveRegDo_mux_6_reg[3] )
INFO: [Synth 8-3333] propagating constant 0 across sequential element (inst/\ila_core_inst/u_ila_regs/slaveRegDo_mux_6_reg[4] )
INFO: [Synth 8-3333] propagating constant 0 across sequential element (inst/\ila_core_inst/u_ila_regs/slaveRegDo_mux_6_reg[5] )
INFO: [Synth 8-3333] propagating constant 0 across sequential element (inst/\ila_core_inst/u_ila_regs/slaveRegDo_mux_6_reg[6] )
INFO: [Synth 8-3333] propagating constant 0 across sequential element (inst/\ila_core_inst/u_ila_regs/slaveRegDo_mux_6_reg[7] )
INFO: [Synth 8-3333] propagating constant 0 across sequential element (inst/\ila_core_inst/u_ila_regs/slaveRegDo_mux_6_reg[8] )
INFO: [Synth 8-3333] propagating constant 0 across sequential element (inst/\ila_core_inst/u_ila_regs/slaveRegDo_mux_6_reg[9] )
INFO: [Synth 8-3333] propagating constant 0 across sequential element (inst/\ila_core_inst/u_ila_regs/slaveRegDo_mux_6_reg[10] )
INFO: [Synth 8-3333] propagating constant 0 across sequential element (inst/\ila_core_inst/u_ila_regs/slaveRegDo_mux_6_reg[11] )
INFO: [Synth 8-3333] propagating constant 0 across sequential element (inst/\ila_core_inst/u_ila_regs/slaveRegDo_mux_6_reg[12] )
INFO: [Synth 8-3333] propagating constant 0 across sequential element (inst/\ila_core_inst/u_ila_regs/slaveRegDo_mux_6_reg[13] )
INFO: [Synth 8-3333] propagating constant 0 across sequential element (inst/\ila_core_inst/u_ila_regs/slaveRegDo_mux_6_reg[14] )
INFO: [Synth 8-3333] propagating constant 0 across sequential element (inst/\ila_core_inst/u_ila_regs/slaveRegDo_mux_6_reg[15] )
INFO: [Synth 8-3333] propagating constant 0 across sequential element (inst/\ila_core_inst/u_trig/CAP_QUAL_STRG_reg )
INFO: [Synth 8-3333] propagating constant 0 across sequential element (inst/\ila_core_inst/u_ila_regs/slaveRegDo_mux_1_reg[0] )
INFO: [Synth 8-3333] propagating constant 0 across sequential element (inst/\ila_core_inst/u_ila_regs/slaveRegDo_mux_1_reg[1] )
INFO: [Synth 8-3333] propagating constant 0 across sequential element (inst/\ila_core_inst/u_ila_regs/slaveRegDo_mux_1_reg[2] )
INFO: [Synth 8-3333] propagating constant 0 across sequential element (inst/\ila_core_inst/u_ila_regs/slaveRegDo_mux_1_reg[3] )
INFO: [Synth 8-3333] propagating constant 0 across sequential element (inst/\ila_core_inst/u_ila_regs/slaveRegDo_mux_1_reg[4] )
INFO: [Synth 8-3333] propagating constant 0 across sequential element (inst/\ila_core_inst/u_ila_regs/slaveRegDo_mux_1_reg[5] )
INFO: [Synth 8-3333] propagating constant 0 across sequential element (inst/\ila_core_inst/u_ila_regs/slaveRegDo_mux_1_reg[6] )
INFO: [Synth 8-3333] propagating constant 0 across sequential element (inst/\ila_core_inst/u_ila_regs/slaveRegDo_mux_1_reg[8] )
INFO: [Synth 8-3333] propagating constant 0 across sequential element (inst/\ila_core_inst/u_ila_regs/slaveRegDo_mux_1_reg[9] )
INFO: [Synth 8-3333] propagating constant 0 across sequential element (inst/\ila_core_inst/u_ila_regs/slaveRegDo_mux_1_reg[10] )
INFO: [Synth 8-3333] propagating constant 0 across sequential element (inst/\ila_core_inst/u_ila_regs/slaveRegDo_mux_1_reg[11] )
INFO: [Synth 8-3333] propagating constant 0 across sequential element (inst/\ila_core_inst/u_ila_regs/slaveRegDo_mux_1_reg[12] )
INFO: [Synth 8-3333] propagating constant 0 across sequential element (inst/\ila_core_inst/u_ila_regs/slaveRegDo_mux_1_reg[13] )
INFO: [Synth 8-3333] propagating constant 0 across sequential element (inst/\ila_core_inst/u_ila_regs/slaveRegDo_mux_1_reg[14] )
INFO: [Synth 8-3333] propagating constant 0 across sequential element (inst/\ila_core_inst/u_ila_regs/slaveRegDo_mux_1_reg[15] )
---------------------------------------------------------------------------------
Finished Cross Boundary and Area Optimization : Time (s): cpu = 00:00:48 ; elapsed = 00:00:53 . Memory (MB): peak = 996.164 ; gain = 594.945
---------------------------------------------------------------------------------

Report RTL Partitions: 
+-+--------------+------------+----------+
| |RTL Partition |Replication |Instances |
+-+--------------+------------+----------+
+-+--------------+------------+----------+
---------------------------------------------------------------------------------
Start Applying XDC Timing Constraints
---------------------------------------------------------------------------------
---------------------------------------------------------------------------------
Finished Applying XDC Timing Constraints : Time (s): cpu = 00:00:56 ; elapsed = 00:01:00 . Memory (MB): peak = 996.164 ; gain = 594.945
---------------------------------------------------------------------------------
---------------------------------------------------------------------------------
Start Timing Optimization
---------------------------------------------------------------------------------
---------------------------------------------------------------------------------
Finished Timing Optimization : Time (s): cpu = 00:00:56 ; elapsed = 00:01:00 . Memory (MB): peak = 996.164 ; gain = 594.945
---------------------------------------------------------------------------------

Report RTL Partitions: 
+-+--------------+------------+----------+
| |RTL Partition |Replication |Instances |
+-+--------------+------------+----------+
+-+--------------+------------+----------+
---------------------------------------------------------------------------------
Start Technology Mapping
---------------------------------------------------------------------------------
---------------------------------------------------------------------------------
Finished Technology Mapping : Time (s): cpu = 00:00:56 ; elapsed = 00:01:01 . Memory (MB): peak = 1001.266 ; gain = 600.047
---------------------------------------------------------------------------------

Report RTL Partitions: 
+-+--------------+------------+----------+
| |RTL Partition |Replication |Instances |
+-+--------------+------------+----------+
+-+--------------+------------+----------+
---------------------------------------------------------------------------------
Start IO Insertion
---------------------------------------------------------------------------------
---------------------------------------------------------------------------------
Start Flattening Before IO Insertion
---------------------------------------------------------------------------------
---------------------------------------------------------------------------------
Finished Flattening Before IO Insertion
---------------------------------------------------------------------------------
---------------------------------------------------------------------------------
Start Final Netlist Cleanup
---------------------------------------------------------------------------------
---------------------------------------------------------------------------------
Finished Final Netlist Cleanup
---------------------------------------------------------------------------------
INFO: [Synth 8-3295] tying undriven pin dummy_inferred:in0 to constant 0
INFO: [Synth 8-3295] tying undriven pin inst:sl_iport0[36] to constant 0
INFO: [Synth 8-3295] tying undriven pin inst:sl_iport0[35] to constant 0
INFO: [Synth 8-3295] tying undriven pin inst:sl_iport0[34] to constant 0
INFO: [Synth 8-3295] tying undriven pin inst:sl_iport0[33] to constant 0
INFO: [Synth 8-3295] tying undriven pin inst:sl_iport0[32] to constant 0
INFO: [Synth 8-3295] tying undriven pin inst:sl_iport0[31] to constant 0
INFO: [Synth 8-3295] tying undriven pin inst:sl_iport0[30] to constant 0
INFO: [Synth 8-3295] tying undriven pin inst:sl_iport0[29] to constant 0
INFO: [Synth 8-3295] tying undriven pin inst:sl_iport0[28] to constant 0
INFO: [Synth 8-3295] tying undriven pin inst:sl_iport0[27] to constant 0
INFO: [Synth 8-3295] tying undriven pin inst:sl_iport0[26] to constant 0
INFO: [Synth 8-3295] tying undriven pin inst:sl_iport0[25] to constant 0
INFO: [Synth 8-3295] tying undriven pin inst:sl_iport0[24] to constant 0
INFO: [Synth 8-3295] tying undriven pin inst:sl_iport0[23] to constant 0
INFO: [Synth 8-3295] tying undriven pin inst:sl_iport0[22] to constant 0
INFO: [Synth 8-3295] tying undriven pin inst:sl_iport0[21] to constant 0
INFO: [Synth 8-3295] tying undriven pin inst:sl_iport0[20] to constant 0
INFO: [Synth 8-3295] tying undriven pin inst:sl_iport0[19] to constant 0
INFO: [Synth 8-3295] tying undriven pin inst:sl_iport0[18] to constant 0
INFO: [Synth 8-3295] tying undriven pin inst:sl_iport0[17] to constant 0
INFO: [Synth 8-3295] tying undriven pin inst:sl_iport0[16] to constant 0
INFO: [Synth 8-3295] tying undriven pin inst:sl_iport0[15] to constant 0
INFO: [Synth 8-3295] tying undriven pin inst:sl_iport0[14] to constant 0
INFO: [Synth 8-3295] tying undriven pin inst:sl_iport0[13] to constant 0
INFO: [Synth 8-3295] tying undriven pin inst:sl_iport0[12] to constant 0
INFO: [Synth 8-3295] tying undriven pin inst:sl_iport0[11] to constant 0
INFO: [Synth 8-3295] tying undriven pin inst:sl_iport0[10] to constant 0
INFO: [Synth 8-3295] tying undriven pin inst:sl_iport0[9] to constant 0
INFO: [Synth 8-3295] tying undriven pin inst:sl_iport0[8] to constant 0
INFO: [Synth 8-3295] tying undriven pin inst:sl_iport0[7] to constant 0
INFO: [Synth 8-3295] tying undriven pin inst:sl_iport0[6] to constant 0
INFO: [Synth 8-3295] tying undriven pin inst:sl_iport0[5] to constant 0
INFO: [Synth 8-3295] tying undriven pin inst:sl_iport0[4] to constant 0
INFO: [Synth 8-3295] tying undriven pin inst:sl_iport0[3] to constant 0
INFO: [Synth 8-3295] tying undriven pin inst:sl_iport0[2] to constant 0
INFO: [Synth 8-3295] tying undriven pin inst:sl_iport0[1] to constant 0
INFO: [Synth 8-3295] tying undriven pin inst:sl_iport0[0] to constant 0
INFO: [Synth 8-3295] tying undriven pin inst:trig_in to constant 0
INFO: [Synth 8-3295] tying undriven pin inst:trig_out_ack to constant 0
---------------------------------------------------------------------------------
Finished IO Insertion : Time (s): cpu = 00:00:57 ; elapsed = 00:01:01 . Memory (MB): peak = 1001.266 ; gain = 600.047
---------------------------------------------------------------------------------

Report Check Netlist: 
+------+------------------+-------+---------+-------+------------------+
|      |Item              |Errors |Warnings |Status |Description       |
+------+------------------+-------+---------+-------+------------------+
|1     |multi_driven_nets |      0|        0|Passed |Multi driven nets |
+------+------------------+-------+---------+-------+------------------+
---------------------------------------------------------------------------------
Start Renaming Generated Instances
---------------------------------------------------------------------------------
---------------------------------------------------------------------------------
Finished Renaming Generated Instances : Time (s): cpu = 00:00:57 ; elapsed = 00:01:01 . Memory (MB): peak = 1001.266 ; gain = 600.047
---------------------------------------------------------------------------------

Report RTL Partitions: 
+-+--------------+------------+----------+
| |RTL Partition |Replication |Instances |
+-+--------------+------------+----------+
+-+--------------+------------+----------+
---------------------------------------------------------------------------------
Start Rebuilding User Hierarchy
---------------------------------------------------------------------------------
---------------------------------------------------------------------------------
Finished Rebuilding User Hierarchy : Time (s): cpu = 00:00:57 ; elapsed = 00:01:01 . Memory (MB): peak = 1001.266 ; gain = 600.047
---------------------------------------------------------------------------------
---------------------------------------------------------------------------------
Start Renaming Generated Ports
---------------------------------------------------------------------------------
---------------------------------------------------------------------------------
Finished Renaming Generated Ports : Time (s): cpu = 00:00:57 ; elapsed = 00:01:01 . Memory (MB): peak = 1001.266 ; gain = 600.047
---------------------------------------------------------------------------------
---------------------------------------------------------------------------------
Start Handling Custom Attributes
---------------------------------------------------------------------------------
---------------------------------------------------------------------------------
Finished Handling Custom Attributes : Time (s): cpu = 00:00:57 ; elapsed = 00:01:02 . Memory (MB): peak = 1001.266 ; gain = 600.047
---------------------------------------------------------------------------------
---------------------------------------------------------------------------------
Start Renaming Generated Nets
---------------------------------------------------------------------------------
---------------------------------------------------------------------------------
Finished Renaming Generated Nets : Time (s): cpu = 00:00:57 ; elapsed = 00:01:02 . Memory (MB): peak = 1001.266 ; gain = 600.047
---------------------------------------------------------------------------------
---------------------------------------------------------------------------------
Start ROM, RAM, DSP and Shift Register Reporting
---------------------------------------------------------------------------------

Static Shift Register Report:
+---------------+----------------------------------------------------------------------------------+--------+-------+--------------+--------------------+-------------------+--------+---------+
|Module Name    | RTL Name                                                                         | Length | Width | Reset Signal | Pull out first Reg | Pull out last Reg | SRL16E | SRLC32E | 
+---------------+----------------------------------------------------------------------------------+--------+-------+--------------+--------------------+-------------------+--------+---------+
|ila_v6_2_8_ila | ila_core_inst/u_ila_regs/adv_rb_drdy4_reg                                        | 5      | 1     | NO           | NO                 | YES               | 1      | 0       | 
|ila_v6_2_8_ila | ila_core_inst/shifted_data_in_reg[8][127]                                        | 9      | 128   | NO           | NO                 | YES               | 128    | 0       | 
|ila_v6_2_8_ila | ila_core_inst/xsdb_memory_read_inst/multiple_read_latency.read_enable_out_reg[3] | 3      | 1     | NO           | NO                 | YES               | 1      | 0       | 
|ila_v6_2_8_ila | ila_core_inst/xsdb_memory_read_inst/multiple_enable_latency.enable_out_reg[3]    | 3      | 1     | NO           | NO                 | YES               | 1      | 0       | 
+---------------+----------------------------------------------------------------------------------+--------+-------+--------------+--------------------+-------------------+--------+---------+

---------------------------------------------------------------------------------
Finished ROM, RAM, DSP and Shift Register Reporting
---------------------------------------------------------------------------------
---------------------------------------------------------------------------------
Start Writing Synthesis Report
---------------------------------------------------------------------------------

Report BlackBoxes: 
+-+--------------+----------+
| |BlackBox name |Instances |
+-+--------------+----------+
+-+--------------+----------+

Report Cell Usage: 
+------+---------+------+
|      |Cell     |Count |
+------+---------+------+
|1     |CARRY4   |    28|
|2     |CFGLUT5  |    97|
|3     |LUT1     |    29|
|4     |LUT2     |    40|
|5     |LUT3     |    87|
|6     |LUT4     |    97|
|7     |LUT5     |    56|
|8     |LUT6     |   356|
|9     |MUXF7    |     3|
|10    |RAMB36E1 |     4|
|11    |SRL16E   |   132|
|12    |SRLC16E  |     2|
|13    |SRLC32E  |    17|
|14    |FDRE     |  1571|
|15    |FDSE     |     9|
+------+---------+------+

Report Instance Areas: 
+------+------------------------------------------------------------------------+------------------------------------------------+------+
|      |Instance                                                                |Module                                          |Cells |
+------+------------------------------------------------------------------------+------------------------------------------------+------+
|1     |top                                                                     |                                                |  2528|
|2     |  inst                                                                  |ila_v6_2_8_ila                                  |  2528|
|3     |    ila_core_inst                                                       |ila_v6_2_8_ila_core                             |  2521|
|4     |      ila_trace_memory_inst                                             |ila_v6_2_8_ila_trace_memory                     |     4|
|5     |        \SUBCORE_RAM_BLK_MEM_1.trace_block_memory                       |blk_mem_gen_v8_3_6                              |     4|
|6     |          inst_blk_mem_gen                                              |blk_mem_gen_v8_3_6_synth                        |     4|
|7     |            \gnbram.gnativebmg.native_blk_mem_gen                       |blk_mem_gen_top                                 |     4|
|8     |              \valid.cstr                                               |blk_mem_gen_generic_cstr                        |     4|
|9     |                \ramloop[0].ram.r                                       |blk_mem_gen_prim_width                          |     1|
|10    |                  \prim_noinit.ram                                      |blk_mem_gen_prim_wrapper                        |     1|
|11    |                \ramloop[1].ram.r                                       |blk_mem_gen_prim_width__parameterized0          |     1|
|12    |                  \prim_noinit.ram                                      |blk_mem_gen_prim_wrapper__parameterized0        |     1|
|13    |                \ramloop[2].ram.r                                       |blk_mem_gen_prim_width__parameterized1          |     1|
|14    |                  \prim_noinit.ram                                      |blk_mem_gen_prim_wrapper__parameterized1        |     1|
|15    |                \ramloop[3].ram.r                                       |blk_mem_gen_prim_width__parameterized2          |     1|
|16    |                  \prim_noinit.ram                                      |blk_mem_gen_prim_wrapper__parameterized2        |     1|
|17    |      u_ila_cap_ctrl                                                    |ila_v6_2_8_ila_cap_ctrl_legacy                  |   277|
|18    |        U_CDONE                                                         |ltlib_v1_0_0_cfglut6__parameterized0            |     5|
|19    |        U_NS0                                                           |ltlib_v1_0_0_cfglut7                            |     6|
|20    |        U_NS1                                                           |ltlib_v1_0_0_cfglut7_36                         |     6|
|21    |        u_cap_addrgen                                                   |ila_v6_2_8_ila_cap_addrgen                      |   255|
|22    |          U_CMPRESET                                                    |ltlib_v1_0_0_cfglut6                            |     3|
|23    |          u_cap_sample_counter                                          |ila_v6_2_8_ila_cap_sample_counter               |    61|
|24    |            U_SCE                                                       |ltlib_v1_0_0_cfglut4_43                         |     1|
|25    |            U_SCMPCE                                                    |ltlib_v1_0_0_cfglut5_44                         |     1|
|26    |            U_SCRST                                                     |ltlib_v1_0_0_cfglut6_45                         |     5|
|27    |            u_scnt_cmp                                                  |ltlib_v1_0_0_match_nodelay_46                   |    22|
|28    |              \allx_typeA_match_detection.ltlib_v1_0_0_allx_typeA_inst  |ltlib_v1_0_0_allx_typeA_nodelay_47              |    22|
|29    |                DUT                                                     |ltlib_v1_0_0_all_typeA__parameterized1_48       |    12|
|30    |                  \I_WHOLE_SLICE.G_SLICE_IDX[0].U_ALL_SRL_SLICE         |ltlib_v1_0_0_all_typeA_slice__parameterized1_49 |     5|
|31    |                  \I_WHOLE_SLICE.G_SLICE_IDX[1].U_ALL_SRL_SLICE         |ltlib_v1_0_0_all_typeA_slice__parameterized2_50 |     5|
|32    |          u_cap_window_counter                                          |ila_v6_2_8_ila_cap_window_counter               |    60|
|33    |            U_WCE                                                       |ltlib_v1_0_0_cfglut4                            |     1|
|34    |            U_WHCMPCE                                                   |ltlib_v1_0_0_cfglut5                            |     1|
|35    |            U_WLCMPCE                                                   |ltlib_v1_0_0_cfglut5_37                         |     1|
|36    |            u_wcnt_hcmp                                                 |ltlib_v1_0_0_match_nodelay                      |    12|
|37    |              \allx_typeA_match_detection.ltlib_v1_0_0_allx_typeA_inst  |ltlib_v1_0_0_allx_typeA_nodelay_39              |    12|
|38    |                DUT                                                     |ltlib_v1_0_0_all_typeA__parameterized1_40       |    12|
|39    |                  \I_WHOLE_SLICE.G_SLICE_IDX[0].U_ALL_SRL_SLICE         |ltlib_v1_0_0_all_typeA_slice__parameterized1_41 |     5|
|40    |                  \I_WHOLE_SLICE.G_SLICE_IDX[1].U_ALL_SRL_SLICE         |ltlib_v1_0_0_all_typeA_slice__parameterized2_42 |     5|
|41    |            u_wcnt_lcmp                                                 |ltlib_v1_0_0_match_nodelay_38                   |    22|
|42    |              \allx_typeA_match_detection.ltlib_v1_0_0_allx_typeA_inst  |ltlib_v1_0_0_allx_typeA_nodelay                 |    22|
|43    |                DUT                                                     |ltlib_v1_0_0_all_typeA__parameterized1          |    12|
|44    |                  \I_WHOLE_SLICE.G_SLICE_IDX[0].U_ALL_SRL_SLICE         |ltlib_v1_0_0_all_typeA_slice__parameterized1    |     5|
|45    |                  \I_WHOLE_SLICE.G_SLICE_IDX[1].U_ALL_SRL_SLICE         |ltlib_v1_0_0_all_typeA_slice__parameterized2    |     5|
|46    |      u_ila_regs                                                        |ila_v6_2_8_ila_register                         |  1281|
|47    |        U_XSDB_SLAVE                                                    |xsdbs_v1_0_2_xsdbs                              |   302|
|48    |        reg_890                                                         |xsdbs_v1_0_2_reg__parameterized44               |    16|
|49    |          \I_EN_STAT_EQ1.U_STAT                                         |xsdbs_v1_0_2_reg_stat_35                        |    16|
|50    |        \MU_SRL[0].mu_srl_reg                                           |xsdbs_v1_0_2_reg_p2s                            |    75|
|51    |        \TC_SRL[0].tc_srl_reg                                           |xsdbs_v1_0_2_reg_p2s__parameterized0            |    77|
|52    |        reg_15                                                          |xsdbs_v1_0_2_reg__parameterized26               |    17|
|53    |          \I_EN_CTL_EQ1.U_CTL                                           |xsdbs_v1_0_2_reg_ctl_34                         |    17|
|54    |        reg_16                                                          |xsdbs_v1_0_2_reg__parameterized27               |    18|
|55    |          \I_EN_CTL_EQ1.U_CTL                                           |xsdbs_v1_0_2_reg_ctl_33                         |    18|
|56    |        reg_17                                                          |xsdbs_v1_0_2_reg__parameterized28               |    32|
|57    |          \I_EN_CTL_EQ1.U_CTL                                           |xsdbs_v1_0_2_reg_ctl_32                         |    32|
|58    |        reg_18                                                          |xsdbs_v1_0_2_reg__parameterized29               |    20|
|59    |          \I_EN_CTL_EQ1.U_CTL                                           |xsdbs_v1_0_2_reg_ctl_31                         |    20|
|60    |        reg_19                                                          |xsdbs_v1_0_2_reg__parameterized30               |    36|
|61    |          \I_EN_CTL_EQ1.U_CTL                                           |xsdbs_v1_0_2_reg_ctl_30                         |    36|
|62    |        reg_1a                                                          |xsdbs_v1_0_2_reg__parameterized31               |    17|
|63    |          \I_EN_CTL_EQ1.U_CTL                                           |xsdbs_v1_0_2_reg_ctl__parameterized1_29         |    17|
|64    |        reg_6                                                           |xsdbs_v1_0_2_reg__parameterized11               |    25|
|65    |          \I_EN_CTL_EQ1.U_CTL                                           |xsdbs_v1_0_2_reg_ctl_28                         |    25|
|66    |        reg_7                                                           |xsdbs_v1_0_2_reg__parameterized12               |    31|
|67    |          \I_EN_CTL_EQ1.U_CTL                                           |xsdbs_v1_0_2_reg_ctl__parameterized0            |    31|
|68    |        reg_8                                                           |xsdbs_v1_0_2_reg__parameterized13               |     5|
|69    |          \I_EN_STAT_EQ1.U_STAT                                         |xsdbs_v1_0_2_reg_stat_27                        |     5|
|70    |        reg_80                                                          |xsdbs_v1_0_2_reg__parameterized32               |    20|
|71    |          \I_EN_CTL_EQ1.U_CTL                                           |xsdbs_v1_0_2_reg_ctl__parameterized1_26         |    20|
|72    |        reg_81                                                          |xsdbs_v1_0_2_reg__parameterized33               |    64|
|73    |          \I_EN_CTL_EQ1.U_CTL                                           |xsdbs_v1_0_2_reg_ctl_25                         |    64|
|74    |        reg_82                                                          |xsdbs_v1_0_2_reg__parameterized34               |    17|
|75    |          \I_EN_CTL_EQ1.U_CTL                                           |xsdbs_v1_0_2_reg_ctl__parameterized1            |    17|
|76    |        reg_83                                                          |xsdbs_v1_0_2_reg__parameterized35               |    17|
|77    |          \I_EN_CTL_EQ1.U_CTL                                           |xsdbs_v1_0_2_reg_ctl_24                         |    17|
|78    |        reg_84                                                          |xsdbs_v1_0_2_reg__parameterized36               |    17|
|79    |          \I_EN_CTL_EQ1.U_CTL                                           |xsdbs_v1_0_2_reg_ctl_23                         |    17|
|80    |        reg_85                                                          |xsdbs_v1_0_2_reg__parameterized37               |    17|
|81    |          \I_EN_CTL_EQ1.U_CTL                                           |xsdbs_v1_0_2_reg_ctl_22                         |    17|
|82    |        reg_887                                                         |xsdbs_v1_0_2_reg__parameterized39               |     3|
|83    |          \I_EN_STAT_EQ1.U_STAT                                         |xsdbs_v1_0_2_reg_stat_21                        |     3|
|84    |        reg_88d                                                         |xsdbs_v1_0_2_reg__parameterized41               |     6|
|85    |          \I_EN_STAT_EQ1.U_STAT                                         |xsdbs_v1_0_2_reg_stat_20                        |     6|
|86    |        reg_9                                                           |xsdbs_v1_0_2_reg__parameterized14               |    17|
|87    |          \I_EN_STAT_EQ1.U_STAT                                         |xsdbs_v1_0_2_reg_stat_19                        |    17|
|88    |        reg_srl_fff                                                     |xsdbs_v1_0_2_reg_p2s__parameterized1            |    94|
|89    |        reg_stream_ffd                                                  |xsdbs_v1_0_2_reg_stream                         |    28|
|90    |          \I_EN_CTL_EQ1.U_CTL                                           |xsdbs_v1_0_2_reg_ctl                            |    28|
|91    |        reg_stream_ffe                                                  |xsdbs_v1_0_2_reg_stream__parameterized0         |    16|
|92    |          \I_EN_STAT_EQ1.U_STAT                                         |xsdbs_v1_0_2_reg_stat                           |    16|
|93    |      u_ila_reset_ctrl                                                  |ila_v6_2_8_ila_reset_ctrl                       |    46|
|94    |        arm_detection_inst                                              |ltlib_v1_0_0_rising_edge_detection              |     5|
|95    |        \asyncrounous_transfer.arm_in_transfer_inst                     |ltlib_v1_0_0_async_edge_xfer                    |     7|
|96    |        \asyncrounous_transfer.arm_out_transfer_inst                    |ltlib_v1_0_0_async_edge_xfer_15                 |     6|
|97    |        \asyncrounous_transfer.halt_in_transfer_inst                    |ltlib_v1_0_0_async_edge_xfer_16                 |     7|
|98    |        \asyncrounous_transfer.halt_out_transfer_inst                   |ltlib_v1_0_0_async_edge_xfer_17                 |     6|
|99    |        halt_detection_inst                                             |ltlib_v1_0_0_rising_edge_detection_18           |     6|
|100   |      u_trig                                                            |ila_v6_2_8_ila_trigger                          |   352|
|101   |        \N_DDR_TC.N_DDR_TC_INST[0].U_TC                                 |ltlib_v1_0_0_match                              |    11|
|102   |          \allx_typeA_match_detection.ltlib_v1_0_0_allx_typeA_inst      |ltlib_v1_0_0_allx_typeA                         |     9|
|103   |            DUT                                                         |ltlib_v1_0_0_all_typeA                          |     8|
|104   |              \I_WHOLE_SLICE.G_SLICE_IDX[0].U_ALL_SRL_SLICE             |ltlib_v1_0_0_all_typeA_slice_14                 |     6|
|105   |        U_TM                                                            |ila_v6_2_8_ila_trig_match                       |   340|
|106   |          \N_DDR_MODE.G_NMU[0].U_M                                      |ltlib_v1_0_0_match__parameterized0              |   340|
|107   |            \allx_typeA_match_detection.ltlib_v1_0_0_allx_typeA_inst    |ltlib_v1_0_0_allx_typeA__parameterized0         |   339|
|108   |              DUT                                                       |ltlib_v1_0_0_all_typeA__parameterized0          |    83|
|109   |                \I_WHOLE_SLICE.G_SLICE_IDX[0].U_ALL_SRL_SLICE           |ltlib_v1_0_0_all_typeA_slice__parameterized0    |     5|
|110   |                \I_WHOLE_SLICE.G_SLICE_IDX[10].U_ALL_SRL_SLICE          |ltlib_v1_0_0_all_typeA_slice__parameterized0_0  |     5|
|111   |                \I_WHOLE_SLICE.G_SLICE_IDX[11].U_ALL_SRL_SLICE          |ltlib_v1_0_0_all_typeA_slice__parameterized0_1  |     5|
|112   |                \I_WHOLE_SLICE.G_SLICE_IDX[12].U_ALL_SRL_SLICE          |ltlib_v1_0_0_all_typeA_slice__parameterized0_2  |     5|
|113   |                \I_WHOLE_SLICE.G_SLICE_IDX[13].U_ALL_SRL_SLICE          |ltlib_v1_0_0_all_typeA_slice__parameterized0_3  |     5|
|114   |                \I_WHOLE_SLICE.G_SLICE_IDX[14].U_ALL_SRL_SLICE          |ltlib_v1_0_0_all_typeA_slice__parameterized0_4  |     5|
|115   |                \I_WHOLE_SLICE.G_SLICE_IDX[15].U_ALL_SRL_SLICE          |ltlib_v1_0_0_all_typeA_slice                    |     6|
|116   |                \I_WHOLE_SLICE.G_SLICE_IDX[1].U_ALL_SRL_SLICE           |ltlib_v1_0_0_all_typeA_slice__parameterized0_5  |     5|
|117   |                \I_WHOLE_SLICE.G_SLICE_IDX[2].U_ALL_SRL_SLICE           |ltlib_v1_0_0_all_typeA_slice__parameterized0_6  |     5|
|118   |                \I_WHOLE_SLICE.G_SLICE_IDX[3].U_ALL_SRL_SLICE           |ltlib_v1_0_0_all_typeA_slice__parameterized0_7  |     5|
|119   |                \I_WHOLE_SLICE.G_SLICE_IDX[4].U_ALL_SRL_SLICE           |ltlib_v1_0_0_all_typeA_slice__parameterized0_8  |     5|
|120   |                \I_WHOLE_SLICE.G_SLICE_IDX[5].U_ALL_SRL_SLICE           |ltlib_v1_0_0_all_typeA_slice__parameterized0_9  |     5|
|121   |                \I_WHOLE_SLICE.G_SLICE_IDX[6].U_ALL_SRL_SLICE           |ltlib_v1_0_0_all_typeA_slice__parameterized0_10 |     5|
|122   |                \I_WHOLE_SLICE.G_SLICE_IDX[7].U_ALL_SRL_SLICE           |ltlib_v1_0_0_all_typeA_slice__parameterized0_11 |     5|
|123   |                \I_WHOLE_SLICE.G_SLICE_IDX[8].U_ALL_SRL_SLICE           |ltlib_v1_0_0_all_typeA_slice__parameterized0_12 |     5|
|124   |                \I_WHOLE_SLICE.G_SLICE_IDX[9].U_ALL_SRL_SLICE           |ltlib_v1_0_0_all_typeA_slice__parameterized0_13 |     5|
|125   |      xsdb_memory_read_inst                                             |ltlib_v1_0_0_generic_memrd                      |   246|
+------+------------------------------------------------------------------------+------------------------------------------------+------+
---------------------------------------------------------------------------------
Finished Writing Synthesis Report : Time (s): cpu = 00:00:57 ; elapsed = 00:01:02 . Memory (MB): peak = 1001.266 ; gain = 600.047
---------------------------------------------------------------------------------
Synthesis finished with 0 errors, 0 critical warnings and 1172 warnings.
Synthesis Optimization Runtime : Time (s): cpu = 00:00:15 ; elapsed = 00:00:55 . Memory (MB): peak = 1001.266 ; gain = 479.516
Synthesis Optimization Complete : Time (s): cpu = 00:00:57 ; elapsed = 00:01:02 . Memory (MB): peak = 1001.266 ; gain = 600.047
INFO: [Project 1-571] Translating synthesized netlist
INFO: [Netlist 29-17] Analyzing 132 Unisim elements for replacement
INFO: [Netlist 29-28] Unisim Transformation completed in 1 CPU seconds
INFO: [Project 1-570] Preparing netlist for logic optimization
INFO: [Opt 31-138] Pushed 0 inverter(s) to 0 load pin(s).
Netlist sorting complete. Time (s): cpu = 00:00:00 ; elapsed = 00:00:00.001 . Memory (MB): peak = 1001.266 ; gain = 0.000
INFO: [Project 1-111] Unisim Transformation Summary:
  A total of 97 instances were transformed.
  CFGLUT5 => CFGLUT5 (SRLC32E, SRL16E): 92 instances
  CFGLUT5 => SRLC32E: 5 instances

INFO: [Common 17-83] Releasing license: Synthesis
344 Infos, 102 Warnings, 0 Critical Warnings and 0 Errors encountered.
synth_design completed successfully
synth_design: Time (s): cpu = 00:00:59 ; elapsed = 00:01:04 . Memory (MB): peak = 1001.266 ; gain = 601.762
Netlist sorting complete. Time (s): cpu = 00:00:00 ; elapsed = 00:00:00.001 . Memory (MB): peak = 1001.266 ; gain = 0.000
WARNING: [Constraints 18-5210] No constraints selected for write.
Resolution: This message can indicate that there are no constraints for the design, or it can indicate that the used_in flags are set such that the constraints are ignored. This later case is used when running synth_design to not write synthesis constraints to the resulting checkpoint. Instead, project constraints are read when the synthesized design is opened.
INFO: [Common 17-1381] The checkpoint 'C:/Users/lish/Desktop/300/max30102x3/prj/prj.runs/ila_0_synth_1/ila_0.dcp' has been generated.
INFO: [Coretcl 2-1648] Added synthesis output to IP cache for IP ila_0, cache-ID = d1b73353a1d7a560
INFO: [Coretcl 2-1174] Renamed 124 cell refs.
Netlist sorting complete. Time (s): cpu = 00:00:00 ; elapsed = 00:00:00.001 . Memory (MB): peak = 1001.266 ; gain = 0.000
WARNING: [Constraints 18-5210] No constraints selected for write.
Resolution: This message can indicate that there are no constraints for the design, or it can indicate that the used_in flags are set such that the constraints are ignored. This later case is used when running synth_design to not write synthesis constraints to the resulting checkpoint. Instead, project constraints are read when the synthesized design is opened.
INFO: [Common 17-1381] The checkpoint 'C:/Users/lish/Desktop/300/max30102x3/prj/prj.runs/ila_0_synth_1/ila_0.dcp' has been generated.
INFO: [runtcl-4] Executing : report_utilization -file ila_0_utilization_synth.rpt -pb ila_0_utilization_synth.pb
INFO: [Common 17-206] Exiting Vivado at Tue Jan  6 19:27:55 2026...
[Tue Jan  6 19:27:59 2026] ila_0_synth_1 finished
wait_on_run: Time (s): cpu = 00:00:01 ; elapsed = 00:01:15 . Memory (MB): peak = 1489.105 ; gain = 0.000
launch_runs floating_point_0_synth_1
[Tue Jan  6 19:27:59 2026] Launched floating_point_0_synth_1...
Run output will be captured here: C:/Users/lish/Desktop/300/max30102x3/prj/prj.runs/floating_point_0_synth_1/runme.log
wait_on_run floating_point_0_synth_1
[Tue Jan  6 19:27:59 2026] Waiting for floating_point_0_synth_1 to finish...
[Tue Jan  6 19:28:04 2026] Waiting for floating_point_0_synth_1 to finish...
[Tue Jan  6 19:28:09 2026] Waiting for floating_point_0_synth_1 to finish...
[Tue Jan  6 19:28:14 2026] Waiting for floating_point_0_synth_1 to finish...
[Tue Jan  6 19:28:24 2026] Waiting for floating_point_0_synth_1 to finish...

*** Running vivado
    with args -log floating_point_0.vds -m64 -product Vivado -mode batch -messageDb vivado.pb -notrace -source floating_point_0.tcl


****** Vivado v2018.3 (64-bit)
  **** SW Build 2405991 on Thu Dec  6 23:38:27 MST 2018
  **** IP Build 2404404 on Fri Dec  7 01:43:56 MST 2018
    ** Copyright 1986-2018 Xilinx, Inc. All Rights Reserved.

source floating_point_0.tcl -notrace
Command: synth_design -top floating_point_0 -part xc7z020clg400-2 -mode out_of_context
Starting synth_design
Attempting to get a license for feature 'Synthesis' and/or device 'xc7z020'
INFO: [Common 17-349] Got license for feature 'Synthesis' and/or device 'xc7z020'
INFO: Launching helper process for spawning children vivado processes
INFO: Helper process launched with PID 7260 
---------------------------------------------------------------------------------
Starting RTL Elaboration : Time (s): cpu = 00:00:03 ; elapsed = 00:00:03 . Memory (MB): peak = 477.227 ; gain = 97.367
---------------------------------------------------------------------------------
INFO: [Synth 8-638] synthesizing module 'floating_point_0' [c:/Users/lish/Desktop/300/max30102x3/prj/prj.srcs/sources_1/ip/floating_point_0/synth/floating_point_0.vhd:71]
	Parameter C_XDEVICEFAMILY bound to: zynq - type: string 
	Parameter C_HAS_ADD bound to: 0 - type: integer 
	Parameter C_HAS_SUBTRACT bound to: 0 - type: integer 
	Parameter C_HAS_MULTIPLY bound to: 0 - type: integer 
	Parameter C_HAS_DIVIDE bound to: 0 - type: integer 
	Parameter C_HAS_SQRT bound to: 0 - type: integer 
	Parameter C_HAS_COMPARE bound to: 0 - type: integer 
	Parameter C_HAS_FIX_TO_FLT bound to: 0 - type: integer 
	Parameter C_HAS_FLT_TO_FIX bound to: 1 - type: integer 
	Parameter C_HAS_FLT_TO_FLT bound to: 0 - type: integer 
	Parameter C_HAS_RECIP bound to: 0 - type: integer 
	Parameter C_HAS_RECIP_SQRT bound to: 0 - type: integer 
	Parameter C_HAS_ABSOLUTE bound to: 0 - type: integer 
	Parameter C_HAS_LOGARITHM bound to: 0 - type: integer 
	Parameter C_HAS_EXPONENTIAL bound to: 0 - type: integer 
	Parameter C_HAS_FMA bound to: 0 - type: integer 
	Parameter C_HAS_FMS bound to: 0 - type: integer 
	Parameter C_HAS_ACCUMULATOR_A bound to: 0 - type: integer 
	Parameter C_HAS_ACCUMULATOR_S bound to: 0 - type: integer 
	Parameter C_A_WIDTH bound to: 32 - type: integer 
	Parameter C_A_FRACTION_WIDTH bound to: 24 - type: integer 
	Parameter C_B_WIDTH bound to: 32 - type: integer 
	Parameter C_B_FRACTION_WIDTH bound to: 24 - type: integer 
	Parameter C_C_WIDTH bound to: 32 - type: integer 
	Parameter C_C_FRACTION_WIDTH bound to: 24 - type: integer 
	Parameter C_RESULT_WIDTH bound to: 32 - type: integer 
	Parameter C_RESULT_FRACTION_WIDTH bound to: 0 - type: integer 
	Parameter C_COMPARE_OPERATION bound to: 8 - type: integer 
	Parameter C_LATENCY bound to: 7 - type: integer 
	Parameter C_OPTIMIZATION bound to: 1 - type: integer 
	Parameter C_MULT_USAGE bound to: 0 - type: integer 
	Parameter C_BRAM_USAGE bound to: 0 - type: integer 
	Parameter C_RATE bound to: 1 - type: integer 
	Parameter C_ACCUM_INPUT_MSB bound to: 32 - type: integer 
	Parameter C_ACCUM_MSB bound to: 32 - type: integer 
	Parameter C_ACCUM_LSB bound to: -31 - type: integer 
	Parameter C_HAS_UNDERFLOW bound to: 0 - type: integer 
	Parameter C_HAS_OVERFLOW bound to: 0 - type: integer 
	Parameter C_HAS_INVALID_OP bound to: 0 - type: integer 
	Parameter C_HAS_DIVIDE_BY_ZERO bound to: 0 - type: integer 
	Parameter C_HAS_ACCUM_OVERFLOW bound to: 0 - type: integer 
	Parameter C_HAS_ACCUM_INPUT_OVERFLOW bound to: 0 - type: integer 
	Parameter C_HAS_ACLKEN bound to: 0 - type: integer 
	Parameter C_HAS_ARESETN bound to: 0 - type: integer 
	Parameter C_THROTTLE_SCHEME bound to: 1 - type: integer 
	Parameter C_HAS_A_TUSER bound to: 0 - type: integer 
	Parameter C_HAS_A_TLAST bound to: 0 - type: integer 
	Parameter C_HAS_B bound to: 0 - type: integer 
	Parameter C_HAS_B_TUSER bound to: 0 - type: integer 
	Parameter C_HAS_B_TLAST bound to: 0 - type: integer 
	Parameter C_HAS_C bound to: 0 - type: integer 
	Parameter C_HAS_C_TUSER bound to: 0 - type: integer 
	Parameter C_HAS_C_TLAST bound to: 0 - type: integer 
	Parameter C_HAS_OPERATION bound to: 0 - type: integer 
	Parameter C_HAS_OPERATION_TUSER bound to: 0 - type: integer 
	Parameter C_HAS_OPERATION_TLAST bound to: 0 - type: integer 
	Parameter C_HAS_RESULT_TUSER bound to: 0 - type: integer 
	Parameter C_HAS_RESULT_TLAST bound to: 0 - type: integer 
	Parameter C_TLAST_RESOLUTION bound to: 0 - type: integer 
	Parameter C_A_TDATA_WIDTH bound to: 32 - type: integer 
	Parameter C_A_TUSER_WIDTH bound to: 1 - type: integer 
	Parameter C_B_TDATA_WIDTH bound to: 32 - type: integer 
	Parameter C_B_TUSER_WIDTH bound to: 1 - type: integer 
	Parameter C_C_TDATA_WIDTH bound to: 32 - type: integer 
	Parameter C_C_TUSER_WIDTH bound to: 1 - type: integer 
	Parameter C_OPERATION_TDATA_WIDTH bound to: 8 - type: integer 
	Parameter C_OPERATION_TUSER_WIDTH bound to: 1 - type: integer 
	Parameter C_RESULT_TDATA_WIDTH bound to: 32 - type: integer 
	Parameter C_RESULT_TUSER_WIDTH bound to: 1 - type: integer 
	Parameter C_FIXED_DATA_UNSIGNED bound to: 0 - type: integer 
INFO: [Synth 8-3491] module 'floating_point_v7_1_7' declared at 'c:/Users/lish/Desktop/300/max30102x3/prj/prj.srcs/sources_1/ip/floating_point_0/hdl/floating_point_v7_1_vh_rfs.vhd:91615' bound to instance 'U0' of component 'floating_point_v7_1_7' [c:/Users/lish/Desktop/300/max30102x3/prj/prj.srcs/sources_1/ip/floating_point_0/synth/floating_point_0.vhd:199]
INFO: [Synth 8-256] done synthesizing module 'floating_point_0' (13#1) [c:/Users/lish/Desktop/300/max30102x3/prj/prj.srcs/sources_1/ip/floating_point_0/synth/floating_point_0.vhd:71]
WARNING: [Synth 8-3331] design xbip_pipe_v3_0_5_viv__parameterized1 has unconnected port SCLR
WARNING: [Synth 8-3331] design xbip_pipe_v3_0_5_viv__parameterized1 has unconnected port SSET
WARNING: [Synth 8-3331] design xbip_pipe_v3_0_5_viv__parameterized1 has unconnected port SINIT
WARNING: [Synth 8-3331] design xbip_pipe_v3_0_5_viv__parameterized27 has unconnected port SCLR
WARNING: [Synth 8-3331] design xbip_pipe_v3_0_5_viv__parameterized27 has unconnected port SSET
WARNING: [Synth 8-3331] design xbip_pipe_v3_0_5_viv__parameterized27 has unconnected port SINIT
WARNING: [Synth 8-3331] design xbip_pipe_v3_0_5_viv__parameterized5 has unconnected port CLK
WARNING: [Synth 8-3331] design xbip_pipe_v3_0_5_viv__parameterized5 has unconnected port CE
WARNING: [Synth 8-3331] design xbip_pipe_v3_0_5_viv__parameterized5 has unconnected port SCLR
WARNING: [Synth 8-3331] design xbip_pipe_v3_0_5_viv__parameterized5 has unconnected port SSET
WARNING: [Synth 8-3331] design xbip_pipe_v3_0_5_viv__parameterized5 has unconnected port SINIT
WARNING: [Synth 8-3331] design xbip_pipe_v3_0_5_viv__parameterized33 has unconnected port CLK
WARNING: [Synth 8-3331] design xbip_pipe_v3_0_5_viv__parameterized33 has unconnected port CE
WARNING: [Synth 8-3331] design xbip_pipe_v3_0_5_viv__parameterized33 has unconnected port SCLR
WARNING: [Synth 8-3331] design xbip_pipe_v3_0_5_viv__parameterized33 has unconnected port SSET
WARNING: [Synth 8-3331] design xbip_pipe_v3_0_5_viv__parameterized33 has unconnected port SINIT
WARNING: [Synth 8-3331] design xbip_pipe_v3_0_5_viv__parameterized35 has unconnected port SCLR
WARNING: [Synth 8-3331] design xbip_pipe_v3_0_5_viv__parameterized35 has unconnected port SSET
WARNING: [Synth 8-3331] design xbip_pipe_v3_0_5_viv__parameterized35 has unconnected port SINIT
WARNING: [Synth 8-3331] design carry_chain__parameterized1 has unconnected port B[33]
WARNING: [Synth 8-3331] design xbip_pipe_v3_0_5_viv__parameterized31 has unconnected port SCLR
WARNING: [Synth 8-3331] design xbip_pipe_v3_0_5_viv__parameterized31 has unconnected port SSET
WARNING: [Synth 8-3331] design xbip_pipe_v3_0_5_viv__parameterized31 has unconnected port SINIT
WARNING: [Synth 8-3331] design xbip_pipe_v3_0_5_viv__parameterized29 has unconnected port CLK
WARNING: [Synth 8-3331] design xbip_pipe_v3_0_5_viv__parameterized29 has unconnected port CE
WARNING: [Synth 8-3331] design xbip_pipe_v3_0_5_viv__parameterized29 has unconnected port SCLR
WARNING: [Synth 8-3331] design xbip_pipe_v3_0_5_viv__parameterized29 has unconnected port SSET
WARNING: [Synth 8-3331] design xbip_pipe_v3_0_5_viv__parameterized29 has unconnected port SINIT
WARNING: [Synth 8-3331] design xbip_pipe_v3_0_5_viv__parameterized25 has unconnected port SCLR
WARNING: [Synth 8-3331] design xbip_pipe_v3_0_5_viv__parameterized25 has unconnected port SSET
WARNING: [Synth 8-3331] design xbip_pipe_v3_0_5_viv__parameterized25 has unconnected port SINIT
WARNING: [Synth 8-3331] design xbip_pipe_v3_0_5_viv__parameterized23 has unconnected port SCLR
WARNING: [Synth 8-3331] design xbip_pipe_v3_0_5_viv__parameterized23 has unconnected port SSET
WARNING: [Synth 8-3331] design xbip_pipe_v3_0_5_viv__parameterized23 has unconnected port SINIT
WARNING: [Synth 8-3331] design xbip_pipe_v3_0_5_viv__parameterized19 has unconnected port CLK
WARNING: [Synth 8-3331] design xbip_pipe_v3_0_5_viv__parameterized19 has unconnected port CE
WARNING: [Synth 8-3331] design xbip_pipe_v3_0_5_viv__parameterized19 has unconnected port SCLR
WARNING: [Synth 8-3331] design xbip_pipe_v3_0_5_viv__parameterized19 has unconnected port SSET
WARNING: [Synth 8-3331] design xbip_pipe_v3_0_5_viv__parameterized19 has unconnected port SINIT
WARNING: [Synth 8-3331] design xbip_pipe_v3_0_5_viv__parameterized21 has unconnected port SCLR
WARNING: [Synth 8-3331] design xbip_pipe_v3_0_5_viv__parameterized21 has unconnected port SSET
WARNING: [Synth 8-3331] design xbip_pipe_v3_0_5_viv__parameterized21 has unconnected port SINIT
WARNING: [Synth 8-3331] design xbip_pipe_v3_0_5_viv__parameterized17 has unconnected port CLK
WARNING: [Synth 8-3331] design xbip_pipe_v3_0_5_viv__parameterized17 has unconnected port CE
WARNING: [Synth 8-3331] design xbip_pipe_v3_0_5_viv__parameterized17 has unconnected port SCLR
WARNING: [Synth 8-3331] design xbip_pipe_v3_0_5_viv__parameterized17 has unconnected port SSET
WARNING: [Synth 8-3331] design xbip_pipe_v3_0_5_viv__parameterized17 has unconnected port SINIT
WARNING: [Synth 8-3331] design zero_det_sel has unconnected port ZEROS_DET_IP[13]
WARNING: [Synth 8-3331] design zero_det_sel has unconnected port ZEROS_DET_IP[12]
WARNING: [Synth 8-3331] design zero_det_sel has unconnected port ZEROS_DET_IP[11]
WARNING: [Synth 8-3331] design zero_det_sel has unconnected port ZEROS_DET_IP[10]
WARNING: [Synth 8-3331] design zero_det_sel has unconnected port ZEROS_DET_IP[9]
WARNING: [Synth 8-3331] design zero_det_sel has unconnected port ZEROS_DET_IP[8]
WARNING: [Synth 8-3331] design zero_det_sel has unconnected port ZEROS_DET_IP[7]
WARNING: [Synth 8-3331] design zero_det_sel has unconnected port ZEROS_DET_IP[6]
WARNING: [Synth 8-3331] design zero_det_sel has unconnected port ZEROS_DET_IP[5]
WARNING: [Synth 8-3331] design zero_det_sel has unconnected port ZEROS_DET_IP[4]
WARNING: [Synth 8-3331] design zero_det_sel has unconnected port ZEROS_DET_IP[3]
WARNING: [Synth 8-3331] design zero_det_sel has unconnected port ZEROS_DET_IP[2]
WARNING: [Synth 8-3331] design zero_det_sel has unconnected port ZEROS_DET_IP[1]
WARNING: [Synth 8-3331] design zero_det_sel has unconnected port ZEROS_DET_IP[0]
WARNING: [Synth 8-3331] design xbip_pipe_v3_0_5_viv__parameterized15 has unconnected port SCLR
WARNING: [Synth 8-3331] design xbip_pipe_v3_0_5_viv__parameterized15 has unconnected port SSET
WARNING: [Synth 8-3331] design xbip_pipe_v3_0_5_viv__parameterized15 has unconnected port SINIT
WARNING: [Synth 8-3331] design xbip_pipe_v3_0_5_viv__parameterized13 has unconnected port SCLR
WARNING: [Synth 8-3331] design xbip_pipe_v3_0_5_viv__parameterized13 has unconnected port SSET
WARNING: [Synth 8-3331] design xbip_pipe_v3_0_5_viv__parameterized13 has unconnected port SINIT
WARNING: [Synth 8-3331] design xbip_pipe_v3_0_5_viv__parameterized11 has unconnected port SCLR
WARNING: [Synth 8-3331] design xbip_pipe_v3_0_5_viv__parameterized11 has unconnected port SSET
WARNING: [Synth 8-3331] design xbip_pipe_v3_0_5_viv__parameterized11 has unconnected port SINIT
WARNING: [Synth 8-3331] design xbip_pipe_v3_0_5_viv__parameterized9 has unconnected port SCLR
WARNING: [Synth 8-3331] design xbip_pipe_v3_0_5_viv__parameterized9 has unconnected port SSET
WARNING: [Synth 8-3331] design xbip_pipe_v3_0_5_viv__parameterized9 has unconnected port SINIT
WARNING: [Synth 8-3331] design xbip_pipe_v3_0_5_viv__parameterized7 has unconnected port CLK
WARNING: [Synth 8-3331] design xbip_pipe_v3_0_5_viv__parameterized7 has unconnected port CE
WARNING: [Synth 8-3331] design xbip_pipe_v3_0_5_viv__parameterized7 has unconnected port SCLR
WARNING: [Synth 8-3331] design xbip_pipe_v3_0_5_viv__parameterized7 has unconnected port SSET
WARNING: [Synth 8-3331] design xbip_pipe_v3_0_5_viv__parameterized7 has unconnected port SINIT
WARNING: [Synth 8-3331] design carry_chain has unconnected port CARRYS_OUT[2]
WARNING: [Synth 8-3331] design carry_chain has unconnected port CARRYS_OUT[1]
WARNING: [Synth 8-3331] design carry_chain has unconnected port CARRYS_OUT[0]
WARNING: [Synth 8-3331] design compare_eq_im has unconnected port CARRYS_OUT[0]
WARNING: [Synth 8-3331] design special_detect has unconnected port A[31]
WARNING: [Synth 8-3331] design xbip_pipe_v3_0_5_viv__parameterized3 has unconnected port SCLR
WARNING: [Synth 8-3331] design xbip_pipe_v3_0_5_viv__parameterized3 has unconnected port SSET
WARNING: [Synth 8-3331] design xbip_pipe_v3_0_5_viv__parameterized3 has unconnected port SINIT
WARNING: [Synth 8-3331] design axi_slave_2to1 has unconnected port s_axis_a_tuser[0]
WARNING: [Synth 8-3331] design axi_slave_2to1 has unconnected port s_axis_a_tlast
WARNING: [Synth 8-3331] design axi_slave_2to1 has unconnected port s_axis_b_tuser[0]
WARNING: [Synth 8-3331] design axi_slave_2to1 has unconnected port s_axis_b_tlast
WARNING: [Synth 8-3331] design xbip_pipe_v3_0_5_viv has unconnected port SCLR
WARNING: [Synth 8-3331] design xbip_pipe_v3_0_5_viv has unconnected port SSET
WARNING: [Synth 8-3331] design xbip_pipe_v3_0_5_viv has unconnected port SINIT
WARNING: [Synth 8-3331] design floating_point_v7_1_7_viv has unconnected port m_axis_result_tuser[0]
WARNING: [Synth 8-3331] design floating_point_v7_1_7_viv has unconnected port m_axis_result_tlast
WARNING: [Synth 8-3331] design floating_point_v7_1_7_viv has unconnected port aclken
WARNING: [Synth 8-3331] design floating_point_v7_1_7_viv has unconnected port aresetn
WARNING: [Synth 8-3331] design floating_point_v7_1_7_viv has unconnected port s_axis_b_tvalid
WARNING: [Synth 8-3331] design floating_point_v7_1_7_viv has unconnected port s_axis_b_tdata[31]
WARNING: [Synth 8-3331] design floating_point_v7_1_7_viv has unconnected port s_axis_b_tdata[30]
INFO: [Common 17-14] Message 'Synth 8-3331' appears 100 times and further instances of the messages will be disabled. Use the Tcl command set_msg_config to change the current settings.
---------------------------------------------------------------------------------
Finished RTL Elaboration : Time (s): cpu = 00:00:05 ; elapsed = 00:00:06 . Memory (MB): peak = 589.234 ; gain = 209.375
---------------------------------------------------------------------------------

Report Check Netlist: 
+------+------------------+-------+---------+-------+------------------+
|      |Item              |Errors |Warnings |Status |Description       |
+------+------------------+-------+---------+-------+------------------+
|1     |multi_driven_nets |      0|        0|Passed |Multi driven nets |
+------+------------------+-------+---------+-------+------------------+
---------------------------------------------------------------------------------
Start Handling Custom Attributes
---------------------------------------------------------------------------------
---------------------------------------------------------------------------------
Finished Handling Custom Attributes : Time (s): cpu = 00:00:05 ; elapsed = 00:00:06 . Memory (MB): peak = 589.234 ; gain = 209.375
---------------------------------------------------------------------------------
---------------------------------------------------------------------------------
Finished RTL Optimization Phase 1 : Time (s): cpu = 00:00:05 ; elapsed = 00:00:06 . Memory (MB): peak = 589.234 ; gain = 209.375
---------------------------------------------------------------------------------
INFO: [Netlist 29-17] Analyzing 87 Unisim elements for replacement
INFO: [Netlist 29-28] Unisim Transformation completed in 0 CPU seconds
INFO: [Device 21-403] Loading part xc7z020clg400-2
INFO: [Project 1-570] Preparing netlist for logic optimization

Processing XDC Constraints
Initializing timing engine
Parsing XDC File [c:/Users/lish/Desktop/300/max30102x3/prj/prj.srcs/sources_1/ip/floating_point_0/floating_point_0_ooc.xdc] for cell 'U0'
Finished Parsing XDC File [c:/Users/lish/Desktop/300/max30102x3/prj/prj.srcs/sources_1/ip/floating_point_0/floating_point_0_ooc.xdc] for cell 'U0'
Parsing XDC File [C:/Users/lish/Desktop/300/max30102x3/prj/prj.runs/floating_point_0_synth_1/dont_touch.xdc]
Finished Parsing XDC File [C:/Users/lish/Desktop/300/max30102x3/prj/prj.runs/floating_point_0_synth_1/dont_touch.xdc]
Completed Processing XDC Constraints

Netlist sorting complete. Time (s): cpu = 00:00:00 ; elapsed = 00:00:00.001 . Memory (MB): peak = 898.074 ; gain = 0.000
INFO: [Project 1-111] Unisim Transformation Summary:
  A total of 7 instances were transformed.
  FDE => FDRE: 7 instances

Netlist sorting complete. Time (s): cpu = 00:00:00 ; elapsed = 00:00:00 . Memory (MB): peak = 898.117 ; gain = 0.000
Constraint Validation Runtime : Time (s): cpu = 00:00:00 ; elapsed = 00:00:00.017 . Memory (MB): peak = 899.684 ; gain = 1.609
---------------------------------------------------------------------------------
Finished Constraint Validation : Time (s): cpu = 00:00:10 ; elapsed = 00:00:11 . Memory (MB): peak = 899.684 ; gain = 519.824
---------------------------------------------------------------------------------
---------------------------------------------------------------------------------
Start Loading Part and Timing Information
---------------------------------------------------------------------------------
Loading part: xc7z020clg400-2
---------------------------------------------------------------------------------
Finished Loading Part and Timing Information : Time (s): cpu = 00:00:10 ; elapsed = 00:00:11 . Memory (MB): peak = 899.684 ; gain = 519.824
---------------------------------------------------------------------------------
---------------------------------------------------------------------------------
Start Applying 'set_property' XDC Constraints
---------------------------------------------------------------------------------
Applied set_property DONT_TOUCH = true for U0. (constraint file  C:/Users/lish/Desktop/300/max30102x3/prj/prj.runs/floating_point_0_synth_1/dont_touch.xdc, line 9).
---------------------------------------------------------------------------------
Finished applying 'set_property' XDC Constraints : Time (s): cpu = 00:00:10 ; elapsed = 00:00:11 . Memory (MB): peak = 899.684 ; gain = 519.824
---------------------------------------------------------------------------------
INFO: [Synth 8-5546] ROM "exp_all_one_ip" won't be mapped to RAM because it is too sparse
INFO: [Synth 8-5546] ROM "exp_all_zero_ip" won't be mapped to RAM because it is too sparse
---------------------------------------------------------------------------------
Finished RTL Optimization Phase 2 : Time (s): cpu = 00:00:10 ; elapsed = 00:00:11 . Memory (MB): peak = 899.684 ; gain = 519.824
---------------------------------------------------------------------------------
INFO: [Synth 8-223] decloning instance 'U0/i_synth/DELAY_DIVIDE_BY_ZERO' (delay__parameterized13) to 'U0/i_synth/DELAY_ACCUM_OVERFLOW'
INFO: [Synth 8-223] decloning instance 'U0/i_synth/DELAY_DIVIDE_BY_ZERO' (delay__parameterized13) to 'U0/i_synth/DELAY_ACCUM_INPUT_OVERFLOW'

Report RTL Partitions: 
+-+--------------+------------+----------+
| |RTL Partition |Replication |Instances |
+-+--------------+------------+----------+
+-+--------------+------------+----------+
---------------------------------------------------------------------------------
Start RTL Component Statistics 
---------------------------------------------------------------------------------
---------------------------------------------------------------------------------
Finished RTL Component Statistics 
---------------------------------------------------------------------------------
---------------------------------------------------------------------------------
Start RTL Hierarchical Component Statistics 
---------------------------------------------------------------------------------
---------------------------------------------------------------------------------
Finished RTL Hierarchical Component Statistics
---------------------------------------------------------------------------------
---------------------------------------------------------------------------------
Start Part Resource Summary
---------------------------------------------------------------------------------
Part Resources:
DSPs: 220 (col length:60)
BRAMs: 280 (col length: RAMB18 60 RAMB36 30)
---------------------------------------------------------------------------------
Finished Part Resource Summary
---------------------------------------------------------------------------------
---------------------------------------------------------------------------------
Start Cross Boundary and Area Optimization
---------------------------------------------------------------------------------
Warning: Parallel synthesis criteria is not met 
INFO: [Synth 8-5546] ROM "FLT_TO_FIX_OP.SPD.OP/COND_DET/exp_all_one_ip" won't be mapped to RAM because it is too sparse
INFO: [Synth 8-5546] ROM "FLT_TO_FIX_OP.SPD.OP/COND_DET/exp_all_zero_ip" won't be mapped to RAM because it is too sparse
INFO: [Synth 8-3886] merging instance 'U0/i_synth/FLT_TO_FIX_OP.SPD.OP/ZERO_DET_DIST_DEL/DEL/i_pipe/opt_has_pipe.first_q_reg[1]' (FDE) to 'U0/i_synth/FLT_TO_FIX_OP.SPD.OP/ALIGN_DIST_DEL/DEL/i_pipe/opt_has_pipe.first_q_reg[1]'
INFO: [Synth 8-3886] merging instance 'U0/i_synth/FLT_TO_FIX_OP.SPD.OP/ZERO_DET_DIST_DEL/DEL/i_pipe/opt_has_pipe.first_q_reg[0]' (FDE) to 'U0/i_synth/FLT_TO_FIX_OP.SPD.OP/ALIGN_DIST_DEL/DEL/i_pipe/opt_has_pipe.first_q_reg[0]'
INFO: [Synth 8-3886] merging instance 'U0/i_synth/FLT_TO_FIX_OP.SPD.OP/ALIGN_Z_D/MUX_LOOP[0].DEL_Z_D/i_pipe/opt_has_pipe.first_q_reg[6]' (FDE) to 'U0/i_synth/FLT_TO_FIX_OP.SPD.OP/ALIGN_Z_D/MUX_LOOP[1].DEL_Z_D/i_pipe/opt_has_pipe.first_q_reg[2]'
INFO: [Synth 8-3886] merging instance 'U0/i_synth/FLT_TO_FIX_OP.SPD.OP/ALIGN_Z_D/MUX_LOOP[0].DEL_Z_D/i_pipe/opt_has_pipe.first_q_reg[7]' (FDE) to 'U0/i_synth/FLT_TO_FIX_OP.SPD.OP/ALIGN_Z_D/MUX_LOOP[1].DEL_Z_D/i_pipe/opt_has_pipe.first_q_reg[2]'
INFO: [Synth 8-3886] merging instance 'U0/i_synth/FLT_TO_FIX_OP.SPD.OP/ALIGN_Z_D/MUX_LOOP[1].DEL_Z_D/i_pipe/opt_has_pipe.first_q_reg[3]' (FDE) to 'U0/i_synth/FLT_TO_FIX_OP.SPD.OP/ALIGN_Z_D/MUX_LOOP[1].DEL_Z_D/i_pipe/opt_has_pipe.first_q_reg[2]'
INFO: [Synth 8-3332] Sequential element (FLT_TO_FIX_OP.SPD.OP/COND_DET/MANT_CARRY.MANT_ALL_ZERO_DET/CARRY_ZERO_DET/CHAIN_GEN[3].CARRYS_DEL.NEED_DEL.CARRYS_FD) is unused and will be removed from module floating_point_v7_1_7_viv.
INFO: [Synth 8-3886] merging instance 'U0/i_synth/FLT_TO_FIX_OP.SPD.OP/ZERO_DET_DIST_DEL/DEL/i_pipe/opt_has_pipe.first_q_reg[2]' (FDE) to 'U0/i_synth/FLT_TO_FIX_OP.SPD.OP/ALIGN_DIST_DEL/DEL/i_pipe/opt_has_pipe.first_q_reg[2]'
INFO: [Synth 8-3886] merging instance 'U0/i_synth/FLT_TO_FIX_OP.SPD.OP/ALIGN_Z_D/MUX_LOOP[1].SKEW_DIST_DEL.DEL_DIST/i_pipe/opt_has_pipe.first_q_reg[0]' (FDE) to 'U0/i_synth/FLT_TO_FIX_OP.SPD.OP/ALIGN_SHIFT/MUX_LOOP[1].SKEW_DIST_DEL.DEL_DIST/i_pipe/opt_has_pipe.first_q_reg[0]'
---------------------------------------------------------------------------------
Finished Cross Boundary and Area Optimization : Time (s): cpu = 00:00:10 ; elapsed = 00:00:12 . Memory (MB): peak = 899.684 ; gain = 519.824
---------------------------------------------------------------------------------

Report RTL Partitions: 
+-+--------------+------------+----------+
| |RTL Partition |Replication |Instances |
+-+--------------+------------+----------+
+-+--------------+------------+----------+
---------------------------------------------------------------------------------
Start Applying XDC Timing Constraints
---------------------------------------------------------------------------------
---------------------------------------------------------------------------------
Finished Applying XDC Timing Constraints : Time (s): cpu = 00:00:15 ; elapsed = 00:00:16 . Memory (MB): peak = 899.684 ; gain = 519.824
---------------------------------------------------------------------------------
---------------------------------------------------------------------------------
Start Timing Optimization
---------------------------------------------------------------------------------
---------------------------------------------------------------------------------
Finished Timing Optimization : Time (s): cpu = 00:00:15 ; elapsed = 00:00:16 . Memory (MB): peak = 909.992 ; gain = 530.133
---------------------------------------------------------------------------------

Report RTL Partitions: 
+-+--------------+------------+----------+
| |RTL Partition |Replication |Instances |
+-+--------------+------------+----------+
+-+--------------+------------+----------+
---------------------------------------------------------------------------------
Start Technology Mapping
---------------------------------------------------------------------------------
---------------------------------------------------------------------------------
Finished Technology Mapping : Time (s): cpu = 00:00:15 ; elapsed = 00:00:17 . Memory (MB): peak = 911.812 ; gain = 531.953
---------------------------------------------------------------------------------

Report RTL Partitions: 
+-+--------------+------------+----------+
| |RTL Partition |Replication |Instances |
+-+--------------+------------+----------+
+-+--------------+------------+----------+
---------------------------------------------------------------------------------
Start IO Insertion
---------------------------------------------------------------------------------
---------------------------------------------------------------------------------
Start Flattening Before IO Insertion
---------------------------------------------------------------------------------
---------------------------------------------------------------------------------
Finished Flattening Before IO Insertion
---------------------------------------------------------------------------------
---------------------------------------------------------------------------------
Start Final Netlist Cleanup
---------------------------------------------------------------------------------
---------------------------------------------------------------------------------
Finished Final Netlist Cleanup
---------------------------------------------------------------------------------
---------------------------------------------------------------------------------
Finished IO Insertion : Time (s): cpu = 00:00:15 ; elapsed = 00:00:17 . Memory (MB): peak = 911.812 ; gain = 531.953
---------------------------------------------------------------------------------

Report Check Netlist: 
+------+------------------+-------+---------+-------+------------------+
|      |Item              |Errors |Warnings |Status |Description       |
+------+------------------+-------+---------+-------+------------------+
|1     |multi_driven_nets |      0|        0|Passed |Multi driven nets |
+------+------------------+-------+---------+-------+------------------+
---------------------------------------------------------------------------------
Start Renaming Generated Instances
---------------------------------------------------------------------------------
---------------------------------------------------------------------------------
Finished Renaming Generated Instances : Time (s): cpu = 00:00:15 ; elapsed = 00:00:17 . Memory (MB): peak = 911.812 ; gain = 531.953
---------------------------------------------------------------------------------

Report RTL Partitions: 
+-+--------------+------------+----------+
| |RTL Partition |Replication |Instances |
+-+--------------+------------+----------+
+-+--------------+------------+----------+
---------------------------------------------------------------------------------
Start Rebuilding User Hierarchy
---------------------------------------------------------------------------------
---------------------------------------------------------------------------------
Finished Rebuilding User Hierarchy : Time (s): cpu = 00:00:15 ; elapsed = 00:00:17 . Memory (MB): peak = 911.812 ; gain = 531.953
---------------------------------------------------------------------------------
---------------------------------------------------------------------------------
Start Renaming Generated Ports
---------------------------------------------------------------------------------
---------------------------------------------------------------------------------
Finished Renaming Generated Ports : Time (s): cpu = 00:00:15 ; elapsed = 00:00:17 . Memory (MB): peak = 911.812 ; gain = 531.953
---------------------------------------------------------------------------------
---------------------------------------------------------------------------------
Start Handling Custom Attributes
---------------------------------------------------------------------------------
---------------------------------------------------------------------------------
Finished Handling Custom Attributes : Time (s): cpu = 00:00:16 ; elapsed = 00:00:17 . Memory (MB): peak = 911.812 ; gain = 531.953
---------------------------------------------------------------------------------
---------------------------------------------------------------------------------
Start Renaming Generated Nets
---------------------------------------------------------------------------------
---------------------------------------------------------------------------------
Finished Renaming Generated Nets : Time (s): cpu = 00:00:16 ; elapsed = 00:00:17 . Memory (MB): peak = 911.812 ; gain = 531.953
---------------------------------------------------------------------------------
---------------------------------------------------------------------------------
Start Writing Synthesis Report
---------------------------------------------------------------------------------

Report BlackBoxes: 
+-+--------------+----------+
| |BlackBox name |Instances |
+-+--------------+----------+
+-+--------------+----------+

Report Cell Usage: 
+------+-------+------+
|      |Cell   |Count |
+------+-------+------+
|1     |LUT1   |     2|
|2     |LUT2   |    37|
|3     |LUT3   |    49|
|4     |LUT4   |    21|
|5     |LUT5   |    50|
|6     |LUT6   |    64|
|7     |MUXCY  |    38|
|8     |MUXF7  |     2|
|9     |MUXF8  |     1|
|10    |SRL16E |     5|
|11    |XORCY  |    32|
|12    |FDE    |     6|
|13    |FDRE   |   297|
+------+-------+------+
---------------------------------------------------------------------------------
Finished Writing Synthesis Report : Time (s): cpu = 00:00:16 ; elapsed = 00:00:17 . Memory (MB): peak = 911.812 ; gain = 531.953
---------------------------------------------------------------------------------
Synthesis finished with 0 errors, 0 critical warnings and 85 warnings.
Synthesis Optimization Runtime : Time (s): cpu = 00:00:08 ; elapsed = 00:00:13 . Memory (MB): peak = 911.812 ; gain = 221.504
Synthesis Optimization Complete : Time (s): cpu = 00:00:16 ; elapsed = 00:00:17 . Memory (MB): peak = 911.812 ; gain = 531.953
INFO: [Project 1-571] Translating synthesized netlist
INFO: [Netlist 29-17] Analyzing 79 Unisim elements for replacement
INFO: [Netlist 29-28] Unisim Transformation completed in 0 CPU seconds
INFO: [Project 1-570] Preparing netlist for logic optimization
INFO: [Opt 31-138] Pushed 0 inverter(s) to 0 load pin(s).
Netlist sorting complete. Time (s): cpu = 00:00:00 ; elapsed = 00:00:00 . Memory (MB): peak = 915.652 ; gain = 0.000
INFO: [Project 1-111] Unisim Transformation Summary:
  A total of 17 instances were transformed.
  (MUXCY,XORCY) => CARRY4: 11 instances
  FDE => FDRE: 6 instances

INFO: [Common 17-83] Releasing license: Synthesis
31 Infos, 100 Warnings, 0 Critical Warnings and 0 Errors encountered.
synth_design completed successfully
synth_design: Time (s): cpu = 00:00:17 ; elapsed = 00:00:19 . Memory (MB): peak = 915.652 ; gain = 547.312
Netlist sorting complete. Time (s): cpu = 00:00:00 ; elapsed = 00:00:00 . Memory (MB): peak = 915.652 ; gain = 0.000
WARNING: [Constraints 18-5210] No constraints selected for write.
Resolution: This message can indicate that there are no constraints for the design, or it can indicate that the used_in flags are set such that the constraints are ignored. This later case is used when running synth_design to not write synthesis constraints to the resulting checkpoint. Instead, project constraints are read when the synthesized design is opened.
INFO: [Common 17-1381] The checkpoint 'C:/Users/lish/Desktop/300/max30102x3/prj/prj.runs/floating_point_0_synth_1/floating_point_0.dcp' has been generated.
INFO: [Coretcl 2-1648] Added synthesis output to IP cache for IP floating_point_0, cache-ID = d1c6fc374cc57510
INFO: [Coretcl 2-1174] Renamed 61 cell refs.
Netlist sorting complete. Time (s): cpu = 00:00:00 ; elapsed = 00:00:00.001 . Memory (MB): peak = 915.652 ; gain = 0.000
WARNING: [Constraints 18-5210] No constraints selected for write.
Resolution: This message can indicate that there are no constraints for the design, or it can indicate that the used_in flags are set such that the constraints are ignored. This later case is used when running synth_design to not write synthesis constraints to the resulting checkpoint. Instead, project constraints are read when the synthesized design is opened.
INFO: [Common 17-1381] The checkpoint 'C:/Users/lish/Desktop/300/max30102x3/prj/prj.runs/floating_point_0_synth_1/floating_point_0.dcp' has been generated.
INFO: [runtcl-4] Executing : report_utilization -file floating_point_0_utilization_synth.rpt -pb floating_point_0_utilization_synth.pb
INFO: [Common 17-206] Exiting Vivado at Tue Jan  6 19:28:23 2026...
[Tue Jan  6 19:28:24 2026] floating_point_0_synth_1 finished
wait_on_run: Time (s): cpu = 00:00:00 ; elapsed = 00:00:25 . Memory (MB): peak = 1489.105 ; gain = 0.000
launch_runs floating_add_synth_1
[Tue Jan  6 19:28:24 2026] Launched floating_add_synth_1...
Run output will be captured here: C:/Users/lish/Desktop/300/max30102x3/prj/prj.runs/floating_add_synth_1/runme.log
wait_on_run floating_add_synth_1
[Tue Jan  6 19:28:25 2026] Waiting for floating_add_synth_1 to finish...
[Tue Jan  6 19:28:30 2026] Waiting for floating_add_synth_1 to finish...
[Tue Jan  6 19:28:35 2026] Waiting for floating_add_synth_1 to finish...
[Tue Jan  6 19:28:40 2026] Waiting for floating_add_synth_1 to finish...
[Tue Jan  6 19:28:50 2026] Waiting for floating_add_synth_1 to finish...

*** Running vivado
    with args -log floating_add.vds -m64 -product Vivado -mode batch -messageDb vivado.pb -notrace -source floating_add.tcl


****** Vivado v2018.3 (64-bit)
  **** SW Build 2405991 on Thu Dec  6 23:38:27 MST 2018
  **** IP Build 2404404 on Fri Dec  7 01:43:56 MST 2018
    ** Copyright 1986-2018 Xilinx, Inc. All Rights Reserved.

source floating_add.tcl -notrace
Command: synth_design -top floating_add -part xc7z020clg400-2 -mode out_of_context
Starting synth_design
Attempting to get a license for feature 'Synthesis' and/or device 'xc7z020'
INFO: [Common 17-349] Got license for feature 'Synthesis' and/or device 'xc7z020'
INFO: Launching helper process for spawning children vivado processes
INFO: Helper process launched with PID 6388 
---------------------------------------------------------------------------------
Starting RTL Elaboration : Time (s): cpu = 00:00:03 ; elapsed = 00:00:03 . Memory (MB): peak = 475.969 ; gain = 96.965
---------------------------------------------------------------------------------
INFO: [Synth 8-638] synthesizing module 'floating_add' [c:/Users/lish/Desktop/300/max30102x3/prj/prj.srcs/sources_1/ip/floating_add/synth/floating_add.vhd:74]
	Parameter C_XDEVICEFAMILY bound to: zynq - type: string 
	Parameter C_HAS_ADD bound to: 1 - type: integer 
	Parameter C_HAS_SUBTRACT bound to: 0 - type: integer 
	Parameter C_HAS_MULTIPLY bound to: 0 - type: integer 
	Parameter C_HAS_DIVIDE bound to: 0 - type: integer 
	Parameter C_HAS_SQRT bound to: 0 - type: integer 
	Parameter C_HAS_COMPARE bound to: 0 - type: integer 
	Parameter C_HAS_FIX_TO_FLT bound to: 0 - type: integer 
	Parameter C_HAS_FLT_TO_FIX bound to: 0 - type: integer 
	Parameter C_HAS_FLT_TO_FLT bound to: 0 - type: integer 
	Parameter C_HAS_RECIP bound to: 0 - type: integer 
	Parameter C_HAS_RECIP_SQRT bound to: 0 - type: integer 
	Parameter C_HAS_ABSOLUTE bound to: 0 - type: integer 
	Parameter C_HAS_LOGARITHM bound to: 0 - type: integer 
	Parameter C_HAS_EXPONENTIAL bound to: 0 - type: integer 
	Parameter C_HAS_FMA bound to: 0 - type: integer 
	Parameter C_HAS_FMS bound to: 0 - type: integer 
	Parameter C_HAS_ACCUMULATOR_A bound to: 0 - type: integer 
	Parameter C_HAS_ACCUMULATOR_S bound to: 0 - type: integer 
	Parameter C_A_WIDTH bound to: 32 - type: integer 
	Parameter C_A_FRACTION_WIDTH bound to: 24 - type: integer 
	Parameter C_B_WIDTH bound to: 32 - type: integer 
	Parameter C_B_FRACTION_WIDTH bound to: 24 - type: integer 
	Parameter C_C_WIDTH bound to: 32 - type: integer 
	Parameter C_C_FRACTION_WIDTH bound to: 24 - type: integer 
	Parameter C_RESULT_WIDTH bound to: 32 - type: integer 
	Parameter C_RESULT_FRACTION_WIDTH bound to: 24 - type: integer 
	Parameter C_COMPARE_OPERATION bound to: 8 - type: integer 
	Parameter C_LATENCY bound to: 12 - type: integer 
	Parameter C_OPTIMIZATION bound to: 1 - type: integer 
	Parameter C_MULT_USAGE bound to: 2 - type: integer 
	Parameter C_BRAM_USAGE bound to: 0 - type: integer 
	Parameter C_RATE bound to: 1 - type: integer 
	Parameter C_ACCUM_INPUT_MSB bound to: 32 - type: integer 
	Parameter C_ACCUM_MSB bound to: 32 - type: integer 
	Parameter C_ACCUM_LSB bound to: -31 - type: integer 
	Parameter C_HAS_UNDERFLOW bound to: 0 - type: integer 
	Parameter C_HAS_OVERFLOW bound to: 0 - type: integer 
	Parameter C_HAS_INVALID_OP bound to: 0 - type: integer 
	Parameter C_HAS_DIVIDE_BY_ZERO bound to: 0 - type: integer 
	Parameter C_HAS_ACCUM_OVERFLOW bound to: 0 - type: integer 
	Parameter C_HAS_ACCUM_INPUT_OVERFLOW bound to: 0 - type: integer 
	Parameter C_HAS_ACLKEN bound to: 0 - type: integer 
	Parameter C_HAS_ARESETN bound to: 0 - type: integer 
	Parameter C_THROTTLE_SCHEME bound to: 1 - type: integer 
	Parameter C_HAS_A_TUSER bound to: 0 - type: integer 
	Parameter C_HAS_A_TLAST bound to: 0 - type: integer 
	Parameter C_HAS_B bound to: 1 - type: integer 
	Parameter C_HAS_B_TUSER bound to: 0 - type: integer 
	Parameter C_HAS_B_TLAST bound to: 0 - type: integer 
	Parameter C_HAS_C bound to: 0 - type: integer 
	Parameter C_HAS_C_TUSER bound to: 0 - type: integer 
	Parameter C_HAS_C_TLAST bound to: 0 - type: integer 
	Parameter C_HAS_OPERATION bound to: 0 - type: integer 
	Parameter C_HAS_OPERATION_TUSER bound to: 0 - type: integer 
	Parameter C_HAS_OPERATION_TLAST bound to: 0 - type: integer 
	Parameter C_HAS_RESULT_TUSER bound to: 0 - type: integer 
	Parameter C_HAS_RESULT_TLAST bound to: 0 - type: integer 
	Parameter C_TLAST_RESOLUTION bound to: 0 - type: integer 
	Parameter C_A_TDATA_WIDTH bound to: 32 - type: integer 
	Parameter C_A_TUSER_WIDTH bound to: 1 - type: integer 
	Parameter C_B_TDATA_WIDTH bound to: 32 - type: integer 
	Parameter C_B_TUSER_WIDTH bound to: 1 - type: integer 
	Parameter C_C_TDATA_WIDTH bound to: 32 - type: integer 
	Parameter C_C_TUSER_WIDTH bound to: 1 - type: integer 
	Parameter C_OPERATION_TDATA_WIDTH bound to: 8 - type: integer 
	Parameter C_OPERATION_TUSER_WIDTH bound to: 1 - type: integer 
	Parameter C_RESULT_TDATA_WIDTH bound to: 32 - type: integer 
	Parameter C_RESULT_TUSER_WIDTH bound to: 1 - type: integer 
	Parameter C_FIXED_DATA_UNSIGNED bound to: 0 - type: integer 
INFO: [Synth 8-3491] module 'floating_point_v7_1_7' declared at 'c:/Users/lish/Desktop/300/max30102x3/prj/prj.srcs/sources_1/ip/floating_add/hdl/floating_point_v7_1_vh_rfs.vhd:91615' bound to instance 'U0' of component 'floating_point_v7_1_7' [c:/Users/lish/Desktop/300/max30102x3/prj/prj.srcs/sources_1/ip/floating_add/synth/floating_add.vhd:206]
INFO: [Synth 8-256] done synthesizing module 'floating_add' (19#1) [c:/Users/lish/Desktop/300/max30102x3/prj/prj.srcs/sources_1/ip/floating_add/synth/floating_add.vhd:74]
WARNING: [Synth 8-3331] design axi_slave_2to1 has unconnected port s_axis_a_tuser[0]
WARNING: [Synth 8-3331] design axi_slave_2to1 has unconnected port s_axis_a_tlast
WARNING: [Synth 8-3331] design axi_slave_2to1 has unconnected port s_axis_b_tuser[0]
WARNING: [Synth 8-3331] design axi_slave_2to1 has unconnected port s_axis_b_tlast
WARNING: [Synth 8-3331] design xbip_pipe_v3_0_5_viv__parameterized67 has unconnected port CLK
WARNING: [Synth 8-3331] design xbip_pipe_v3_0_5_viv__parameterized67 has unconnected port CE
WARNING: [Synth 8-3331] design xbip_pipe_v3_0_5_viv__parameterized67 has unconnected port SCLR
WARNING: [Synth 8-3331] design xbip_pipe_v3_0_5_viv__parameterized67 has unconnected port SSET
WARNING: [Synth 8-3331] design xbip_pipe_v3_0_5_viv__parameterized67 has unconnected port SINIT
WARNING: [Synth 8-3331] design xbip_pipe_v3_0_5_viv__parameterized59 has unconnected port SCLR
WARNING: [Synth 8-3331] design xbip_pipe_v3_0_5_viv__parameterized59 has unconnected port SSET
WARNING: [Synth 8-3331] design xbip_pipe_v3_0_5_viv__parameterized59 has unconnected port SINIT
WARNING: [Synth 8-3331] design xbip_pipe_v3_0_5_viv__parameterized57 has unconnected port SCLR
WARNING: [Synth 8-3331] design xbip_pipe_v3_0_5_viv__parameterized57 has unconnected port SSET
WARNING: [Synth 8-3331] design xbip_pipe_v3_0_5_viv__parameterized57 has unconnected port SINIT
WARNING: [Synth 8-3331] design xbip_pipe_v3_0_5_viv__parameterized55 has unconnected port SCLR
WARNING: [Synth 8-3331] design xbip_pipe_v3_0_5_viv__parameterized55 has unconnected port SSET
WARNING: [Synth 8-3331] design xbip_pipe_v3_0_5_viv__parameterized55 has unconnected port SINIT
WARNING: [Synth 8-3331] design xbip_pipe_v3_0_5_viv__parameterized45 has unconnected port CLK
WARNING: [Synth 8-3331] design xbip_pipe_v3_0_5_viv__parameterized45 has unconnected port CE
WARNING: [Synth 8-3331] design xbip_pipe_v3_0_5_viv__parameterized45 has unconnected port SCLR
WARNING: [Synth 8-3331] design xbip_pipe_v3_0_5_viv__parameterized45 has unconnected port SSET
WARNING: [Synth 8-3331] design xbip_pipe_v3_0_5_viv__parameterized45 has unconnected port SINIT
WARNING: [Synth 8-3331] design carry_chain__parameterized3 has unconnected port B[8]
WARNING: [Synth 8-3331] design xbip_pipe_v3_0_5_viv__parameterized43 has unconnected port SCLR
WARNING: [Synth 8-3331] design xbip_pipe_v3_0_5_viv__parameterized43 has unconnected port SSET
WARNING: [Synth 8-3331] design xbip_pipe_v3_0_5_viv__parameterized43 has unconnected port SINIT
WARNING: [Synth 8-3331] design xbip_pipe_v3_0_5_viv__parameterized47 has unconnected port SCLR
WARNING: [Synth 8-3331] design xbip_pipe_v3_0_5_viv__parameterized47 has unconnected port SSET
WARNING: [Synth 8-3331] design xbip_pipe_v3_0_5_viv__parameterized47 has unconnected port SINIT
WARNING: [Synth 8-3331] design xbip_pipe_v3_0_5_viv__parameterized65 has unconnected port SCLR
WARNING: [Synth 8-3331] design xbip_pipe_v3_0_5_viv__parameterized65 has unconnected port SSET
WARNING: [Synth 8-3331] design xbip_pipe_v3_0_5_viv__parameterized65 has unconnected port SINIT
WARNING: [Synth 8-3331] design xbip_pipe_v3_0_5_viv__parameterized63 has unconnected port CLK
WARNING: [Synth 8-3331] design xbip_pipe_v3_0_5_viv__parameterized63 has unconnected port CE
WARNING: [Synth 8-3331] design xbip_pipe_v3_0_5_viv__parameterized63 has unconnected port SCLR
WARNING: [Synth 8-3331] design xbip_pipe_v3_0_5_viv__parameterized63 has unconnected port SSET
WARNING: [Synth 8-3331] design xbip_pipe_v3_0_5_viv__parameterized63 has unconnected port SINIT
WARNING: [Synth 8-3331] design xbip_pipe_v3_0_5_viv__parameterized41 has unconnected port SCLR
WARNING: [Synth 8-3331] design xbip_pipe_v3_0_5_viv__parameterized41 has unconnected port SSET
WARNING: [Synth 8-3331] design xbip_pipe_v3_0_5_viv__parameterized41 has unconnected port SINIT
WARNING: [Synth 8-3331] design xbip_pipe_v3_0_5_viv__parameterized61 has unconnected port SCLR
WARNING: [Synth 8-3331] design xbip_pipe_v3_0_5_viv__parameterized61 has unconnected port SSET
WARNING: [Synth 8-3331] design xbip_pipe_v3_0_5_viv__parameterized61 has unconnected port SINIT
WARNING: [Synth 8-3331] design xbip_pipe_v3_0_5_viv__parameterized53 has unconnected port SCLR
WARNING: [Synth 8-3331] design xbip_pipe_v3_0_5_viv__parameterized53 has unconnected port SSET
WARNING: [Synth 8-3331] design xbip_pipe_v3_0_5_viv__parameterized53 has unconnected port SINIT
WARNING: [Synth 8-3331] design xbip_pipe_v3_0_5_viv__parameterized51 has unconnected port SCLR
WARNING: [Synth 8-3331] design xbip_pipe_v3_0_5_viv__parameterized51 has unconnected port SSET
WARNING: [Synth 8-3331] design xbip_pipe_v3_0_5_viv__parameterized51 has unconnected port SINIT
WARNING: [Synth 8-3331] design xbip_pipe_v3_0_5_viv__parameterized49 has unconnected port SCLR
WARNING: [Synth 8-3331] design xbip_pipe_v3_0_5_viv__parameterized49 has unconnected port SSET
WARNING: [Synth 8-3331] design xbip_pipe_v3_0_5_viv__parameterized49 has unconnected port SINIT
WARNING: [Synth 8-3331] design xbip_pipe_v3_0_5_viv__parameterized11 has unconnected port SCLR
WARNING: [Synth 8-3331] design xbip_pipe_v3_0_5_viv__parameterized11 has unconnected port SSET
WARNING: [Synth 8-3331] design xbip_pipe_v3_0_5_viv__parameterized11 has unconnected port SINIT
WARNING: [Synth 8-3331] design xbip_pipe_v3_0_5_viv__parameterized3 has unconnected port CLK
WARNING: [Synth 8-3331] design xbip_pipe_v3_0_5_viv__parameterized3 has unconnected port CE
WARNING: [Synth 8-3331] design xbip_pipe_v3_0_5_viv__parameterized3 has unconnected port SCLR
WARNING: [Synth 8-3331] design xbip_pipe_v3_0_5_viv__parameterized3 has unconnected port SSET
WARNING: [Synth 8-3331] design xbip_pipe_v3_0_5_viv__parameterized3 has unconnected port SINIT
WARNING: [Synth 8-3331] design xbip_pipe_v3_0_5_viv__parameterized21 has unconnected port CLK
WARNING: [Synth 8-3331] design xbip_pipe_v3_0_5_viv__parameterized21 has unconnected port CE
WARNING: [Synth 8-3331] design xbip_pipe_v3_0_5_viv__parameterized21 has unconnected port SCLR
WARNING: [Synth 8-3331] design xbip_pipe_v3_0_5_viv__parameterized21 has unconnected port SSET
WARNING: [Synth 8-3331] design xbip_pipe_v3_0_5_viv__parameterized21 has unconnected port SINIT
WARNING: [Synth 8-3331] design carry_chain__parameterized2 has unconnected port CARRYS_OUT[14]
WARNING: [Synth 8-3331] design carry_chain__parameterized2 has unconnected port CARRYS_OUT[13]
WARNING: [Synth 8-3331] design carry_chain__parameterized2 has unconnected port CARRYS_OUT[12]
WARNING: [Synth 8-3331] design carry_chain__parameterized2 has unconnected port CARRYS_OUT[11]
WARNING: [Synth 8-3331] design carry_chain__parameterized2 has unconnected port CARRYS_OUT[10]
WARNING: [Synth 8-3331] design carry_chain__parameterized2 has unconnected port CARRYS_OUT[9]
WARNING: [Synth 8-3331] design carry_chain__parameterized2 has unconnected port CARRYS_OUT[8]
WARNING: [Synth 8-3331] design carry_chain__parameterized2 has unconnected port CARRYS_OUT[7]
WARNING: [Synth 8-3331] design carry_chain__parameterized2 has unconnected port CARRYS_OUT[6]
WARNING: [Synth 8-3331] design carry_chain__parameterized2 has unconnected port CARRYS_OUT[5]
WARNING: [Synth 8-3331] design carry_chain__parameterized2 has unconnected port CARRYS_OUT[4]
WARNING: [Synth 8-3331] design carry_chain__parameterized2 has unconnected port CARRYS_OUT[3]
WARNING: [Synth 8-3331] design carry_chain__parameterized2 has unconnected port CARRYS_OUT[2]
WARNING: [Synth 8-3331] design carry_chain__parameterized2 has unconnected port CARRYS_OUT[1]
WARNING: [Synth 8-3331] design carry_chain__parameterized2 has unconnected port CARRYS_OUT[0]
WARNING: [Synth 8-3331] design xbip_pipe_v3_0_5_viv__parameterized15 has unconnected port CLK
WARNING: [Synth 8-3331] design xbip_pipe_v3_0_5_viv__parameterized15 has unconnected port CE
WARNING: [Synth 8-3331] design xbip_pipe_v3_0_5_viv__parameterized15 has unconnected port SCLR
WARNING: [Synth 8-3331] design xbip_pipe_v3_0_5_viv__parameterized15 has unconnected port SSET
WARNING: [Synth 8-3331] design xbip_pipe_v3_0_5_viv__parameterized15 has unconnected port SINIT
WARNING: [Synth 8-3331] design carry_chain__parameterized1 has unconnected port CARRYS_OUT[2]
WARNING: [Synth 8-3331] design carry_chain__parameterized1 has unconnected port CARRYS_OUT[1]
WARNING: [Synth 8-3331] design carry_chain__parameterized1 has unconnected port CARRYS_OUT[0]
WARNING: [Synth 8-3331] design compare_eq_im__parameterized0 has unconnected port CARRYS_OUT[0]
WARNING: [Synth 8-3331] design special_detect has unconnected port A[31]
WARNING: [Synth 8-3331] design flt_add_exp_sp has unconnected port ZERO_ALIGN
WARNING: [Synth 8-3331] design flt_add_exp_sp has unconnected port ROUND_EXP_INC
WARNING: [Synth 8-3331] design flt_add_exp_sp has unconnected port ADD_MANT_MSBS[1]
WARNING: [Synth 8-3331] design flt_add_exp_sp has unconnected port ADD_MANT_MSBS[0]
WARNING: [Synth 8-3331] design xbip_pipe_v3_0_5_viv__parameterized39 has unconnected port CLK
WARNING: [Synth 8-3331] design xbip_pipe_v3_0_5_viv__parameterized39 has unconnected port CE
WARNING: [Synth 8-3331] design xbip_pipe_v3_0_5_viv__parameterized39 has unconnected port SCLR
WARNING: [Synth 8-3331] design xbip_pipe_v3_0_5_viv__parameterized39 has unconnected port SSET
WARNING: [Synth 8-3331] design xbip_pipe_v3_0_5_viv__parameterized39 has unconnected port SINIT
INFO: [Common 17-14] Message 'Synth 8-3331' appears 100 times and further instances of the messages will be disabled. Use the Tcl command set_msg_config to change the current settings.
---------------------------------------------------------------------------------
Finished RTL Elaboration : Time (s): cpu = 00:00:06 ; elapsed = 00:00:07 . Memory (MB): peak = 609.367 ; gain = 230.363
---------------------------------------------------------------------------------

Report Check Netlist: 
+------+------------------+-------+---------+-------+------------------+
|      |Item              |Errors |Warnings |Status |Description       |
+------+------------------+-------+---------+-------+------------------+
|1     |multi_driven_nets |      0|        0|Passed |Multi driven nets |
+------+------------------+-------+---------+-------+------------------+
---------------------------------------------------------------------------------
Start Handling Custom Attributes
---------------------------------------------------------------------------------
---------------------------------------------------------------------------------
Finished Handling Custom Attributes : Time (s): cpu = 00:00:06 ; elapsed = 00:00:07 . Memory (MB): peak = 609.367 ; gain = 230.363
---------------------------------------------------------------------------------
---------------------------------------------------------------------------------
Finished RTL Optimization Phase 1 : Time (s): cpu = 00:00:06 ; elapsed = 00:00:07 . Memory (MB): peak = 609.367 ; gain = 230.363
---------------------------------------------------------------------------------
INFO: [Netlist 29-17] Analyzing 92 Unisim elements for replacement
INFO: [Netlist 29-28] Unisim Transformation completed in 0 CPU seconds
INFO: [Device 21-403] Loading part xc7z020clg400-2
INFO: [Project 1-570] Preparing netlist for logic optimization

Processing XDC Constraints
Initializing timing engine
Parsing XDC File [c:/Users/lish/Desktop/300/max30102x3/prj/prj.srcs/sources_1/ip/floating_add/floating_add_ooc.xdc] for cell 'U0'
Finished Parsing XDC File [c:/Users/lish/Desktop/300/max30102x3/prj/prj.srcs/sources_1/ip/floating_add/floating_add_ooc.xdc] for cell 'U0'
Parsing XDC File [C:/Users/lish/Desktop/300/max30102x3/prj/prj.runs/floating_add_synth_1/dont_touch.xdc]
Finished Parsing XDC File [C:/Users/lish/Desktop/300/max30102x3/prj/prj.runs/floating_add_synth_1/dont_touch.xdc]
Completed Processing XDC Constraints

Netlist sorting complete. Time (s): cpu = 00:00:00 ; elapsed = 00:00:00.001 . Memory (MB): peak = 828.352 ; gain = 0.000
INFO: [Project 1-111] Unisim Transformation Summary:
  A total of 12 instances were transformed.
  FDE => FDRE: 12 instances

Netlist sorting complete. Time (s): cpu = 00:00:00 ; elapsed = 00:00:00.001 . Memory (MB): peak = 828.410 ; gain = 0.000
Constraint Validation Runtime : Time (s): cpu = 00:00:00 ; elapsed = 00:00:00.017 . Memory (MB): peak = 829.539 ; gain = 1.188
---------------------------------------------------------------------------------
Finished Constraint Validation : Time (s): cpu = 00:00:11 ; elapsed = 00:00:12 . Memory (MB): peak = 829.539 ; gain = 450.535
---------------------------------------------------------------------------------
---------------------------------------------------------------------------------
Start Loading Part and Timing Information
---------------------------------------------------------------------------------
Loading part: xc7z020clg400-2
---------------------------------------------------------------------------------
Finished Loading Part and Timing Information : Time (s): cpu = 00:00:11 ; elapsed = 00:00:12 . Memory (MB): peak = 829.539 ; gain = 450.535
---------------------------------------------------------------------------------
---------------------------------------------------------------------------------
Start Applying 'set_property' XDC Constraints
---------------------------------------------------------------------------------
Applied set_property DONT_TOUCH = true for U0. (constraint file  C:/Users/lish/Desktop/300/max30102x3/prj/prj.runs/floating_add_synth_1/dont_touch.xdc, line 9).
---------------------------------------------------------------------------------
Finished applying 'set_property' XDC Constraints : Time (s): cpu = 00:00:11 ; elapsed = 00:00:12 . Memory (MB): peak = 829.539 ; gain = 450.535
---------------------------------------------------------------------------------
INFO: [Synth 8-5546] ROM "exp_all_one_ip" won't be mapped to RAM because it is too sparse
INFO: [Synth 8-5546] ROM "exp_all_zero_ip" won't be mapped to RAM because it is too sparse
INFO: [Synth 8-5546] ROM "exp_over_int" won't be mapped to RAM because it is too sparse
INFO: [Synth 8-5546] ROM "ip_sig" won't be mapped to RAM because it is too sparse
INFO: [Synth 8-5546] ROM "exp_over_int" won't be mapped to RAM because it is too sparse
INFO: [Synth 8-5546] ROM "ip_sig" won't be mapped to RAM because it is too sparse
INFO: [Synth 8-5544] ROM "det_state" won't be mapped to Block RAM because address size (1) smaller than threshold (5)
---------------------------------------------------------------------------------
Finished RTL Optimization Phase 2 : Time (s): cpu = 00:00:11 ; elapsed = 00:00:13 . Memory (MB): peak = 829.539 ; gain = 450.535
---------------------------------------------------------------------------------
INFO: [Synth 8-223] decloning instance 'U0/i_synth/DELAY_DIVIDE_BY_ZERO' (delay__parameterized0) to 'U0/i_synth/DELAY_ACCUM_OVERFLOW'
INFO: [Synth 8-223] decloning instance 'U0/i_synth/DELAY_DIVIDE_BY_ZERO' (delay__parameterized0) to 'U0/i_synth/DELAY_ACCUM_INPUT_OVERFLOW'

Report RTL Partitions: 
+-+--------------+------------+----------+
| |RTL Partition |Replication |Instances |
+-+--------------+------------+----------+
+-+--------------+------------+----------+
---------------------------------------------------------------------------------
Start RTL Component Statistics 
---------------------------------------------------------------------------------
---------------------------------------------------------------------------------
Finished RTL Component Statistics 
---------------------------------------------------------------------------------
---------------------------------------------------------------------------------
Start RTL Hierarchical Component Statistics 
---------------------------------------------------------------------------------
---------------------------------------------------------------------------------
Finished RTL Hierarchical Component Statistics
---------------------------------------------------------------------------------
---------------------------------------------------------------------------------
Start Part Resource Summary
---------------------------------------------------------------------------------
Part Resources:
DSPs: 220 (col length:60)
BRAMs: 280 (col length: RAMB18 60 RAMB36 30)
---------------------------------------------------------------------------------
Finished Part Resource Summary
---------------------------------------------------------------------------------
---------------------------------------------------------------------------------
Start Cross Boundary and Area Optimization
---------------------------------------------------------------------------------
Warning: Parallel synthesis criteria is not met 
INFO: [Synth 8-5546] ROM "ADDSUB_OP.ADDSUB/SPEED_OP.DSP.OP/DSP48E1_BODY.EXP/COND_DET_A/exp_all_one_ip" won't be mapped to RAM because it is too sparse
INFO: [Synth 8-5546] ROM "ADDSUB_OP.ADDSUB/SPEED_OP.DSP.OP/DSP48E1_BODY.EXP/COND_DET_A/exp_all_zero_ip" won't be mapped to RAM because it is too sparse
INFO: [Synth 8-5546] ROM "ADDSUB_OP.ADDSUB/SPEED_OP.DSP.OP/DSP48E1_BODY.EXP/COND_DET_B/exp_all_one_ip" won't be mapped to RAM because it is too sparse
INFO: [Synth 8-5546] ROM "ADDSUB_OP.ADDSUB/SPEED_OP.DSP.OP/DSP48E1_BODY.EXP/COND_DET_B/exp_all_zero_ip" won't be mapped to RAM because it is too sparse
INFO: [Synth 8-5546] ROM "ADDSUB_OP.ADDSUB/SPEED_OP.DSP.OP/DSP48E1_BODY.EXP/exp_over_int" won't be mapped to RAM because it is too sparse
INFO: [Synth 8-5546] ROM "ADDSUB_OP.ADDSUB/SPEED_OP.DSP.OP/DSP48E1_BODY.EXP/ip_sig" won't be mapped to RAM because it is too sparse
INFO: [Synth 8-3886] merging instance 'U0/i_synth/ADDSUB_OP.ADDSUB/SPEED_OP.DSP.OP/DSP48E1_BODY.ALIGN_ADD/SUB_ADD_IP_DELAY/i_pipe/opt_has_pipe.first_q_reg[0]' (FDE) to 'U0/i_synth/ADDSUB_OP.ADDSUB/SPEED_OP.DSP.OP/DSP48E1_BODY.ALIGN_ADD/SUB_DELAY/i_pipe/opt_has_pipe.first_q_reg[0]'
INFO: [Synth 8-3886] merging instance 'U0/i_synth/ADDSUB_OP.ADDSUB/SPEED_OP.DSP.OP/DSP48E1_BODY.EXP/DEC_STATE_PRE_OP_DELAY/i_pipe/opt_has_pipe.first_q_reg[4]' (FDE) to 'U0/i_synth/ADDSUB_OP.ADDSUB/SPEED_OP.DSP.OP/DSP48E1_BODY.EXP/DEC_STATE_PRE_OP_DELAY/i_pipe/opt_has_pipe.first_q_reg[6]'
INFO: [Synth 8-3886] merging instance 'U0/i_synth/ADDSUB_OP.ADDSUB/SPEED_OP.DSP.OP/DSP48E1_BODY.EXP/DEC_STATE_PRE_OP_DELAY/i_pipe/opt_has_pipe.first_q_reg[6]' (FDE) to 'U0/i_synth/ADDSUB_OP.ADDSUB/SPEED_OP.DSP.OP/DSP48E1_BODY.EXP/DEC_STATE_PRE_OP_DELAY/i_pipe/opt_has_pipe.first_q_reg[7]'
INFO: [Synth 8-3333] propagating constant 0 across sequential element (U0/i_synth/\ADDSUB_OP.ADDSUB/SPEED_OP.DSP.OP/DSP48E1_BODY.EXP/DEC_STATE_PRE_OP_DELAY/i_pipe/opt_has_pipe.first_q_reg[7] )
INFO: [Synth 8-3332] Sequential element (ADDSUB_OP.ADDSUB/SPEED_OP.DSP.OP/DSP48E1_BODY.NORM_RND/FULL_USAGE_DSP.LOD/dist_norm_reg[1]) is unused and will be removed from module floating_point_v7_1_7_viv.
INFO: [Synth 8-3332] Sequential element (ADDSUB_OP.ADDSUB/SPEED_OP.DSP.OP/DSP48E1_BODY.NORM_RND/FULL_USAGE_DSP.LOD/dist_norm_reg[0]) is unused and will be removed from module floating_point_v7_1_7_viv.
---------------------------------------------------------------------------------
Finished Cross Boundary and Area Optimization : Time (s): cpu = 00:00:12 ; elapsed = 00:00:13 . Memory (MB): peak = 829.539 ; gain = 450.535
---------------------------------------------------------------------------------

Report RTL Partitions: 
+-+--------------+------------+----------+
| |RTL Partition |Replication |Instances |
+-+--------------+------------+----------+
+-+--------------+------------+----------+
---------------------------------------------------------------------------------
Start Applying XDC Timing Constraints
---------------------------------------------------------------------------------
---------------------------------------------------------------------------------
Finished Applying XDC Timing Constraints : Time (s): cpu = 00:00:18 ; elapsed = 00:00:20 . Memory (MB): peak = 930.566 ; gain = 551.562
---------------------------------------------------------------------------------
---------------------------------------------------------------------------------
Start Timing Optimization
---------------------------------------------------------------------------------
---------------------------------------------------------------------------------
Finished Timing Optimization : Time (s): cpu = 00:00:19 ; elapsed = 00:00:20 . Memory (MB): peak = 953.188 ; gain = 574.184
---------------------------------------------------------------------------------

Report RTL Partitions: 
+-+--------------+------------+----------+
| |RTL Partition |Replication |Instances |
+-+--------------+------------+----------+
+-+--------------+------------+----------+
---------------------------------------------------------------------------------
Start Technology Mapping
---------------------------------------------------------------------------------
---------------------------------------------------------------------------------
Finished Technology Mapping : Time (s): cpu = 00:00:19 ; elapsed = 00:00:20 . Memory (MB): peak = 955.148 ; gain = 576.145
---------------------------------------------------------------------------------

Report RTL Partitions: 
+-+--------------+------------+----------+
| |RTL Partition |Replication |Instances |
+-+--------------+------------+----------+
+-+--------------+------------+----------+
---------------------------------------------------------------------------------
Start IO Insertion
---------------------------------------------------------------------------------
---------------------------------------------------------------------------------
Start Flattening Before IO Insertion
---------------------------------------------------------------------------------
---------------------------------------------------------------------------------
Finished Flattening Before IO Insertion
---------------------------------------------------------------------------------
---------------------------------------------------------------------------------
Start Final Netlist Cleanup
---------------------------------------------------------------------------------
INFO: [Synth 8-5365] Flop ADDSUB_OP.ADDSUB/SPEED_OP.DSP.OP/DSP48E1_BODY.EXP/merged_sub_mux.mux_DELAY/i_pipe/opt_has_pipe.first_q_reg[0] is being inverted and renamed to ADDSUB_OP.ADDSUB/SPEED_OP.DSP.OP/DSP48E1_BODY.EXP/merged_sub_mux.mux_DELAY/i_pipe/opt_has_pipe.first_q_reg[0]_inv.
---------------------------------------------------------------------------------
Finished Final Netlist Cleanup
---------------------------------------------------------------------------------
---------------------------------------------------------------------------------
Finished IO Insertion : Time (s): cpu = 00:00:19 ; elapsed = 00:00:21 . Memory (MB): peak = 955.148 ; gain = 576.145
---------------------------------------------------------------------------------

Report Check Netlist: 
+------+------------------+-------+---------+-------+------------------+
|      |Item              |Errors |Warnings |Status |Description       |
+------+------------------+-------+---------+-------+------------------+
|1     |multi_driven_nets |      0|        0|Passed |Multi driven nets |
+------+------------------+-------+---------+-------+------------------+
---------------------------------------------------------------------------------
Start Renaming Generated Instances
---------------------------------------------------------------------------------
---------------------------------------------------------------------------------
Finished Renaming Generated Instances : Time (s): cpu = 00:00:19 ; elapsed = 00:00:21 . Memory (MB): peak = 955.148 ; gain = 576.145
---------------------------------------------------------------------------------

Report RTL Partitions: 
+-+--------------+------------+----------+
| |RTL Partition |Replication |Instances |
+-+--------------+------------+----------+
+-+--------------+------------+----------+
---------------------------------------------------------------------------------
Start Rebuilding User Hierarchy
---------------------------------------------------------------------------------
---------------------------------------------------------------------------------
Finished Rebuilding User Hierarchy : Time (s): cpu = 00:00:19 ; elapsed = 00:00:21 . Memory (MB): peak = 955.148 ; gain = 576.145
---------------------------------------------------------------------------------
---------------------------------------------------------------------------------
Start Renaming Generated Ports
---------------------------------------------------------------------------------
---------------------------------------------------------------------------------
Finished Renaming Generated Ports : Time (s): cpu = 00:00:19 ; elapsed = 00:00:21 . Memory (MB): peak = 955.148 ; gain = 576.145
---------------------------------------------------------------------------------
---------------------------------------------------------------------------------
Start Handling Custom Attributes
---------------------------------------------------------------------------------
---------------------------------------------------------------------------------
Finished Handling Custom Attributes : Time (s): cpu = 00:00:19 ; elapsed = 00:00:21 . Memory (MB): peak = 955.148 ; gain = 576.145
---------------------------------------------------------------------------------
---------------------------------------------------------------------------------
Start Renaming Generated Nets
---------------------------------------------------------------------------------
---------------------------------------------------------------------------------
Finished Renaming Generated Nets : Time (s): cpu = 00:00:19 ; elapsed = 00:00:21 . Memory (MB): peak = 955.148 ; gain = 576.145
---------------------------------------------------------------------------------
---------------------------------------------------------------------------------
Start Writing Synthesis Report
---------------------------------------------------------------------------------

Report BlackBoxes: 
+-+--------------+----------+
| |BlackBox name |Instances |
+-+--------------+----------+
+-+--------------+----------+

Report Cell Usage: 
+------+----------+------+
|      |Cell      |Count |
+------+----------+------+
|1     |CARRY4    |     3|
|2     |DSP48E1   |     1|
|3     |DSP48E1_1 |     1|
|4     |LUT1      |     4|
|5     |LUT2      |    29|
|6     |LUT3      |   137|
|7     |LUT4      |    54|
|8     |LUT5      |    53|
|9     |LUT6      |    42|
|10    |MUXCY     |    58|
|11    |SRL16E    |    13|
|12    |XORCY     |    17|
|13    |FDE       |    12|
|14    |FDRE      |   438|
+------+----------+------+
---------------------------------------------------------------------------------
Finished Writing Synthesis Report : Time (s): cpu = 00:00:19 ; elapsed = 00:00:21 . Memory (MB): peak = 955.148 ; gain = 576.145
---------------------------------------------------------------------------------
Synthesis finished with 0 errors, 0 critical warnings and 52 warnings.
Synthesis Optimization Runtime : Time (s): cpu = 00:00:09 ; elapsed = 00:00:17 . Memory (MB): peak = 955.148 ; gain = 355.973
Synthesis Optimization Complete : Time (s): cpu = 00:00:19 ; elapsed = 00:00:21 . Memory (MB): peak = 955.148 ; gain = 576.145
INFO: [Project 1-571] Translating synthesized netlist
INFO: [Netlist 29-17] Analyzing 92 Unisim elements for replacement
INFO: [Netlist 29-28] Unisim Transformation completed in 0 CPU seconds
INFO: [Project 1-570] Preparing netlist for logic optimization
INFO: [Opt 31-138] Pushed 0 inverter(s) to 0 load pin(s).
Netlist sorting complete. Time (s): cpu = 00:00:00 ; elapsed = 00:00:00 . Memory (MB): peak = 955.148 ; gain = 0.000
INFO: [Project 1-111] Unisim Transformation Summary:
  A total of 28 instances were transformed.
  (MUXCY,XORCY) => CARRY4: 16 instances
  FDE => FDRE: 12 instances

INFO: [Common 17-83] Releasing license: Synthesis
39 Infos, 100 Warnings, 0 Critical Warnings and 0 Errors encountered.
synth_design completed successfully
synth_design: Time (s): cpu = 00:00:21 ; elapsed = 00:00:23 . Memory (MB): peak = 955.148 ; gain = 587.668
Netlist sorting complete. Time (s): cpu = 00:00:00 ; elapsed = 00:00:00.001 . Memory (MB): peak = 955.148 ; gain = 0.000
WARNING: [Constraints 18-5210] No constraints selected for write.
Resolution: This message can indicate that there are no constraints for the design, or it can indicate that the used_in flags are set such that the constraints are ignored. This later case is used when running synth_design to not write synthesis constraints to the resulting checkpoint. Instead, project constraints are read when the synthesized design is opened.
INFO: [Common 17-1381] The checkpoint 'C:/Users/lish/Desktop/300/max30102x3/prj/prj.runs/floating_add_synth_1/floating_add.dcp' has been generated.
INFO: [Coretcl 2-1648] Added synthesis output to IP cache for IP floating_add, cache-ID = 1b4ed427db9d7a6b
INFO: [Coretcl 2-1174] Renamed 107 cell refs.
Netlist sorting complete. Time (s): cpu = 00:00:00 ; elapsed = 00:00:00.001 . Memory (MB): peak = 955.148 ; gain = 0.000
WARNING: [Constraints 18-5210] No constraints selected for write.
Resolution: This message can indicate that there are no constraints for the design, or it can indicate that the used_in flags are set such that the constraints are ignored. This later case is used when running synth_design to not write synthesis constraints to the resulting checkpoint. Instead, project constraints are read when the synthesized design is opened.
INFO: [Common 17-1381] The checkpoint 'C:/Users/lish/Desktop/300/max30102x3/prj/prj.runs/floating_add_synth_1/floating_add.dcp' has been generated.
INFO: [runtcl-4] Executing : report_utilization -file floating_add_utilization_synth.rpt -pb floating_add_utilization_synth.pb
INFO: [Common 17-206] Exiting Vivado at Tue Jan  6 19:28:52 2026...
[Tue Jan  6 19:28:55 2026] floating_add_synth_1 finished
wait_on_run: Time (s): cpu = 00:00:01 ; elapsed = 00:00:30 . Memory (MB): peak = 1489.105 ; gain = 0.000
launch_runs floating_mult_synth_1
[Tue Jan  6 19:28:55 2026] Launched floating_mult_synth_1...
Run output will be captured here: C:/Users/lish/Desktop/300/max30102x3/prj/prj.runs/floating_mult_synth_1/runme.log
wait_on_run floating_mult_synth_1
[Tue Jan  6 19:28:55 2026] Waiting for floating_mult_synth_1 to finish...
[Tue Jan  6 19:29:00 2026] Waiting for floating_mult_synth_1 to finish...
[Tue Jan  6 19:29:05 2026] Waiting for floating_mult_synth_1 to finish...
[Tue Jan  6 19:29:10 2026] Waiting for floating_mult_synth_1 to finish...
[Tue Jan  6 19:29:20 2026] Waiting for floating_mult_synth_1 to finish...
[Tue Jan  6 19:29:30 2026] Waiting for floating_mult_synth_1 to finish...

*** Running vivado
    with args -log floating_mult.vds -m64 -product Vivado -mode batch -messageDb vivado.pb -notrace -source floating_mult.tcl


****** Vivado v2018.3 (64-bit)
  **** SW Build 2405991 on Thu Dec  6 23:38:27 MST 2018
  **** IP Build 2404404 on Fri Dec  7 01:43:56 MST 2018
    ** Copyright 1986-2018 Xilinx, Inc. All Rights Reserved.

source floating_mult.tcl -notrace
Command: synth_design -top floating_mult -part xc7z020clg400-2 -mode out_of_context
Starting synth_design
Attempting to get a license for feature 'Synthesis' and/or device 'xc7z020'
INFO: [Common 17-349] Got license for feature 'Synthesis' and/or device 'xc7z020'
INFO: Launching helper process for spawning children vivado processes
INFO: Helper process launched with PID 10140 
---------------------------------------------------------------------------------
Starting RTL Elaboration : Time (s): cpu = 00:00:03 ; elapsed = 00:00:04 . Memory (MB): peak = 476.125 ; gain = 96.746
---------------------------------------------------------------------------------
INFO: [Synth 8-638] synthesizing module 'floating_mult' [c:/Users/lish/Desktop/300/max30102x3/prj/prj.srcs/sources_1/ip/floating_mult/synth/floating_mult.vhd:74]
	Parameter C_XDEVICEFAMILY bound to: zynq - type: string 
	Parameter C_HAS_ADD bound to: 0 - type: integer 
	Parameter C_HAS_SUBTRACT bound to: 0 - type: integer 
	Parameter C_HAS_MULTIPLY bound to: 1 - type: integer 
	Parameter C_HAS_DIVIDE bound to: 0 - type: integer 
	Parameter C_HAS_SQRT bound to: 0 - type: integer 
	Parameter C_HAS_COMPARE bound to: 0 - type: integer 
	Parameter C_HAS_FIX_TO_FLT bound to: 0 - type: integer 
	Parameter C_HAS_FLT_TO_FIX bound to: 0 - type: integer 
	Parameter C_HAS_FLT_TO_FLT bound to: 0 - type: integer 
	Parameter C_HAS_RECIP bound to: 0 - type: integer 
	Parameter C_HAS_RECIP_SQRT bound to: 0 - type: integer 
	Parameter C_HAS_ABSOLUTE bound to: 0 - type: integer 
	Parameter C_HAS_LOGARITHM bound to: 0 - type: integer 
	Parameter C_HAS_EXPONENTIAL bound to: 0 - type: integer 
	Parameter C_HAS_FMA bound to: 0 - type: integer 
	Parameter C_HAS_FMS bound to: 0 - type: integer 
	Parameter C_HAS_ACCUMULATOR_A bound to: 0 - type: integer 
	Parameter C_HAS_ACCUMULATOR_S bound to: 0 - type: integer 
	Parameter C_A_WIDTH bound to: 32 - type: integer 
	Parameter C_A_FRACTION_WIDTH bound to: 24 - type: integer 
	Parameter C_B_WIDTH bound to: 32 - type: integer 
	Parameter C_B_FRACTION_WIDTH bound to: 24 - type: integer 
	Parameter C_C_WIDTH bound to: 32 - type: integer 
	Parameter C_C_FRACTION_WIDTH bound to: 24 - type: integer 
	Parameter C_RESULT_WIDTH bound to: 32 - type: integer 
	Parameter C_RESULT_FRACTION_WIDTH bound to: 24 - type: integer 
	Parameter C_COMPARE_OPERATION bound to: 8 - type: integer 
	Parameter C_LATENCY bound to: 9 - type: integer 
	Parameter C_OPTIMIZATION bound to: 1 - type: integer 
	Parameter C_MULT_USAGE bound to: 1 - type: integer 
	Parameter C_BRAM_USAGE bound to: 0 - type: integer 
	Parameter C_RATE bound to: 1 - type: integer 
	Parameter C_ACCUM_INPUT_MSB bound to: 32 - type: integer 
	Parameter C_ACCUM_MSB bound to: 32 - type: integer 
	Parameter C_ACCUM_LSB bound to: -31 - type: integer 
	Parameter C_HAS_UNDERFLOW bound to: 0 - type: integer 
	Parameter C_HAS_OVERFLOW bound to: 0 - type: integer 
	Parameter C_HAS_INVALID_OP bound to: 0 - type: integer 
	Parameter C_HAS_DIVIDE_BY_ZERO bound to: 0 - type: integer 
	Parameter C_HAS_ACCUM_OVERFLOW bound to: 0 - type: integer 
	Parameter C_HAS_ACCUM_INPUT_OVERFLOW bound to: 0 - type: integer 
	Parameter C_HAS_ACLKEN bound to: 0 - type: integer 
	Parameter C_HAS_ARESETN bound to: 0 - type: integer 
	Parameter C_THROTTLE_SCHEME bound to: 1 - type: integer 
	Parameter C_HAS_A_TUSER bound to: 0 - type: integer 
	Parameter C_HAS_A_TLAST bound to: 0 - type: integer 
	Parameter C_HAS_B bound to: 1 - type: integer 
	Parameter C_HAS_B_TUSER bound to: 0 - type: integer 
	Parameter C_HAS_B_TLAST bound to: 0 - type: integer 
	Parameter C_HAS_C bound to: 0 - type: integer 
	Parameter C_HAS_C_TUSER bound to: 0 - type: integer 
	Parameter C_HAS_C_TLAST bound to: 0 - type: integer 
	Parameter C_HAS_OPERATION bound to: 0 - type: integer 
	Parameter C_HAS_OPERATION_TUSER bound to: 0 - type: integer 
	Parameter C_HAS_OPERATION_TLAST bound to: 0 - type: integer 
	Parameter C_HAS_RESULT_TUSER bound to: 0 - type: integer 
	Parameter C_HAS_RESULT_TLAST bound to: 0 - type: integer 
	Parameter C_TLAST_RESOLUTION bound to: 0 - type: integer 
	Parameter C_A_TDATA_WIDTH bound to: 32 - type: integer 
	Parameter C_A_TUSER_WIDTH bound to: 1 - type: integer 
	Parameter C_B_TDATA_WIDTH bound to: 32 - type: integer 
	Parameter C_B_TUSER_WIDTH bound to: 1 - type: integer 
	Parameter C_C_TDATA_WIDTH bound to: 32 - type: integer 
	Parameter C_C_TUSER_WIDTH bound to: 1 - type: integer 
	Parameter C_OPERATION_TDATA_WIDTH bound to: 8 - type: integer 
	Parameter C_OPERATION_TUSER_WIDTH bound to: 1 - type: integer 
	Parameter C_RESULT_TDATA_WIDTH bound to: 32 - type: integer 
	Parameter C_RESULT_TUSER_WIDTH bound to: 1 - type: integer 
	Parameter C_FIXED_DATA_UNSIGNED bound to: 0 - type: integer 
INFO: [Synth 8-3491] module 'floating_point_v7_1_7' declared at 'c:/Users/lish/Desktop/300/max30102x3/prj/prj.srcs/sources_1/ip/floating_mult/hdl/floating_point_v7_1_vh_rfs.vhd:91615' bound to instance 'U0' of component 'floating_point_v7_1_7' [c:/Users/lish/Desktop/300/max30102x3/prj/prj.srcs/sources_1/ip/floating_mult/synth/floating_mult.vhd:206]
INFO: [Synth 8-256] done synthesizing module 'floating_mult' (23#1) [c:/Users/lish/Desktop/300/max30102x3/prj/prj.srcs/sources_1/ip/floating_mult/synth/floating_mult.vhd:74]
WARNING: [Synth 8-3331] design axi_slave_2to1 has unconnected port s_axis_a_tuser[0]
WARNING: [Synth 8-3331] design axi_slave_2to1 has unconnected port s_axis_a_tlast
WARNING: [Synth 8-3331] design axi_slave_2to1 has unconnected port s_axis_b_tuser[0]
WARNING: [Synth 8-3331] design axi_slave_2to1 has unconnected port s_axis_b_tlast
WARNING: [Synth 8-3331] design flt_dec_op_lat has unconnected port DEC_OP_STATE[11]
WARNING: [Synth 8-3331] design flt_dec_op_lat has unconnected port DEC_OP_STATE[10]
WARNING: [Synth 8-3331] design flt_dec_op_lat has unconnected port DEC_OP_STATE[9]
WARNING: [Synth 8-3331] design flt_dec_op_lat has unconnected port DEC_OP_STATE[8]
WARNING: [Synth 8-3331] design flt_dec_op_lat has unconnected port DIVIDE_BY_ZERO_IN
WARNING: [Synth 8-3331] design xbip_pipe_v3_0_5_viv__parameterized49 has unconnected port CLK
WARNING: [Synth 8-3331] design xbip_pipe_v3_0_5_viv__parameterized49 has unconnected port CE
WARNING: [Synth 8-3331] design xbip_pipe_v3_0_5_viv__parameterized49 has unconnected port SCLR
WARNING: [Synth 8-3331] design xbip_pipe_v3_0_5_viv__parameterized49 has unconnected port SSET
WARNING: [Synth 8-3331] design xbip_pipe_v3_0_5_viv__parameterized49 has unconnected port SINIT
WARNING: [Synth 8-3331] design carry_chain__parameterized4 has unconnected port B[7]
WARNING: [Synth 8-3331] design xbip_pipe_v3_0_5_viv__parameterized9 has unconnected port CLK
WARNING: [Synth 8-3331] design xbip_pipe_v3_0_5_viv__parameterized9 has unconnected port CE
WARNING: [Synth 8-3331] design xbip_pipe_v3_0_5_viv__parameterized9 has unconnected port SCLR
WARNING: [Synth 8-3331] design xbip_pipe_v3_0_5_viv__parameterized9 has unconnected port SSET
WARNING: [Synth 8-3331] design xbip_pipe_v3_0_5_viv__parameterized9 has unconnected port SINIT
WARNING: [Synth 8-3331] design xbip_pipe_v3_0_5_viv__parameterized57 has unconnected port SCLR
WARNING: [Synth 8-3331] design xbip_pipe_v3_0_5_viv__parameterized57 has unconnected port SSET
WARNING: [Synth 8-3331] design xbip_pipe_v3_0_5_viv__parameterized57 has unconnected port SINIT
WARNING: [Synth 8-3331] design xbip_pipe_v3_0_5_viv__parameterized55 has unconnected port SCLR
WARNING: [Synth 8-3331] design xbip_pipe_v3_0_5_viv__parameterized55 has unconnected port SSET
WARNING: [Synth 8-3331] design xbip_pipe_v3_0_5_viv__parameterized55 has unconnected port SINIT
WARNING: [Synth 8-3331] design xbip_pipe_v3_0_5_viv__parameterized53 has unconnected port CLK
WARNING: [Synth 8-3331] design xbip_pipe_v3_0_5_viv__parameterized53 has unconnected port CE
WARNING: [Synth 8-3331] design xbip_pipe_v3_0_5_viv__parameterized53 has unconnected port SCLR
WARNING: [Synth 8-3331] design xbip_pipe_v3_0_5_viv__parameterized53 has unconnected port SSET
WARNING: [Synth 8-3331] design xbip_pipe_v3_0_5_viv__parameterized53 has unconnected port SINIT
WARNING: [Synth 8-3331] design xbip_pipe_v3_0_5_viv__parameterized47 has unconnected port SCLR
WARNING: [Synth 8-3331] design xbip_pipe_v3_0_5_viv__parameterized47 has unconnected port SSET
WARNING: [Synth 8-3331] design xbip_pipe_v3_0_5_viv__parameterized47 has unconnected port SINIT
WARNING: [Synth 8-3331] design xbip_pipe_v3_0_5_viv__parameterized45 has unconnected port CLK
WARNING: [Synth 8-3331] design xbip_pipe_v3_0_5_viv__parameterized45 has unconnected port CE
WARNING: [Synth 8-3331] design xbip_pipe_v3_0_5_viv__parameterized45 has unconnected port SCLR
WARNING: [Synth 8-3331] design xbip_pipe_v3_0_5_viv__parameterized45 has unconnected port SSET
WARNING: [Synth 8-3331] design xbip_pipe_v3_0_5_viv__parameterized45 has unconnected port SINIT
WARNING: [Synth 8-3331] design xbip_pipe_v3_0_5_viv__parameterized43 has unconnected port CLK
WARNING: [Synth 8-3331] design xbip_pipe_v3_0_5_viv__parameterized43 has unconnected port CE
WARNING: [Synth 8-3331] design xbip_pipe_v3_0_5_viv__parameterized43 has unconnected port SCLR
WARNING: [Synth 8-3331] design xbip_pipe_v3_0_5_viv__parameterized43 has unconnected port SSET
WARNING: [Synth 8-3331] design xbip_pipe_v3_0_5_viv__parameterized43 has unconnected port SINIT
WARNING: [Synth 8-3331] design flt_round_bit has unconnected port NORMALIZE[1]
WARNING: [Synth 8-3331] design flt_round_bit has unconnected port FIXED_POINT
WARNING: [Synth 8-3331] design flt_round_bit has unconnected port FIX_MANT_SIGN
WARNING: [Synth 8-3331] design flt_round_bit has unconnected port SIGN
WARNING: [Synth 8-3331] design xbip_pipe_v3_0_5_viv__parameterized51 has unconnected port CLK
WARNING: [Synth 8-3331] design xbip_pipe_v3_0_5_viv__parameterized51 has unconnected port CE
WARNING: [Synth 8-3331] design xbip_pipe_v3_0_5_viv__parameterized51 has unconnected port SCLR
WARNING: [Synth 8-3331] design xbip_pipe_v3_0_5_viv__parameterized51 has unconnected port SSET
WARNING: [Synth 8-3331] design xbip_pipe_v3_0_5_viv__parameterized51 has unconnected port SINIT
WARNING: [Synth 8-3331] design xbip_pipe_v3_0_5_viv__parameterized41 has unconnected port CLK
WARNING: [Synth 8-3331] design xbip_pipe_v3_0_5_viv__parameterized41 has unconnected port CE
WARNING: [Synth 8-3331] design xbip_pipe_v3_0_5_viv__parameterized41 has unconnected port SCLR
WARNING: [Synth 8-3331] design xbip_pipe_v3_0_5_viv__parameterized41 has unconnected port SSET
WARNING: [Synth 8-3331] design xbip_pipe_v3_0_5_viv__parameterized41 has unconnected port SINIT
WARNING: [Synth 8-3331] design xbip_pipe_v3_0_5_viv__parameterized39 has unconnected port CLK
WARNING: [Synth 8-3331] design xbip_pipe_v3_0_5_viv__parameterized39 has unconnected port CE
WARNING: [Synth 8-3331] design xbip_pipe_v3_0_5_viv__parameterized39 has unconnected port SCLR
WARNING: [Synth 8-3331] design xbip_pipe_v3_0_5_viv__parameterized39 has unconnected port SSET
WARNING: [Synth 8-3331] design xbip_pipe_v3_0_5_viv__parameterized39 has unconnected port SINIT
WARNING: [Synth 8-3331] design flt_mult_round has unconnected port MANT_CASC_IN[47]
WARNING: [Synth 8-3331] design flt_mult_round has unconnected port MANT_CASC_IN[46]
WARNING: [Synth 8-3331] design flt_mult_round has unconnected port MANT_CASC_IN[45]
WARNING: [Synth 8-3331] design flt_mult_round has unconnected port MANT_CASC_IN[44]
WARNING: [Synth 8-3331] design flt_mult_round has unconnected port MANT_CASC_IN[43]
WARNING: [Synth 8-3331] design flt_mult_round has unconnected port MANT_CASC_IN[42]
WARNING: [Synth 8-3331] design flt_mult_round has unconnected port MANT_CASC_IN[41]
WARNING: [Synth 8-3331] design flt_mult_round has unconnected port MANT_CASC_IN[40]
WARNING: [Synth 8-3331] design flt_mult_round has unconnected port MANT_CASC_IN[39]
WARNING: [Synth 8-3331] design flt_mult_round has unconnected port MANT_CASC_IN[38]
WARNING: [Synth 8-3331] design flt_mult_round has unconnected port MANT_CASC_IN[37]
WARNING: [Synth 8-3331] design flt_mult_round has unconnected port MANT_CASC_IN[36]
WARNING: [Synth 8-3331] design flt_mult_round has unconnected port MANT_CASC_IN[35]
WARNING: [Synth 8-3331] design flt_mult_round has unconnected port MANT_CASC_IN[34]
WARNING: [Synth 8-3331] design flt_mult_round has unconnected port MANT_CASC_IN[33]
WARNING: [Synth 8-3331] design flt_mult_round has unconnected port MANT_CASC_IN[32]
WARNING: [Synth 8-3331] design flt_mult_round has unconnected port MANT_CASC_IN[31]
WARNING: [Synth 8-3331] design flt_mult_round has unconnected port MANT_CASC_IN[30]
WARNING: [Synth 8-3331] design flt_mult_round has unconnected port MANT_CASC_IN[29]
WARNING: [Synth 8-3331] design flt_mult_round has unconnected port MANT_CASC_IN[28]
WARNING: [Synth 8-3331] design flt_mult_round has unconnected port MANT_CASC_IN[27]
WARNING: [Synth 8-3331] design flt_mult_round has unconnected port MANT_CASC_IN[26]
WARNING: [Synth 8-3331] design flt_mult_round has unconnected port MANT_CASC_IN[25]
WARNING: [Synth 8-3331] design flt_mult_round has unconnected port MANT_CASC_IN[24]
WARNING: [Synth 8-3331] design flt_mult_round has unconnected port MANT_CASC_IN[23]
WARNING: [Synth 8-3331] design flt_mult_round has unconnected port MANT_CASC_IN[22]
WARNING: [Synth 8-3331] design flt_mult_round has unconnected port MANT_CASC_IN[21]
WARNING: [Synth 8-3331] design flt_mult_round has unconnected port MANT_CASC_IN[20]
WARNING: [Synth 8-3331] design flt_mult_round has unconnected port MANT_CASC_IN[19]
WARNING: [Synth 8-3331] design flt_mult_round has unconnected port MANT_CASC_IN[18]
WARNING: [Synth 8-3331] design flt_mult_round has unconnected port MANT_CASC_IN[17]
WARNING: [Synth 8-3331] design flt_mult_round has unconnected port MANT_CASC_IN[16]
WARNING: [Synth 8-3331] design flt_mult_round has unconnected port MANT_CASC_IN[15]
WARNING: [Synth 8-3331] design flt_mult_round has unconnected port MANT_CASC_IN[14]
WARNING: [Synth 8-3331] design flt_mult_round has unconnected port MANT_CASC_IN[13]
WARNING: [Synth 8-3331] design flt_mult_round has unconnected port MANT_CASC_IN[12]
WARNING: [Synth 8-3331] design flt_mult_round has unconnected port MANT_CASC_IN[11]
INFO: [Common 17-14] Message 'Synth 8-3331' appears 100 times and further instances of the messages will be disabled. Use the Tcl command set_msg_config to change the current settings.
---------------------------------------------------------------------------------
Finished RTL Elaboration : Time (s): cpu = 00:00:09 ; elapsed = 00:00:10 . Memory (MB): peak = 661.195 ; gain = 281.816
---------------------------------------------------------------------------------

Report Check Netlist: 
+------+------------------+-------+---------+-------+------------------+
|      |Item              |Errors |Warnings |Status |Description       |
+------+------------------+-------+---------+-------+------------------+
|1     |multi_driven_nets |      0|        0|Passed |Multi driven nets |
+------+------------------+-------+---------+-------+------------------+
---------------------------------------------------------------------------------
Start Handling Custom Attributes
---------------------------------------------------------------------------------
---------------------------------------------------------------------------------
Finished Handling Custom Attributes : Time (s): cpu = 00:00:09 ; elapsed = 00:00:10 . Memory (MB): peak = 661.195 ; gain = 281.816
---------------------------------------------------------------------------------
---------------------------------------------------------------------------------
Finished RTL Optimization Phase 1 : Time (s): cpu = 00:00:09 ; elapsed = 00:00:10 . Memory (MB): peak = 661.195 ; gain = 281.816
---------------------------------------------------------------------------------
INFO: [Netlist 29-17] Analyzing 325 Unisim elements for replacement
INFO: [Netlist 29-28] Unisim Transformation completed in 0 CPU seconds
INFO: [Device 21-403] Loading part xc7z020clg400-2
INFO: [Project 1-570] Preparing netlist for logic optimization

Processing XDC Constraints
Initializing timing engine
Parsing XDC File [c:/Users/lish/Desktop/300/max30102x3/prj/prj.srcs/sources_1/ip/floating_mult/floating_mult_ooc.xdc] for cell 'U0'
Finished Parsing XDC File [c:/Users/lish/Desktop/300/max30102x3/prj/prj.srcs/sources_1/ip/floating_mult/floating_mult_ooc.xdc] for cell 'U0'
Parsing XDC File [C:/Users/lish/Desktop/300/max30102x3/prj/prj.runs/floating_mult_synth_1/dont_touch.xdc]
Finished Parsing XDC File [C:/Users/lish/Desktop/300/max30102x3/prj/prj.runs/floating_mult_synth_1/dont_touch.xdc]
Completed Processing XDC Constraints

Netlist sorting complete. Time (s): cpu = 00:00:00 ; elapsed = 00:00:00.001 . Memory (MB): peak = 825.199 ; gain = 0.000
INFO: [Project 1-111] Unisim Transformation Summary:
  A total of 79 instances were transformed.
  FDE => FDRE: 4 instances
  MULT_AND => LUT2: 75 instances

Netlist sorting complete. Time (s): cpu = 00:00:00 ; elapsed = 00:00:00 . Memory (MB): peak = 825.266 ; gain = 0.000
Constraint Validation Runtime : Time (s): cpu = 00:00:00 ; elapsed = 00:00:00.016 . Memory (MB): peak = 826.832 ; gain = 1.633
---------------------------------------------------------------------------------
Finished Constraint Validation : Time (s): cpu = 00:00:14 ; elapsed = 00:00:15 . Memory (MB): peak = 826.832 ; gain = 447.453
---------------------------------------------------------------------------------
---------------------------------------------------------------------------------
Start Loading Part and Timing Information
---------------------------------------------------------------------------------
Loading part: xc7z020clg400-2
---------------------------------------------------------------------------------
Finished Loading Part and Timing Information : Time (s): cpu = 00:00:14 ; elapsed = 00:00:15 . Memory (MB): peak = 826.832 ; gain = 447.453
---------------------------------------------------------------------------------
---------------------------------------------------------------------------------
Start Applying 'set_property' XDC Constraints
---------------------------------------------------------------------------------
Applied set_property DONT_TOUCH = true for U0. (constraint file  C:/Users/lish/Desktop/300/max30102x3/prj/prj.runs/floating_mult_synth_1/dont_touch.xdc, line 9).
---------------------------------------------------------------------------------
Finished applying 'set_property' XDC Constraints : Time (s): cpu = 00:00:14 ; elapsed = 00:00:15 . Memory (MB): peak = 826.832 ; gain = 447.453
---------------------------------------------------------------------------------
INFO: [Synth 8-5546] ROM "zero_detect_i" won't be mapped to RAM because it is too sparse
INFO: [Synth 8-5546] ROM "exp_all_one_ip" won't be mapped to RAM because it is too sparse
INFO: [Synth 8-5546] ROM "exp_all_zero_ip" won't be mapped to RAM because it is too sparse
INFO: [Synth 8-5546] ROM "exp_just_over_sig" won't be mapped to RAM because it is too sparse
INFO: [Synth 8-5546] ROM "flow_sig" won't be mapped to RAM because it is too sparse
INFO: [Synth 8-5546] ROM "flow_sig" won't be mapped to RAM because it is too sparse
INFO: [Synth 8-5546] ROM "exp_just_over_sig" won't be mapped to RAM because it is too sparse
INFO: [Synth 8-5546] ROM "flow_sig" won't be mapped to RAM because it is too sparse
INFO: [Synth 8-5546] ROM "flow_sig" won't be mapped to RAM because it is too sparse
INFO: [Synth 8-5544] ROM "state_int_up" won't be mapped to Block RAM because address size (1) smaller than threshold (5)
---------------------------------------------------------------------------------
Finished RTL Optimization Phase 2 : Time (s): cpu = 00:00:14 ; elapsed = 00:00:16 . Memory (MB): peak = 826.832 ; gain = 447.453
---------------------------------------------------------------------------------
INFO: [Synth 8-223] decloning instance 'U0/i_synth/DELAY_DIVIDE_BY_ZERO' (delay__parameterized13) to 'U0/i_synth/DELAY_ACCUM_OVERFLOW'
INFO: [Synth 8-223] decloning instance 'U0/i_synth/DELAY_DIVIDE_BY_ZERO' (delay__parameterized13) to 'U0/i_synth/DELAY_ACCUM_INPUT_OVERFLOW'
INFO: [Synth 8-223] decloning instance 'U0/i_synth/MULT.OP/R_AND_R/LOGIC.R_AND_R/EXTRA_LSB_BIT_DEL' (delay__parameterized13) to 'U0/i_synth/MULT.OP/R_AND_R/LOGIC.R_AND_R/EXTRA_LSB_RND1_DEL'
INFO: [Synth 8-223] decloning instance 'U0/i_synth/MULT.OP/R_AND_R/LOGIC.R_AND_R/EXP_INC_DELAY' (delay__parameterized13) to 'U0/i_synth/MULT.OP/R_AND_R/LOGIC.R_AND_R/EXP_INC_RND1_DELAY'

Report RTL Partitions: 
+-+--------------+------------+----------+
| |RTL Partition |Replication |Instances |
+-+--------------+------------+----------+
+-+--------------+------------+----------+
---------------------------------------------------------------------------------
Start RTL Component Statistics 
---------------------------------------------------------------------------------
---------------------------------------------------------------------------------
Finished RTL Component Statistics 
---------------------------------------------------------------------------------
---------------------------------------------------------------------------------
Start RTL Hierarchical Component Statistics 
---------------------------------------------------------------------------------
---------------------------------------------------------------------------------
Finished RTL Hierarchical Component Statistics
---------------------------------------------------------------------------------
---------------------------------------------------------------------------------
Start Part Resource Summary
---------------------------------------------------------------------------------
Part Resources:
DSPs: 220 (col length:60)
BRAMs: 280 (col length: RAMB18 60 RAMB36 30)
---------------------------------------------------------------------------------
Finished Part Resource Summary
---------------------------------------------------------------------------------
---------------------------------------------------------------------------------
Start Cross Boundary and Area Optimization
---------------------------------------------------------------------------------
Warning: Parallel synthesis criteria is not met 
INFO: [Synth 8-5546] ROM "gDSP.gHYBRID.iHYBRID/zero_detect_i" won't be mapped to RAM because it is too sparse
INFO: [Synth 8-5546] ROM "MULT.OP/EXP/COND_DET_A/exp_all_one_ip" won't be mapped to RAM because it is too sparse
INFO: [Synth 8-5546] ROM "MULT.OP/EXP/COND_DET_A/exp_all_zero_ip" won't be mapped to RAM because it is too sparse
INFO: [Synth 8-5546] ROM "MULT.OP/EXP/COND_DET_B/exp_all_one_ip" won't be mapped to RAM because it is too sparse
INFO: [Synth 8-5546] ROM "MULT.OP/EXP/COND_DET_B/exp_all_zero_ip" won't be mapped to RAM because it is too sparse
INFO: [Synth 8-5546] ROM "MULT.OP/EXP/exp_just_over_sig" won't be mapped to RAM because it is too sparse
INFO: [Synth 8-5546] ROM "MULT.OP/EXP/flow_sig" won't be mapped to RAM because it is too sparse
INFO: [Synth 8-5546] ROM "MULT.OP/EXP/flow_sig" won't be mapped to RAM because it is too sparse
INFO: [Synth 8-3333] propagating constant 0 across sequential element (U0/i_synth/\MULT.OP/MULT/MULT_GEN_VARIANT.FIX_MULT/MULT /\gDSP.gHYBRID.iHYBRID/one_fabric_mult.iLUT/NxM_mult.pp_gen_pipeline.pp_gen_loop[0].b_is_odd.ai_reg_loop[24].ai_reg_reg[24] )
INFO: [Synth 8-3886] merging instance 'U0/i_synth/MULT.OP/MULT/MULT_GEN_VARIANT.FIX_MULT/MULT/gDSP.gHYBRID.iHYBRID/one_fabric_mult.iLUT/NxM_mult.stage_2_add.stage_2_pipeline.s2_add_out_reg[0][33]' (FDRE) to 'U0/i_synth/MULT.OP/MULT/MULT_GEN_VARIANT.FIX_MULT/MULT/gDSP.gHYBRID.iHYBRID/one_fabric_mult.iLUT/NxM_mult.stage_1_add.stage_1_pipeline.s1_add_out_reg[0][28]'
INFO: [Synth 8-3886] merging instance 'U0/i_synth/MULT.OP/MULT/MULT_GEN_VARIANT.FIX_MULT/MULT/gDSP.gHYBRID.iHYBRID/one_fabric_mult.iLUT/NxM_mult.stage_1_add.stage_1_pipeline.s1_add_out_reg[1][28]' (FDRE) to 'U0/i_synth/MULT.OP/MULT/MULT_GEN_VARIANT.FIX_MULT/MULT/gDSP.gHYBRID.iHYBRID/one_fabric_mult.iLUT/NxM_mult.stage_1_add.stage_1_pipeline.s1_add_out_reg[0][28]'
INFO: [Synth 8-3333] propagating constant 0 across sequential element (U0/i_synth/\MULT.OP/MULT/MULT_GEN_VARIANT.FIX_MULT/MULT /\gDSP.gHYBRID.iHYBRID/one_fabric_mult.iLUT/NxM_mult.stage_1_add.stage_1_pipeline.s1_add_out_reg[0][28] )
INFO: [Synth 8-3886] merging instance 'U0/i_synth/MULT.OP/MULT/MULT_GEN_VARIANT.FIX_MULT/MULT/gDSP.gHYBRID.iHYBRID/one_fabric_mult.block_predelay_a/d1.dout_i_reg[23]' (FDE) to 'U0/i_synth/MULT.OP/MULT/MULT_GEN_VARIANT.FIX_MULT/MULT/gDSP.gHYBRID.iHYBRID/one_fabric_mult.block_predelay_b/d1.dout_i_reg[16]'
INFO: [Synth 8-3886] merging instance 'U0/i_synth/MULT.OP/EXP/STATE_DEC_DELAY/i_pipe/opt_has_pipe.first_q_reg[4]' (FDE) to 'U0/i_synth/MULT.OP/R_AND_R/LOGIC.R_AND_R/EXP_IN_DELAY.EXP_OFF_OP_DEL/i_pipe/opt_has_pipe.first_q_reg[0]'
INFO: [Synth 8-3886] merging instance 'U0/i_synth/MULT.OP/EXP/STATE_DEC_DELAY/i_pipe/opt_has_pipe.first_q_reg[8]' (FDE) to 'U0/i_synth/MULT.OP/R_AND_R/LOGIC.R_AND_R/EXP_IN_DELAY.EXP_OFF_OP_DEL/i_pipe/opt_has_pipe.first_q_reg[0]'
INFO: [Synth 8-3886] merging instance 'U0/i_synth/MULT.OP/EXP/STATE_DEC_DELAY/i_pipe/opt_has_pipe.first_q_reg[10]' (FDE) to 'U0/i_synth/MULT.OP/R_AND_R/LOGIC.R_AND_R/EXP_IN_DELAY.EXP_OFF_OP_DEL/i_pipe/opt_has_pipe.first_q_reg[0]'
INFO: [Synth 8-3886] merging instance 'U0/i_synth/MULT.OP/EXP/STATE_DEC_DELAY/i_pipe/opt_has_pipe.first_q_reg[9]' (FDE) to 'U0/i_synth/MULT.OP/EXP/STATE_DEC_DELAY/i_pipe/opt_has_pipe.first_q_reg[5]'
INFO: [Synth 8-3886] merging instance 'U0/i_synth/MULT.OP/EXP/STATE_DEC_DELAY/i_pipe/opt_has_pipe.first_q_reg[11]' (FDE) to 'U0/i_synth/MULT.OP/EXP/STATE_DEC_DELAY/i_pipe/opt_has_pipe.first_q_reg[5]'
INFO: [Synth 8-3886] merging instance 'U0/i_synth/MULT.OP/EXP/STATE_DEC_DELAY/i_pipe/opt_has_pipe.first_q_reg[12]' (FDE) to 'U0/i_synth/MULT.OP/EXP/STATE_DEC_DELAY/i_pipe/opt_has_pipe.first_q_reg[0]'
INFO: [Synth 8-3886] merging instance 'U0/i_synth/MULT.OP/EXP/STATE_DEC_DELAY/i_pipe/opt_has_pipe.first_q_reg[13]' (FDE) to 'U0/i_synth/MULT.OP/EXP/STATE_DEC_DELAY/i_pipe/opt_has_pipe.first_q_reg[1]'
INFO: [Synth 8-3886] merging instance 'U0/i_synth/MULT.OP/R_AND_R/LOGIC.R_AND_R/EXP_IN_DELAY.EXP_OFF_OP_DEL/i_pipe/opt_has_pipe.first_q_reg[0]' (FDE) to 'U0/i_synth/MULT.OP/R_AND_R/LOGIC.R_AND_R/EXP_IN_DELAY.EXP_OFF_OP_DEL/i_pipe/opt_has_pipe.first_q_reg[1]'
INFO: [Synth 8-3886] merging instance 'U0/i_synth/MULT.OP/R_AND_R/LOGIC.R_AND_R/EXP_IN_DELAY.EXP_OFF_OP_DEL/i_pipe/opt_has_pipe.first_q_reg[1]' (FDE) to 'U0/i_synth/MULT.OP/R_AND_R/LOGIC.R_AND_R/EXP_IN_DELAY.EXP_OFF_OP_DEL/i_pipe/opt_has_pipe.first_q_reg[2]'
INFO: [Synth 8-3886] merging instance 'U0/i_synth/MULT.OP/R_AND_R/LOGIC.R_AND_R/EXP_IN_DELAY.EXP_OFF_OP_DEL/i_pipe/opt_has_pipe.first_q_reg[2]' (FDE) to 'U0/i_synth/MULT.OP/R_AND_R/LOGIC.R_AND_R/EXP_IN_DELAY.EXP_OFF_OP_DEL/i_pipe/opt_has_pipe.first_q_reg[3]'
INFO: [Synth 8-3886] merging instance 'U0/i_synth/MULT.OP/R_AND_R/LOGIC.R_AND_R/EXP_IN_DELAY.EXP_OFF_OP_DEL/i_pipe/opt_has_pipe.first_q_reg[3]' (FDE) to 'U0/i_synth/MULT.OP/R_AND_R/LOGIC.R_AND_R/EXP_IN_DELAY.EXP_OFF_OP_DEL/i_pipe/opt_has_pipe.first_q_reg[4]'
INFO: [Synth 8-3886] merging instance 'U0/i_synth/MULT.OP/R_AND_R/LOGIC.R_AND_R/EXP_IN_DELAY.EXP_OFF_OP_DEL/i_pipe/opt_has_pipe.first_q_reg[4]' (FDE) to 'U0/i_synth/MULT.OP/R_AND_R/LOGIC.R_AND_R/EXP_IN_DELAY.EXP_OFF_OP_DEL/i_pipe/opt_has_pipe.first_q_reg[5]'
INFO: [Synth 8-3886] merging instance 'U0/i_synth/MULT.OP/R_AND_R/LOGIC.R_AND_R/EXP_IN_DELAY.EXP_OFF_OP_DEL/i_pipe/opt_has_pipe.first_q_reg[5]' (FDE) to 'U0/i_synth/MULT.OP/R_AND_R/LOGIC.R_AND_R/EXP_IN_DELAY.EXP_OFF_OP_DEL/i_pipe/opt_has_pipe.first_q_reg[6]'
INFO: [Synth 8-3886] merging instance 'U0/i_synth/MULT.OP/R_AND_R/LOGIC.R_AND_R/EXP_IN_DELAY.EXP_OFF_OP_DEL/i_pipe/opt_has_pipe.first_q_reg[6]' (FDE) to 'U0/i_synth/MULT.OP/EXP/STATE_DEC_DELAY/i_pipe/opt_has_pipe.first_q_reg[6]'
INFO: [Synth 8-3886] merging instance 'U0/i_synth/MULT.OP/EXP/STATE_DEC_DELAY/i_pipe/opt_has_pipe.first_q_reg[6]' (FDE) to 'U0/i_synth/MULT.OP/EXP/STATE_DEC_DELAY/i_pipe/opt_has_pipe.first_q_reg[7]'
INFO: [Synth 8-3333] propagating constant 0 across sequential element (U0/i_synth/\MULT.OP/EXP/STATE_DEC_DELAY/i_pipe/opt_has_pipe.first_q_reg[7] )
INFO: [Synth 8-3332] Sequential element (gDSP.gHYBRID.iHYBRID/one_fabric_mult.bypass_delay/dN_hlutnm.srl_loop[0].i_fdre0) is unused and will be removed from module mult_gen_v12_0_14_viv.
INFO: [Synth 8-3332] Sequential element (gDSP.gHYBRID.iHYBRID/one_fabric_mult.bypass_delay/dN_hlutnm.srl_loop[0].i_fdre1) is unused and will be removed from module mult_gen_v12_0_14_viv.
INFO: [Synth 8-3332] Sequential element (gDSP.gHYBRID.iHYBRID/one_fabric_mult.bypass_delay/dN_hlutnm.srl_loop[1].i_fdre0) is unused and will be removed from module mult_gen_v12_0_14_viv.
INFO: [Synth 8-3332] Sequential element (gDSP.gHYBRID.iHYBRID/one_fabric_mult.bypass_delay/dN_hlutnm.srl_loop[1].i_fdre1) is unused and will be removed from module mult_gen_v12_0_14_viv.
INFO: [Synth 8-3332] Sequential element (gDSP.gHYBRID.iHYBRID/one_fabric_mult.bypass_delay/dN_hlutnm.srl_loop[2].i_fdre0) is unused and will be removed from module mult_gen_v12_0_14_viv.
INFO: [Synth 8-3332] Sequential element (gDSP.gHYBRID.iHYBRID/one_fabric_mult.bypass_delay/dN_hlutnm.srl_loop[2].i_fdre1) is unused and will be removed from module mult_gen_v12_0_14_viv.
INFO: [Synth 8-3332] Sequential element (gDSP.gHYBRID.iHYBRID/one_fabric_mult.bypass_delay/dN_hlutnm.runt_srl_loop.i_fdre) is unused and will be removed from module mult_gen_v12_0_14_viv.
---------------------------------------------------------------------------------
Finished Cross Boundary and Area Optimization : Time (s): cpu = 00:00:15 ; elapsed = 00:00:17 . Memory (MB): peak = 826.832 ; gain = 447.453
---------------------------------------------------------------------------------

Report RTL Partitions: 
+-+--------------+------------+----------+
| |RTL Partition |Replication |Instances |
+-+--------------+------------+----------+
+-+--------------+------------+----------+
---------------------------------------------------------------------------------
Start Applying XDC Timing Constraints
---------------------------------------------------------------------------------
---------------------------------------------------------------------------------
Finished Applying XDC Timing Constraints : Time (s): cpu = 00:00:21 ; elapsed = 00:00:23 . Memory (MB): peak = 929.105 ; gain = 549.727
---------------------------------------------------------------------------------
---------------------------------------------------------------------------------
Start Timing Optimization
---------------------------------------------------------------------------------
---------------------------------------------------------------------------------
Finished Timing Optimization : Time (s): cpu = 00:00:22 ; elapsed = 00:00:23 . Memory (MB): peak = 949.824 ; gain = 570.445
---------------------------------------------------------------------------------

Report RTL Partitions: 
+-+--------------+------------+----------+
| |RTL Partition |Replication |Instances |
+-+--------------+------------+----------+
+-+--------------+------------+----------+
---------------------------------------------------------------------------------
Start Technology Mapping
---------------------------------------------------------------------------------
---------------------------------------------------------------------------------
Finished Technology Mapping : Time (s): cpu = 00:00:22 ; elapsed = 00:00:24 . Memory (MB): peak = 950.645 ; gain = 571.266
---------------------------------------------------------------------------------

Report RTL Partitions: 
+-+--------------+------------+----------+
| |RTL Partition |Replication |Instances |
+-+--------------+------------+----------+
+-+--------------+------------+----------+
---------------------------------------------------------------------------------
Start IO Insertion
---------------------------------------------------------------------------------
---------------------------------------------------------------------------------
Start Flattening Before IO Insertion
---------------------------------------------------------------------------------
---------------------------------------------------------------------------------
Finished Flattening Before IO Insertion
---------------------------------------------------------------------------------
---------------------------------------------------------------------------------
Start Final Netlist Cleanup
---------------------------------------------------------------------------------
---------------------------------------------------------------------------------
Finished Final Netlist Cleanup
---------------------------------------------------------------------------------
---------------------------------------------------------------------------------
Finished IO Insertion : Time (s): cpu = 00:00:22 ; elapsed = 00:00:24 . Memory (MB): peak = 950.645 ; gain = 571.266
---------------------------------------------------------------------------------

Report Check Netlist: 
+------+------------------+-------+---------+-------+------------------+
|      |Item              |Errors |Warnings |Status |Description       |
+------+------------------+-------+---------+-------+------------------+
|1     |multi_driven_nets |      0|        0|Passed |Multi driven nets |
+------+------------------+-------+---------+-------+------------------+
---------------------------------------------------------------------------------
Start Renaming Generated Instances
---------------------------------------------------------------------------------
---------------------------------------------------------------------------------
Finished Renaming Generated Instances : Time (s): cpu = 00:00:22 ; elapsed = 00:00:24 . Memory (MB): peak = 950.645 ; gain = 571.266
---------------------------------------------------------------------------------

Report RTL Partitions: 
+-+--------------+------------+----------+
| |RTL Partition |Replication |Instances |
+-+--------------+------------+----------+
+-+--------------+------------+----------+
---------------------------------------------------------------------------------
Start Rebuilding User Hierarchy
---------------------------------------------------------------------------------
---------------------------------------------------------------------------------
Finished Rebuilding User Hierarchy : Time (s): cpu = 00:00:22 ; elapsed = 00:00:24 . Memory (MB): peak = 950.645 ; gain = 571.266
---------------------------------------------------------------------------------
---------------------------------------------------------------------------------
Start Renaming Generated Ports
---------------------------------------------------------------------------------
---------------------------------------------------------------------------------
Finished Renaming Generated Ports : Time (s): cpu = 00:00:22 ; elapsed = 00:00:24 . Memory (MB): peak = 950.645 ; gain = 571.266
---------------------------------------------------------------------------------
---------------------------------------------------------------------------------
Start Handling Custom Attributes
---------------------------------------------------------------------------------
---------------------------------------------------------------------------------
Finished Handling Custom Attributes : Time (s): cpu = 00:00:22 ; elapsed = 00:00:24 . Memory (MB): peak = 950.645 ; gain = 571.266
---------------------------------------------------------------------------------
---------------------------------------------------------------------------------
Start Renaming Generated Nets
---------------------------------------------------------------------------------
---------------------------------------------------------------------------------
Finished Renaming Generated Nets : Time (s): cpu = 00:00:22 ; elapsed = 00:00:24 . Memory (MB): peak = 950.645 ; gain = 571.266
---------------------------------------------------------------------------------
---------------------------------------------------------------------------------
Start Writing Synthesis Report
---------------------------------------------------------------------------------

Report BlackBoxes: 
+-+--------------+----------+
| |BlackBox name |Instances |
+-+--------------+----------+
+-+--------------+----------+

Report Cell Usage: 
+------+---------+------+
|      |Cell     |Count |
+------+---------+------+
|1     |CARRY4   |    21|
|2     |DSP48E1  |     1|
|3     |LUT1     |     1|
|4     |LUT2     |    76|
|5     |LUT3     |   121|
|6     |LUT4     |    76|
|7     |LUT5     |    15|
|8     |LUT6     |    20|
|9     |MULT_AND |    72|
|10    |MUXCY    |   125|
|11    |SRL16E   |    17|
|12    |XORCY    |   120|
|13    |FDE      |     4|
|14    |FDRE     |   499|
+------+---------+------+
---------------------------------------------------------------------------------
Finished Writing Synthesis Report : Time (s): cpu = 00:00:22 ; elapsed = 00:00:24 . Memory (MB): peak = 950.645 ; gain = 571.266
---------------------------------------------------------------------------------
Synthesis finished with 0 errors, 0 critical warnings and 53 warnings.
Synthesis Optimization Runtime : Time (s): cpu = 00:00:09 ; elapsed = 00:00:20 . Memory (MB): peak = 950.645 ; gain = 405.629
Synthesis Optimization Complete : Time (s): cpu = 00:00:22 ; elapsed = 00:00:24 . Memory (MB): peak = 950.645 ; gain = 571.266
INFO: [Project 1-571] Translating synthesized netlist
INFO: [Netlist 29-17] Analyzing 343 Unisim elements for replacement
INFO: [Netlist 29-28] Unisim Transformation completed in 0 CPU seconds
INFO: [Project 1-570] Preparing netlist for logic optimization
INFO: [Opt 31-138] Pushed 0 inverter(s) to 0 load pin(s).
Netlist sorting complete. Time (s): cpu = 00:00:00 ; elapsed = 00:00:00 . Memory (MB): peak = 950.645 ; gain = 0.000
INFO: [Project 1-111] Unisim Transformation Summary:
  A total of 111 instances were transformed.
  (MUXCY,XORCY) => CARRY4: 35 instances
  FDE => FDRE: 4 instances
  MULT_AND => LUT2: 72 instances

INFO: [Common 17-83] Releasing license: Synthesis
67 Infos, 100 Warnings, 0 Critical Warnings and 0 Errors encountered.
synth_design completed successfully
synth_design: Time (s): cpu = 00:00:24 ; elapsed = 00:00:26 . Memory (MB): peak = 950.645 ; gain = 582.766
Netlist sorting complete. Time (s): cpu = 00:00:00 ; elapsed = 00:00:00.001 . Memory (MB): peak = 950.645 ; gain = 0.000
WARNING: [Constraints 18-5210] No constraints selected for write.
Resolution: This message can indicate that there are no constraints for the design, or it can indicate that the used_in flags are set such that the constraints are ignored. This later case is used when running synth_design to not write synthesis constraints to the resulting checkpoint. Instead, project constraints are read when the synthesized design is opened.
INFO: [Common 17-1381] The checkpoint 'C:/Users/lish/Desktop/300/max30102x3/prj/prj.runs/floating_mult_synth_1/floating_mult.dcp' has been generated.
INFO: [Coretcl 2-1648] Added synthesis output to IP cache for IP floating_mult, cache-ID = c7697bd09068cb8a
INFO: [Coretcl 2-1174] Renamed 70 cell refs.
Netlist sorting complete. Time (s): cpu = 00:00:00 ; elapsed = 00:00:00 . Memory (MB): peak = 950.645 ; gain = 0.000
WARNING: [Constraints 18-5210] No constraints selected for write.
Resolution: This message can indicate that there are no constraints for the design, or it can indicate that the used_in flags are set such that the constraints are ignored. This later case is used when running synth_design to not write synthesis constraints to the resulting checkpoint. Instead, project constraints are read when the synthesized design is opened.
INFO: [Common 17-1381] The checkpoint 'C:/Users/lish/Desktop/300/max30102x3/prj/prj.runs/floating_mult_synth_1/floating_mult.dcp' has been generated.
INFO: [runtcl-4] Executing : report_utilization -file floating_mult_utilization_synth.rpt -pb floating_mult_utilization_synth.pb
INFO: [Common 17-206] Exiting Vivado at Tue Jan  6 19:29:26 2026...
[Tue Jan  6 19:29:30 2026] floating_mult_synth_1 finished
wait_on_run: Time (s): cpu = 00:00:01 ; elapsed = 00:00:35 . Memory (MB): peak = 1489.105 ; gain = 0.000
launch_runs floating_div_synth_1
[Tue Jan  6 19:29:30 2026] Launched floating_div_synth_1...
Run output will be captured here: C:/Users/lish/Desktop/300/max30102x3/prj/prj.runs/floating_div_synth_1/runme.log
wait_on_run floating_div_synth_1
[Tue Jan  6 19:29:30 2026] Waiting for floating_div_synth_1 to finish...
[Tue Jan  6 19:29:35 2026] Waiting for floating_div_synth_1 to finish...
[Tue Jan  6 19:29:40 2026] Waiting for floating_div_synth_1 to finish...
[Tue Jan  6 19:29:45 2026] Waiting for floating_div_synth_1 to finish...
[Tue Jan  6 19:29:55 2026] Waiting for floating_div_synth_1 to finish...

*** Running vivado
    with args -log floating_div.vds -m64 -product Vivado -mode batch -messageDb vivado.pb -notrace -source floating_div.tcl


****** Vivado v2018.3 (64-bit)
  **** SW Build 2405991 on Thu Dec  6 23:38:27 MST 2018
  **** IP Build 2404404 on Fri Dec  7 01:43:56 MST 2018
    ** Copyright 1986-2018 Xilinx, Inc. All Rights Reserved.

source floating_div.tcl -notrace
Command: synth_design -top floating_div -part xc7z020clg400-2 -mode out_of_context
Starting synth_design
Attempting to get a license for feature 'Synthesis' and/or device 'xc7z020'
INFO: [Common 17-349] Got license for feature 'Synthesis' and/or device 'xc7z020'
INFO: Launching helper process for spawning children vivado processes
INFO: Helper process launched with PID 6612 
---------------------------------------------------------------------------------
Starting RTL Elaboration : Time (s): cpu = 00:00:03 ; elapsed = 00:00:03 . Memory (MB): peak = 476.434 ; gain = 96.609
---------------------------------------------------------------------------------
INFO: [Synth 8-638] synthesizing module 'floating_div' [c:/Users/lish/Desktop/300/max30102x3/prj/prj.srcs/sources_1/ip/floating_div/synth/floating_div.vhd:74]
	Parameter C_XDEVICEFAMILY bound to: zynq - type: string 
	Parameter C_HAS_ADD bound to: 0 - type: integer 
	Parameter C_HAS_SUBTRACT bound to: 0 - type: integer 
	Parameter C_HAS_MULTIPLY bound to: 0 - type: integer 
	Parameter C_HAS_DIVIDE bound to: 1 - type: integer 
	Parameter C_HAS_SQRT bound to: 0 - type: integer 
	Parameter C_HAS_COMPARE bound to: 0 - type: integer 
	Parameter C_HAS_FIX_TO_FLT bound to: 0 - type: integer 
	Parameter C_HAS_FLT_TO_FIX bound to: 0 - type: integer 
	Parameter C_HAS_FLT_TO_FLT bound to: 0 - type: integer 
	Parameter C_HAS_RECIP bound to: 0 - type: integer 
	Parameter C_HAS_RECIP_SQRT bound to: 0 - type: integer 
	Parameter C_HAS_ABSOLUTE bound to: 0 - type: integer 
	Parameter C_HAS_LOGARITHM bound to: 0 - type: integer 
	Parameter C_HAS_EXPONENTIAL bound to: 0 - type: integer 
	Parameter C_HAS_FMA bound to: 0 - type: integer 
	Parameter C_HAS_FMS bound to: 0 - type: integer 
	Parameter C_HAS_ACCUMULATOR_A bound to: 0 - type: integer 
	Parameter C_HAS_ACCUMULATOR_S bound to: 0 - type: integer 
	Parameter C_A_WIDTH bound to: 32 - type: integer 
	Parameter C_A_FRACTION_WIDTH bound to: 24 - type: integer 
	Parameter C_B_WIDTH bound to: 32 - type: integer 
	Parameter C_B_FRACTION_WIDTH bound to: 24 - type: integer 
	Parameter C_C_WIDTH bound to: 32 - type: integer 
	Parameter C_C_FRACTION_WIDTH bound to: 24 - type: integer 
	Parameter C_RESULT_WIDTH bound to: 32 - type: integer 
	Parameter C_RESULT_FRACTION_WIDTH bound to: 24 - type: integer 
	Parameter C_COMPARE_OPERATION bound to: 8 - type: integer 
	Parameter C_LATENCY bound to: 29 - type: integer 
	Parameter C_OPTIMIZATION bound to: 1 - type: integer 
	Parameter C_MULT_USAGE bound to: 0 - type: integer 
	Parameter C_BRAM_USAGE bound to: 0 - type: integer 
	Parameter C_RATE bound to: 1 - type: integer 
	Parameter C_ACCUM_INPUT_MSB bound to: 32 - type: integer 
	Parameter C_ACCUM_MSB bound to: 32 - type: integer 
	Parameter C_ACCUM_LSB bound to: -31 - type: integer 
	Parameter C_HAS_UNDERFLOW bound to: 0 - type: integer 
	Parameter C_HAS_OVERFLOW bound to: 0 - type: integer 
	Parameter C_HAS_INVALID_OP bound to: 0 - type: integer 
	Parameter C_HAS_DIVIDE_BY_ZERO bound to: 0 - type: integer 
	Parameter C_HAS_ACCUM_OVERFLOW bound to: 0 - type: integer 
	Parameter C_HAS_ACCUM_INPUT_OVERFLOW bound to: 0 - type: integer 
	Parameter C_HAS_ACLKEN bound to: 0 - type: integer 
	Parameter C_HAS_ARESETN bound to: 0 - type: integer 
	Parameter C_THROTTLE_SCHEME bound to: 1 - type: integer 
	Parameter C_HAS_A_TUSER bound to: 0 - type: integer 
	Parameter C_HAS_A_TLAST bound to: 0 - type: integer 
	Parameter C_HAS_B bound to: 1 - type: integer 
	Parameter C_HAS_B_TUSER bound to: 0 - type: integer 
	Parameter C_HAS_B_TLAST bound to: 0 - type: integer 
	Parameter C_HAS_C bound to: 0 - type: integer 
	Parameter C_HAS_C_TUSER bound to: 0 - type: integer 
	Parameter C_HAS_C_TLAST bound to: 0 - type: integer 
	Parameter C_HAS_OPERATION bound to: 0 - type: integer 
	Parameter C_HAS_OPERATION_TUSER bound to: 0 - type: integer 
	Parameter C_HAS_OPERATION_TLAST bound to: 0 - type: integer 
	Parameter C_HAS_RESULT_TUSER bound to: 0 - type: integer 
	Parameter C_HAS_RESULT_TLAST bound to: 0 - type: integer 
	Parameter C_TLAST_RESOLUTION bound to: 0 - type: integer 
	Parameter C_A_TDATA_WIDTH bound to: 32 - type: integer 
	Parameter C_A_TUSER_WIDTH bound to: 1 - type: integer 
	Parameter C_B_TDATA_WIDTH bound to: 32 - type: integer 
	Parameter C_B_TUSER_WIDTH bound to: 1 - type: integer 
	Parameter C_C_TDATA_WIDTH bound to: 32 - type: integer 
	Parameter C_C_TUSER_WIDTH bound to: 1 - type: integer 
	Parameter C_OPERATION_TDATA_WIDTH bound to: 8 - type: integer 
	Parameter C_OPERATION_TUSER_WIDTH bound to: 1 - type: integer 
	Parameter C_RESULT_TDATA_WIDTH bound to: 32 - type: integer 
	Parameter C_RESULT_TUSER_WIDTH bound to: 1 - type: integer 
	Parameter C_FIXED_DATA_UNSIGNED bound to: 0 - type: integer 
INFO: [Synth 8-3491] module 'floating_point_v7_1_7' declared at 'c:/Users/lish/Desktop/300/max30102x3/prj/prj.srcs/sources_1/ip/floating_div/hdl/floating_point_v7_1_vh_rfs.vhd:91615' bound to instance 'U0' of component 'floating_point_v7_1_7' [c:/Users/lish/Desktop/300/max30102x3/prj/prj.srcs/sources_1/ip/floating_div/synth/floating_div.vhd:206]
INFO: [Synth 8-256] done synthesizing module 'floating_div' (15#1) [c:/Users/lish/Desktop/300/max30102x3/prj/prj.srcs/sources_1/ip/floating_div/synth/floating_div.vhd:74]
WARNING: [Synth 8-3331] design xbip_pipe_v3_0_5_viv__parameterized11 has unconnected port SCLR
WARNING: [Synth 8-3331] design xbip_pipe_v3_0_5_viv__parameterized11 has unconnected port SSET
WARNING: [Synth 8-3331] design xbip_pipe_v3_0_5_viv__parameterized11 has unconnected port SINIT
WARNING: [Synth 8-3331] design flt_dec_op_lat has unconnected port DEC_OP_STATE[11]
WARNING: [Synth 8-3331] design flt_dec_op_lat has unconnected port DEC_OP_STATE[10]
WARNING: [Synth 8-3331] design flt_dec_op_lat has unconnected port DEC_OP_STATE[9]
WARNING: [Synth 8-3331] design flt_dec_op_lat has unconnected port DEC_OP_STATE[8]
WARNING: [Synth 8-3331] design xbip_pipe_v3_0_5_viv__parameterized51 has unconnected port CLK
WARNING: [Synth 8-3331] design xbip_pipe_v3_0_5_viv__parameterized51 has unconnected port CE
WARNING: [Synth 8-3331] design xbip_pipe_v3_0_5_viv__parameterized51 has unconnected port SCLR
WARNING: [Synth 8-3331] design xbip_pipe_v3_0_5_viv__parameterized51 has unconnected port SSET
WARNING: [Synth 8-3331] design xbip_pipe_v3_0_5_viv__parameterized51 has unconnected port SINIT
WARNING: [Synth 8-3331] design carry_chain__parameterized3 has unconnected port B[7]
WARNING: [Synth 8-3331] design xbip_pipe_v3_0_5_viv__parameterized5 has unconnected port CLK
WARNING: [Synth 8-3331] design xbip_pipe_v3_0_5_viv__parameterized5 has unconnected port CE
WARNING: [Synth 8-3331] design xbip_pipe_v3_0_5_viv__parameterized5 has unconnected port SCLR
WARNING: [Synth 8-3331] design xbip_pipe_v3_0_5_viv__parameterized5 has unconnected port SSET
WARNING: [Synth 8-3331] design xbip_pipe_v3_0_5_viv__parameterized5 has unconnected port SINIT
WARNING: [Synth 8-3331] design xbip_pipe_v3_0_5_viv__parameterized59 has unconnected port SCLR
WARNING: [Synth 8-3331] design xbip_pipe_v3_0_5_viv__parameterized59 has unconnected port SSET
WARNING: [Synth 8-3331] design xbip_pipe_v3_0_5_viv__parameterized59 has unconnected port SINIT
WARNING: [Synth 8-3331] design xbip_pipe_v3_0_5_viv__parameterized57 has unconnected port SCLR
WARNING: [Synth 8-3331] design xbip_pipe_v3_0_5_viv__parameterized57 has unconnected port SSET
WARNING: [Synth 8-3331] design xbip_pipe_v3_0_5_viv__parameterized57 has unconnected port SINIT
WARNING: [Synth 8-3331] design xbip_pipe_v3_0_5_viv__parameterized55 has unconnected port CLK
WARNING: [Synth 8-3331] design xbip_pipe_v3_0_5_viv__parameterized55 has unconnected port CE
WARNING: [Synth 8-3331] design xbip_pipe_v3_0_5_viv__parameterized55 has unconnected port SCLR
WARNING: [Synth 8-3331] design xbip_pipe_v3_0_5_viv__parameterized55 has unconnected port SSET
WARNING: [Synth 8-3331] design xbip_pipe_v3_0_5_viv__parameterized55 has unconnected port SINIT
WARNING: [Synth 8-3331] design xbip_pipe_v3_0_5_viv__parameterized49 has unconnected port SCLR
WARNING: [Synth 8-3331] design xbip_pipe_v3_0_5_viv__parameterized49 has unconnected port SSET
WARNING: [Synth 8-3331] design xbip_pipe_v3_0_5_viv__parameterized49 has unconnected port SINIT
WARNING: [Synth 8-3331] design xbip_pipe_v3_0_5_viv__parameterized47 has unconnected port CLK
WARNING: [Synth 8-3331] design xbip_pipe_v3_0_5_viv__parameterized47 has unconnected port CE
WARNING: [Synth 8-3331] design xbip_pipe_v3_0_5_viv__parameterized47 has unconnected port SCLR
WARNING: [Synth 8-3331] design xbip_pipe_v3_0_5_viv__parameterized47 has unconnected port SSET
WARNING: [Synth 8-3331] design xbip_pipe_v3_0_5_viv__parameterized47 has unconnected port SINIT
WARNING: [Synth 8-3331] design xbip_pipe_v3_0_5_viv__parameterized45 has unconnected port CLK
WARNING: [Synth 8-3331] design xbip_pipe_v3_0_5_viv__parameterized45 has unconnected port CE
WARNING: [Synth 8-3331] design xbip_pipe_v3_0_5_viv__parameterized45 has unconnected port SCLR
WARNING: [Synth 8-3331] design xbip_pipe_v3_0_5_viv__parameterized45 has unconnected port SSET
WARNING: [Synth 8-3331] design xbip_pipe_v3_0_5_viv__parameterized45 has unconnected port SINIT
WARNING: [Synth 8-3331] design flt_round_bit has unconnected port NORMALIZE[1]
WARNING: [Synth 8-3331] design flt_round_bit has unconnected port FIXED_POINT
WARNING: [Synth 8-3331] design flt_round_bit has unconnected port FIX_MANT_SIGN
WARNING: [Synth 8-3331] design flt_round_bit has unconnected port SIGN
WARNING: [Synth 8-3331] design xbip_pipe_v3_0_5_viv__parameterized53 has unconnected port CLK
WARNING: [Synth 8-3331] design xbip_pipe_v3_0_5_viv__parameterized53 has unconnected port CE
WARNING: [Synth 8-3331] design xbip_pipe_v3_0_5_viv__parameterized53 has unconnected port SCLR
WARNING: [Synth 8-3331] design xbip_pipe_v3_0_5_viv__parameterized53 has unconnected port SSET
WARNING: [Synth 8-3331] design xbip_pipe_v3_0_5_viv__parameterized53 has unconnected port SINIT
WARNING: [Synth 8-3331] design xbip_pipe_v3_0_5_viv__parameterized43 has unconnected port CLK
WARNING: [Synth 8-3331] design xbip_pipe_v3_0_5_viv__parameterized43 has unconnected port CE
WARNING: [Synth 8-3331] design xbip_pipe_v3_0_5_viv__parameterized43 has unconnected port SCLR
WARNING: [Synth 8-3331] design xbip_pipe_v3_0_5_viv__parameterized43 has unconnected port SSET
WARNING: [Synth 8-3331] design xbip_pipe_v3_0_5_viv__parameterized43 has unconnected port SINIT
WARNING: [Synth 8-3331] design xbip_pipe_v3_0_5_viv__parameterized41 has unconnected port CLK
WARNING: [Synth 8-3331] design xbip_pipe_v3_0_5_viv__parameterized41 has unconnected port CE
WARNING: [Synth 8-3331] design xbip_pipe_v3_0_5_viv__parameterized41 has unconnected port SCLR
WARNING: [Synth 8-3331] design xbip_pipe_v3_0_5_viv__parameterized41 has unconnected port SSET
WARNING: [Synth 8-3331] design xbip_pipe_v3_0_5_viv__parameterized41 has unconnected port SINIT
WARNING: [Synth 8-3331] design xbip_pipe_v3_0_5_viv__parameterized39 has unconnected port SCLR
WARNING: [Synth 8-3331] design xbip_pipe_v3_0_5_viv__parameterized39 has unconnected port SSET
WARNING: [Synth 8-3331] design xbip_pipe_v3_0_5_viv__parameterized39 has unconnected port SINIT
WARNING: [Synth 8-3331] design xbip_pipe_v3_0_5_viv__parameterized37 has unconnected port SCLR
WARNING: [Synth 8-3331] design xbip_pipe_v3_0_5_viv__parameterized37 has unconnected port SSET
WARNING: [Synth 8-3331] design xbip_pipe_v3_0_5_viv__parameterized37 has unconnected port SINIT
WARNING: [Synth 8-3331] design xbip_pipe_v3_0_5_viv__parameterized35 has unconnected port SCLR
WARNING: [Synth 8-3331] design xbip_pipe_v3_0_5_viv__parameterized35 has unconnected port SSET
WARNING: [Synth 8-3331] design xbip_pipe_v3_0_5_viv__parameterized35 has unconnected port SINIT
WARNING: [Synth 8-3331] design xbip_pipe_v3_0_5_viv__parameterized33 has unconnected port SCLR
WARNING: [Synth 8-3331] design xbip_pipe_v3_0_5_viv__parameterized33 has unconnected port SSET
WARNING: [Synth 8-3331] design xbip_pipe_v3_0_5_viv__parameterized33 has unconnected port SINIT
WARNING: [Synth 8-3331] design xbip_pipe_v3_0_5_viv__parameterized31 has unconnected port SCLR
WARNING: [Synth 8-3331] design xbip_pipe_v3_0_5_viv__parameterized31 has unconnected port SSET
WARNING: [Synth 8-3331] design xbip_pipe_v3_0_5_viv__parameterized31 has unconnected port SINIT
WARNING: [Synth 8-3331] design xbip_pipe_v3_0_5_viv__parameterized29 has unconnected port SCLR
WARNING: [Synth 8-3331] design xbip_pipe_v3_0_5_viv__parameterized29 has unconnected port SSET
WARNING: [Synth 8-3331] design xbip_pipe_v3_0_5_viv__parameterized29 has unconnected port SINIT
WARNING: [Synth 8-3331] design xbip_pipe_v3_0_5_viv__parameterized27 has unconnected port SCLR
WARNING: [Synth 8-3331] design xbip_pipe_v3_0_5_viv__parameterized27 has unconnected port SSET
WARNING: [Synth 8-3331] design xbip_pipe_v3_0_5_viv__parameterized27 has unconnected port SINIT
WARNING: [Synth 8-3331] design xbip_pipe_v3_0_5_viv__parameterized25 has unconnected port SCLR
WARNING: [Synth 8-3331] design xbip_pipe_v3_0_5_viv__parameterized25 has unconnected port SSET
WARNING: [Synth 8-3331] design xbip_pipe_v3_0_5_viv__parameterized25 has unconnected port SINIT
WARNING: [Synth 8-3331] design xbip_pipe_v3_0_5_viv__parameterized23 has unconnected port SCLR
WARNING: [Synth 8-3331] design xbip_pipe_v3_0_5_viv__parameterized23 has unconnected port SSET
WARNING: [Synth 8-3331] design xbip_pipe_v3_0_5_viv__parameterized23 has unconnected port SINIT
WARNING: [Synth 8-3331] design xbip_pipe_v3_0_5_viv__parameterized21 has unconnected port SCLR
WARNING: [Synth 8-3331] design xbip_pipe_v3_0_5_viv__parameterized21 has unconnected port SSET
WARNING: [Synth 8-3331] design xbip_pipe_v3_0_5_viv__parameterized21 has unconnected port SINIT
WARNING: [Synth 8-3331] design xbip_pipe_v3_0_5_viv__parameterized19 has unconnected port SCLR
WARNING: [Synth 8-3331] design xbip_pipe_v3_0_5_viv__parameterized19 has unconnected port SSET
WARNING: [Synth 8-3331] design xbip_pipe_v3_0_5_viv__parameterized19 has unconnected port SINIT
WARNING: [Synth 8-3331] design xbip_pipe_v3_0_5_viv__parameterized17 has unconnected port SCLR
WARNING: [Synth 8-3331] design xbip_pipe_v3_0_5_viv__parameterized17 has unconnected port SSET
WARNING: [Synth 8-3331] design xbip_pipe_v3_0_5_viv__parameterized17 has unconnected port SINIT
WARNING: [Synth 8-3331] design special_detect has unconnected port A[31]
WARNING: [Synth 8-3331] design xbip_pipe_v3_0_5_viv__parameterized15 has unconnected port SCLR
WARNING: [Synth 8-3331] design xbip_pipe_v3_0_5_viv__parameterized15 has unconnected port SSET
INFO: [Common 17-14] Message 'Synth 8-3331' appears 100 times and further instances of the messages will be disabled. Use the Tcl command set_msg_config to change the current settings.
---------------------------------------------------------------------------------
Finished RTL Elaboration : Time (s): cpu = 00:00:05 ; elapsed = 00:00:06 . Memory (MB): peak = 594.473 ; gain = 214.648
---------------------------------------------------------------------------------

Report Check Netlist: 
+------+------------------+-------+---------+-------+------------------+
|      |Item              |Errors |Warnings |Status |Description       |
+------+------------------+-------+---------+-------+------------------+
|1     |multi_driven_nets |      0|        0|Passed |Multi driven nets |
+------+------------------+-------+---------+-------+------------------+
---------------------------------------------------------------------------------
Start Handling Custom Attributes
---------------------------------------------------------------------------------
---------------------------------------------------------------------------------
Finished Handling Custom Attributes : Time (s): cpu = 00:00:05 ; elapsed = 00:00:06 . Memory (MB): peak = 594.473 ; gain = 214.648
---------------------------------------------------------------------------------
---------------------------------------------------------------------------------
Finished RTL Optimization Phase 1 : Time (s): cpu = 00:00:05 ; elapsed = 00:00:06 . Memory (MB): peak = 594.473 ; gain = 214.648
---------------------------------------------------------------------------------
INFO: [Netlist 29-17] Analyzing 1342 Unisim elements for replacement
INFO: [Netlist 29-28] Unisim Transformation completed in 0 CPU seconds
INFO: [Device 21-403] Loading part xc7z020clg400-2
INFO: [Project 1-570] Preparing netlist for logic optimization

Processing XDC Constraints
Initializing timing engine
Parsing XDC File [c:/Users/lish/Desktop/300/max30102x3/prj/prj.srcs/sources_1/ip/floating_div/floating_div_ooc.xdc] for cell 'U0'
Finished Parsing XDC File [c:/Users/lish/Desktop/300/max30102x3/prj/prj.srcs/sources_1/ip/floating_div/floating_div_ooc.xdc] for cell 'U0'
Parsing XDC File [C:/Users/lish/Desktop/300/max30102x3/prj/prj.runs/floating_div_synth_1/dont_touch.xdc]
Finished Parsing XDC File [C:/Users/lish/Desktop/300/max30102x3/prj/prj.runs/floating_div_synth_1/dont_touch.xdc]
Completed Processing XDC Constraints

Netlist sorting complete. Time (s): cpu = 00:00:00 ; elapsed = 00:00:00.003 . Memory (MB): peak = 912.180 ; gain = 0.000
INFO: [Project 1-111] Unisim Transformation Summary:
  A total of 1 instances were transformed.
  FDE => FDRE: 1 instances

Netlist sorting complete. Time (s): cpu = 00:00:00 ; elapsed = 00:00:00.002 . Memory (MB): peak = 913.445 ; gain = 0.000
Constraint Validation Runtime : Time (s): cpu = 00:00:00 ; elapsed = 00:00:00.038 . Memory (MB): peak = 915.012 ; gain = 2.832
---------------------------------------------------------------------------------
Finished Constraint Validation : Time (s): cpu = 00:00:10 ; elapsed = 00:00:12 . Memory (MB): peak = 915.012 ; gain = 535.188
---------------------------------------------------------------------------------
---------------------------------------------------------------------------------
Start Loading Part and Timing Information
---------------------------------------------------------------------------------
Loading part: xc7z020clg400-2
---------------------------------------------------------------------------------
Finished Loading Part and Timing Information : Time (s): cpu = 00:00:10 ; elapsed = 00:00:12 . Memory (MB): peak = 915.012 ; gain = 535.188
---------------------------------------------------------------------------------
---------------------------------------------------------------------------------
Start Applying 'set_property' XDC Constraints
---------------------------------------------------------------------------------
Applied set_property DONT_TOUCH = true for U0. (constraint file  C:/Users/lish/Desktop/300/max30102x3/prj/prj.runs/floating_div_synth_1/dont_touch.xdc, line 9).
---------------------------------------------------------------------------------
Finished applying 'set_property' XDC Constraints : Time (s): cpu = 00:00:10 ; elapsed = 00:00:12 . Memory (MB): peak = 915.012 ; gain = 535.188
---------------------------------------------------------------------------------
INFO: [Synth 8-5546] ROM "exp_all_one_ip" won't be mapped to RAM because it is too sparse
INFO: [Synth 8-5546] ROM "exp_all_zero_ip" won't be mapped to RAM because it is too sparse
INFO: [Synth 8-5545] ROM "chunk_is_zero_ip" won't be mapped to RAM because address size (36) is larger than maximum supported(25)
INFO: [Synth 8-5546] ROM "flow_sig" won't be mapped to RAM because it is too sparse
INFO: [Synth 8-5546] ROM "flow_sig" won't be mapped to RAM because it is too sparse
INFO: [Synth 8-5546] ROM "flow_sig" won't be mapped to RAM because it is too sparse
INFO: [Synth 8-5546] ROM "flow_sig" won't be mapped to RAM because it is too sparse
INFO: [Synth 8-5544] ROM "state_det" won't be mapped to Block RAM because address size (1) smaller than threshold (5)
INFO: [Synth 8-5544] ROM "state_det" won't be mapped to Block RAM because address size (1) smaller than threshold (5)
INFO: [Synth 8-5544] ROM "state_int_up" won't be mapped to Block RAM because address size (1) smaller than threshold (5)
---------------------------------------------------------------------------------
Finished RTL Optimization Phase 2 : Time (s): cpu = 00:00:11 ; elapsed = 00:00:12 . Memory (MB): peak = 915.012 ; gain = 535.188
---------------------------------------------------------------------------------
INFO: [Synth 8-223] decloning instance 'U0/i_synth/DELAY_ACCUM_OVERFLOW' (delay__parameterized22) to 'U0/i_synth/DELAY_ACCUM_INPUT_OVERFLOW'
INFO: [Synth 8-223] decloning instance 'U0/i_synth/DIV_OP.SPD.OP/ROUND/EXTRA_LSB_BIT_DEL' (delay__parameterized22) to 'U0/i_synth/DIV_OP.SPD.OP/ROUND/EXTRA_LSB_RND1_DEL'
INFO: [Synth 8-223] decloning instance 'U0/i_synth/DIV_OP.SPD.OP/ROUND/EXP_INC_DELAY' (delay__parameterized22) to 'U0/i_synth/DIV_OP.SPD.OP/ROUND/EXP_INC_RND1_DELAY'

Report RTL Partitions: 
+-+--------------+------------+----------+
| |RTL Partition |Replication |Instances |
+-+--------------+------------+----------+
+-+--------------+------------+----------+
---------------------------------------------------------------------------------
Start RTL Component Statistics 
---------------------------------------------------------------------------------
---------------------------------------------------------------------------------
Finished RTL Component Statistics 
---------------------------------------------------------------------------------
---------------------------------------------------------------------------------
Start RTL Hierarchical Component Statistics 
---------------------------------------------------------------------------------
---------------------------------------------------------------------------------
Finished RTL Hierarchical Component Statistics
---------------------------------------------------------------------------------
---------------------------------------------------------------------------------
Start Part Resource Summary
---------------------------------------------------------------------------------
Part Resources:
DSPs: 220 (col length:60)
BRAMs: 280 (col length: RAMB18 60 RAMB36 30)
---------------------------------------------------------------------------------
Finished Part Resource Summary
---------------------------------------------------------------------------------
---------------------------------------------------------------------------------
Start Cross Boundary and Area Optimization
---------------------------------------------------------------------------------
Warning: Parallel synthesis criteria is not met 
INFO: [Synth 8-5546] ROM "COND_DET_A/exp_all_one_ip" won't be mapped to RAM because it is too sparse
INFO: [Synth 8-5546] ROM "COND_DET_A/exp_all_zero_ip" won't be mapped to RAM because it is too sparse
INFO: [Synth 8-5546] ROM "COND_DET_B/exp_all_one_ip" won't be mapped to RAM because it is too sparse
INFO: [Synth 8-5546] ROM "COND_DET_B/exp_all_zero_ip" won't be mapped to RAM because it is too sparse
INFO: [Synth 8-5546] ROM "flow_sig" won't be mapped to RAM because it is too sparse
INFO: [Synth 8-5546] ROM "flow_sig" won't be mapped to RAM because it is too sparse
INFO: [Synth 8-3886] merging instance 'U0/i_synth/DIV_OP.SPD.OP/MANT_DIV/MSB_DEL/i_pipe/opt_has_pipe.first_q_reg[0]' (FDE) to 'U0/i_synth/DIV_OP.SPD.OP/MANT_DIV/RT[1].Q_DEL/i_pipe/opt_has_pipe.first_q_reg[0]'
INFO: [Synth 8-3886] merging instance 'U0/i_synth/DIV_OP.SPD.OP/EXP/NORMALIZE_UP_DEL/i_pipe/opt_has_pipe.first_q_reg[0]' (FDE) to 'U0/i_synth/DIV_OP.SPD.OP/MANT_DIV/RT[2].Q_DEL/i_pipe/opt_has_pipe.first_q_reg[1]'
INFO: [Synth 8-3886] merging instance 'U0/i_synth/DIV_OP.SPD.OP/EXP/STATE_DEC_DELAY/i_pipe/opt_has_pipe.first_q_reg[8]' (FDE) to 'U0/i_synth/DIV_OP.SPD.OP/EXP/STATE_DEC_DELAY/i_pipe/opt_has_pipe.first_q_reg[4]'
INFO: [Synth 8-3886] merging instance 'U0/i_synth/DIV_OP.SPD.OP/EXP/STATE_DEC_DELAY/i_pipe/opt_has_pipe.first_q_reg[10]' (FDE) to 'U0/i_synth/DIV_OP.SPD.OP/EXP/STATE_DEC_DELAY/i_pipe/opt_has_pipe.first_q_reg[4]'
INFO: [Synth 8-3886] merging instance 'U0/i_synth/DIV_OP.SPD.OP/EXP/STATE_DEC_DELAY/i_pipe/opt_has_pipe.first_q_reg[9]' (FDE) to 'U0/i_synth/DIV_OP.SPD.OP/EXP/STATE_DEC_DELAY/i_pipe/opt_has_pipe.first_q_reg[5]'
INFO: [Synth 8-3886] merging instance 'U0/i_synth/DIV_OP.SPD.OP/EXP/STATE_DEC_DELAY/i_pipe/opt_has_pipe.first_q_reg[11]' (FDE) to 'U0/i_synth/DIV_OP.SPD.OP/EXP/STATE_DEC_DELAY/i_pipe/opt_has_pipe.first_q_reg[5]'
INFO: [Synth 8-3333] propagating constant 0 across sequential element (U0/i_synth/\DIV_OP.SPD.OP/ROUND/EXP_IN_DELAY.EXP_OFF_OP_DEL/i_pipe/opt_has_pipe.first_q_reg[0] )
INFO: [Synth 8-3333] propagating constant 0 across sequential element (U0/i_synth/\DIV_OP.SPD.OP/ROUND/EXP_IN_DELAY.EXP_OFF_OP_DEL/i_pipe/opt_has_pipe.first_q_reg[7] )
INFO: [Synth 8-3333] propagating constant 0 across sequential element (U0/i_synth/\DIV_OP.SPD.OP/EXP/STATE_DEC_DELAY/i_pipe/opt_has_pipe.first_q_reg[6] )
INFO: [Synth 8-3333] propagating constant 0 across sequential element (U0/i_synth/\DIV_OP.SPD.OP/EXP/STATE_DEC_DELAY/i_pipe/opt_has_pipe.first_q_reg[7] )
---------------------------------------------------------------------------------
Finished Cross Boundary and Area Optimization : Time (s): cpu = 00:00:12 ; elapsed = 00:00:13 . Memory (MB): peak = 915.012 ; gain = 535.188
---------------------------------------------------------------------------------

Report RTL Partitions: 
+-+--------------+------------+----------+
| |RTL Partition |Replication |Instances |
+-+--------------+------------+----------+
+-+--------------+------------+----------+
---------------------------------------------------------------------------------
Start Applying XDC Timing Constraints
---------------------------------------------------------------------------------
---------------------------------------------------------------------------------
Finished Applying XDC Timing Constraints : Time (s): cpu = 00:00:16 ; elapsed = 00:00:18 . Memory (MB): peak = 915.012 ; gain = 535.188
---------------------------------------------------------------------------------
---------------------------------------------------------------------------------
Start Timing Optimization
---------------------------------------------------------------------------------
---------------------------------------------------------------------------------
Finished Timing Optimization : Time (s): cpu = 00:00:16 ; elapsed = 00:00:18 . Memory (MB): peak = 919.000 ; gain = 539.176
---------------------------------------------------------------------------------

Report RTL Partitions: 
+-+--------------+------------+----------+
| |RTL Partition |Replication |Instances |
+-+--------------+------------+----------+
+-+--------------+------------+----------+
---------------------------------------------------------------------------------
Start Technology Mapping
---------------------------------------------------------------------------------
---------------------------------------------------------------------------------
Finished Technology Mapping : Time (s): cpu = 00:00:17 ; elapsed = 00:00:18 . Memory (MB): peak = 925.219 ; gain = 545.395
---------------------------------------------------------------------------------

Report RTL Partitions: 
+-+--------------+------------+----------+
| |RTL Partition |Replication |Instances |
+-+--------------+------------+----------+
+-+--------------+------------+----------+
---------------------------------------------------------------------------------
Start IO Insertion
---------------------------------------------------------------------------------
---------------------------------------------------------------------------------
Start Flattening Before IO Insertion
---------------------------------------------------------------------------------
---------------------------------------------------------------------------------
Finished Flattening Before IO Insertion
---------------------------------------------------------------------------------
---------------------------------------------------------------------------------
Start Final Netlist Cleanup
---------------------------------------------------------------------------------
---------------------------------------------------------------------------------
Finished Final Netlist Cleanup
---------------------------------------------------------------------------------
---------------------------------------------------------------------------------
Finished IO Insertion : Time (s): cpu = 00:00:17 ; elapsed = 00:00:19 . Memory (MB): peak = 925.219 ; gain = 545.395
---------------------------------------------------------------------------------

Report Check Netlist: 
+------+------------------+-------+---------+-------+------------------+
|      |Item              |Errors |Warnings |Status |Description       |
+------+------------------+-------+---------+-------+------------------+
|1     |multi_driven_nets |      0|        0|Passed |Multi driven nets |
+------+------------------+-------+---------+-------+------------------+
---------------------------------------------------------------------------------
Start Renaming Generated Instances
---------------------------------------------------------------------------------
---------------------------------------------------------------------------------
Finished Renaming Generated Instances : Time (s): cpu = 00:00:17 ; elapsed = 00:00:19 . Memory (MB): peak = 925.219 ; gain = 545.395
---------------------------------------------------------------------------------

Report RTL Partitions: 
+-+--------------+------------+----------+
| |RTL Partition |Replication |Instances |
+-+--------------+------------+----------+
+-+--------------+------------+----------+
---------------------------------------------------------------------------------
Start Rebuilding User Hierarchy
---------------------------------------------------------------------------------
---------------------------------------------------------------------------------
Finished Rebuilding User Hierarchy : Time (s): cpu = 00:00:17 ; elapsed = 00:00:19 . Memory (MB): peak = 925.219 ; gain = 545.395
---------------------------------------------------------------------------------
---------------------------------------------------------------------------------
Start Renaming Generated Ports
---------------------------------------------------------------------------------
---------------------------------------------------------------------------------
Finished Renaming Generated Ports : Time (s): cpu = 00:00:17 ; elapsed = 00:00:19 . Memory (MB): peak = 925.219 ; gain = 545.395
---------------------------------------------------------------------------------
---------------------------------------------------------------------------------
Start Handling Custom Attributes
---------------------------------------------------------------------------------
---------------------------------------------------------------------------------
Finished Handling Custom Attributes : Time (s): cpu = 00:00:17 ; elapsed = 00:00:19 . Memory (MB): peak = 925.219 ; gain = 545.395
---------------------------------------------------------------------------------
---------------------------------------------------------------------------------
Start Renaming Generated Nets
---------------------------------------------------------------------------------
---------------------------------------------------------------------------------
Finished Renaming Generated Nets : Time (s): cpu = 00:00:17 ; elapsed = 00:00:19 . Memory (MB): peak = 925.219 ; gain = 545.395
---------------------------------------------------------------------------------
---------------------------------------------------------------------------------
Start Writing Synthesis Report
---------------------------------------------------------------------------------

Report BlackBoxes: 
+-+--------------+----------+
| |BlackBox name |Instances |
+-+--------------+----------+
+-+--------------+----------+

Report Cell Usage: 
+------+--------+------+
|      |Cell    |Count |
+------+--------+------+
|1     |CARRY4  |     3|
|2     |LUT1    |     2|
|3     |LUT2    |   148|
|4     |LUT3    |   650|
|5     |LUT4    |    11|
|6     |LUT5    |    18|
|7     |LUT6    |    17|
|8     |MUXCY   |   658|
|9     |SRL16E  |    15|
|10    |SRLC32E |    22|
|11    |XORCY   |   683|
|12    |FDE     |     1|
|13    |FDRE    |  1520|
+------+--------+------+
---------------------------------------------------------------------------------
Finished Writing Synthesis Report : Time (s): cpu = 00:00:17 ; elapsed = 00:00:19 . Memory (MB): peak = 925.219 ; gain = 545.395
---------------------------------------------------------------------------------
Synthesis finished with 0 errors, 0 critical warnings and 60 warnings.
Synthesis Optimization Runtime : Time (s): cpu = 00:00:08 ; elapsed = 00:00:15 . Memory (MB): peak = 925.219 ; gain = 224.855
Synthesis Optimization Complete : Time (s): cpu = 00:00:17 ; elapsed = 00:00:19 . Memory (MB): peak = 925.219 ; gain = 545.395
INFO: [Project 1-571] Translating synthesized netlist
INFO: [Netlist 29-17] Analyzing 1345 Unisim elements for replacement
INFO: [Netlist 29-28] Unisim Transformation completed in 0 CPU seconds
INFO: [Project 1-570] Preparing netlist for logic optimization
INFO: [Opt 31-138] Pushed 0 inverter(s) to 0 load pin(s).
Netlist sorting complete. Time (s): cpu = 00:00:00 ; elapsed = 00:00:00.001 . Memory (MB): peak = 931.430 ; gain = 0.000
INFO: [Project 1-111] Unisim Transformation Summary:
  A total of 192 instances were transformed.
  (MUXCY,XORCY) => CARRY4: 191 instances
  FDE => FDRE: 1 instances

INFO: [Common 17-83] Releasing license: Synthesis
46 Infos, 100 Warnings, 0 Critical Warnings and 0 Errors encountered.
synth_design completed successfully
synth_design: Time (s): cpu = 00:00:20 ; elapsed = 00:00:22 . Memory (MB): peak = 931.430 ; gain = 563.082
Netlist sorting complete. Time (s): cpu = 00:00:00 ; elapsed = 00:00:00 . Memory (MB): peak = 931.430 ; gain = 0.000
WARNING: [Constraints 18-5210] No constraints selected for write.
Resolution: This message can indicate that there are no constraints for the design, or it can indicate that the used_in flags are set such that the constraints are ignored. This later case is used when running synth_design to not write synthesis constraints to the resulting checkpoint. Instead, project constraints are read when the synthesized design is opened.
INFO: [Common 17-1381] The checkpoint 'C:/Users/lish/Desktop/300/max30102x3/prj/prj.runs/floating_div_synth_1/floating_div.dcp' has been generated.
INFO: [Coretcl 2-1648] Added synthesis output to IP cache for IP floating_div, cache-ID = 1b4df5b2c08ef7b6
INFO: [Coretcl 2-1174] Renamed 226 cell refs.
Netlist sorting complete. Time (s): cpu = 00:00:00 ; elapsed = 00:00:00.001 . Memory (MB): peak = 931.430 ; gain = 0.000
WARNING: [Constraints 18-5210] No constraints selected for write.
Resolution: This message can indicate that there are no constraints for the design, or it can indicate that the used_in flags are set such that the constraints are ignored. This later case is used when running synth_design to not write synthesis constraints to the resulting checkpoint. Instead, project constraints are read when the synthesized design is opened.
INFO: [Common 17-1381] The checkpoint 'C:/Users/lish/Desktop/300/max30102x3/prj/prj.runs/floating_div_synth_1/floating_div.dcp' has been generated.
INFO: [runtcl-4] Executing : report_utilization -file floating_div_utilization_synth.rpt -pb floating_div_utilization_synth.pb
INFO: [Common 17-206] Exiting Vivado at Tue Jan  6 19:29:58 2026...
[Tue Jan  6 19:30:00 2026] floating_div_synth_1 finished
wait_on_run: Time (s): cpu = 00:00:00 ; elapsed = 00:00:30 . Memory (MB): peak = 1489.105 ; gain = 0.000
launch_runs float_tf_synth_1
[Tue Jan  6 19:30:01 2026] Launched float_tf_synth_1...
Run output will be captured here: C:/Users/lish/Desktop/300/max30102x3/prj/prj.runs/float_tf_synth_1/runme.log
wait_on_run float_tf_synth_1
[Tue Jan  6 19:30:01 2026] Waiting for float_tf_synth_1 to finish...
[Tue Jan  6 19:30:06 2026] Waiting for float_tf_synth_1 to finish...
[Tue Jan  6 19:30:11 2026] Waiting for float_tf_synth_1 to finish...
[Tue Jan  6 19:30:16 2026] Waiting for float_tf_synth_1 to finish...
INFO: [Common 17-41] Interrupt caught. Command should exit soon.
[Tue Jan  6 19:30:26 2026] Waiting for float_tf_synth_1 to finish...

*** Running vivado
    with args -log float_tf.vds -m64 -product Vivado -mode batch -messageDb vivado.pb -notrace -source float_tf.tcl


****** Vivado v2018.3 (64-bit)
  **** SW Build 2405991 on Thu Dec  6 23:38:27 MST 2018
  **** IP Build 2404404 on Fri Dec  7 01:43:56 MST 2018
    ** Copyright 1986-2018 Xilinx, Inc. All Rights Reserved.

source float_tf.tcl -notrace
Command: synth_design -top float_tf -part xc7z020clg400-2 -mode out_of_context
Starting synth_design
Attempting to get a license for feature 'Synthesis' and/or device 'xc7z020'
INFO: [Common 17-349] Got license for feature 'Synthesis' and/or device 'xc7z020'
INFO: Launching helper process for spawning children vivado processes
INFO: Helper process launched with PID 22932 
---------------------------------------------------------------------------------
Starting RTL Elaboration : Time (s): cpu = 00:00:03 ; elapsed = 00:00:03 . Memory (MB): peak = 476.703 ; gain = 96.531
---------------------------------------------------------------------------------
INFO: [Synth 8-638] synthesizing module 'float_tf' [c:/Users/lish/Desktop/300/max30102x3/prj/prj.srcs/sources_1/ip/float_tf/synth/float_tf.vhd:71]
	Parameter C_XDEVICEFAMILY bound to: zynq - type: string 
	Parameter C_HAS_ADD bound to: 0 - type: integer 
	Parameter C_HAS_SUBTRACT bound to: 0 - type: integer 
	Parameter C_HAS_MULTIPLY bound to: 0 - type: integer 
	Parameter C_HAS_DIVIDE bound to: 0 - type: integer 
	Parameter C_HAS_SQRT bound to: 0 - type: integer 
	Parameter C_HAS_COMPARE bound to: 0 - type: integer 
	Parameter C_HAS_FIX_TO_FLT bound to: 1 - type: integer 
	Parameter C_HAS_FLT_TO_FIX bound to: 0 - type: integer 
	Parameter C_HAS_FLT_TO_FLT bound to: 0 - type: integer 
	Parameter C_HAS_RECIP bound to: 0 - type: integer 
	Parameter C_HAS_RECIP_SQRT bound to: 0 - type: integer 
	Parameter C_HAS_ABSOLUTE bound to: 0 - type: integer 
	Parameter C_HAS_LOGARITHM bound to: 0 - type: integer 
	Parameter C_HAS_EXPONENTIAL bound to: 0 - type: integer 
	Parameter C_HAS_FMA bound to: 0 - type: integer 
	Parameter C_HAS_FMS bound to: 0 - type: integer 
	Parameter C_HAS_ACCUMULATOR_A bound to: 0 - type: integer 
	Parameter C_HAS_ACCUMULATOR_S bound to: 0 - type: integer 
	Parameter C_A_WIDTH bound to: 32 - type: integer 
	Parameter C_A_FRACTION_WIDTH bound to: 0 - type: integer 
	Parameter C_B_WIDTH bound to: 32 - type: integer 
	Parameter C_B_FRACTION_WIDTH bound to: 0 - type: integer 
	Parameter C_C_WIDTH bound to: 32 - type: integer 
	Parameter C_C_FRACTION_WIDTH bound to: 0 - type: integer 
	Parameter C_RESULT_WIDTH bound to: 32 - type: integer 
	Parameter C_RESULT_FRACTION_WIDTH bound to: 24 - type: integer 
	Parameter C_COMPARE_OPERATION bound to: 8 - type: integer 
	Parameter C_LATENCY bound to: 7 - type: integer 
	Parameter C_OPTIMIZATION bound to: 1 - type: integer 
	Parameter C_MULT_USAGE bound to: 0 - type: integer 
	Parameter C_BRAM_USAGE bound to: 0 - type: integer 
	Parameter C_RATE bound to: 1 - type: integer 
	Parameter C_ACCUM_INPUT_MSB bound to: 32 - type: integer 
	Parameter C_ACCUM_MSB bound to: 32 - type: integer 
	Parameter C_ACCUM_LSB bound to: -31 - type: integer 
	Parameter C_HAS_UNDERFLOW bound to: 0 - type: integer 
	Parameter C_HAS_OVERFLOW bound to: 0 - type: integer 
	Parameter C_HAS_INVALID_OP bound to: 0 - type: integer 
	Parameter C_HAS_DIVIDE_BY_ZERO bound to: 0 - type: integer 
	Parameter C_HAS_ACCUM_OVERFLOW bound to: 0 - type: integer 
	Parameter C_HAS_ACCUM_INPUT_OVERFLOW bound to: 0 - type: integer 
	Parameter C_HAS_ACLKEN bound to: 0 - type: integer 
	Parameter C_HAS_ARESETN bound to: 0 - type: integer 
	Parameter C_THROTTLE_SCHEME bound to: 1 - type: integer 
	Parameter C_HAS_A_TUSER bound to: 0 - type: integer 
	Parameter C_HAS_A_TLAST bound to: 0 - type: integer 
	Parameter C_HAS_B bound to: 0 - type: integer 
	Parameter C_HAS_B_TUSER bound to: 0 - type: integer 
	Parameter C_HAS_B_TLAST bound to: 0 - type: integer 
	Parameter C_HAS_C bound to: 0 - type: integer 
	Parameter C_HAS_C_TUSER bound to: 0 - type: integer 
	Parameter C_HAS_C_TLAST bound to: 0 - type: integer 
	Parameter C_HAS_OPERATION bound to: 0 - type: integer 
	Parameter C_HAS_OPERATION_TUSER bound to: 0 - type: integer 
	Parameter C_HAS_OPERATION_TLAST bound to: 0 - type: integer 
	Parameter C_HAS_RESULT_TUSER bound to: 0 - type: integer 
	Parameter C_HAS_RESULT_TLAST bound to: 0 - type: integer 
	Parameter C_TLAST_RESOLUTION bound to: 0 - type: integer 
	Parameter C_A_TDATA_WIDTH bound to: 32 - type: integer 
	Parameter C_A_TUSER_WIDTH bound to: 1 - type: integer 
	Parameter C_B_TDATA_WIDTH bound to: 32 - type: integer 
	Parameter C_B_TUSER_WIDTH bound to: 1 - type: integer 
	Parameter C_C_TDATA_WIDTH bound to: 32 - type: integer 
	Parameter C_C_TUSER_WIDTH bound to: 1 - type: integer 
	Parameter C_OPERATION_TDATA_WIDTH bound to: 8 - type: integer 
	Parameter C_OPERATION_TUSER_WIDTH bound to: 1 - type: integer 
	Parameter C_RESULT_TDATA_WIDTH bound to: 32 - type: integer 
	Parameter C_RESULT_TUSER_WIDTH bound to: 1 - type: integer 
	Parameter C_FIXED_DATA_UNSIGNED bound to: 0 - type: integer 
INFO: [Synth 8-3491] module 'floating_point_v7_1_7' declared at 'c:/Users/lish/Desktop/300/max30102x3/prj/prj.srcs/sources_1/ip/float_tf/hdl/floating_point_v7_1_vh_rfs.vhd:91615' bound to instance 'U0' of component 'floating_point_v7_1_7' [c:/Users/lish/Desktop/300/max30102x3/prj/prj.srcs/sources_1/ip/float_tf/synth/float_tf.vhd:199]
INFO: [Synth 8-256] done synthesizing module 'float_tf' (16#1) [c:/Users/lish/Desktop/300/max30102x3/prj/prj.srcs/sources_1/ip/float_tf/synth/float_tf.vhd:71]
WARNING: [Synth 8-3331] design xbip_pipe_v3_0_5_viv__parameterized15 has unconnected port SCLR
WARNING: [Synth 8-3331] design xbip_pipe_v3_0_5_viv__parameterized15 has unconnected port SSET
WARNING: [Synth 8-3331] design xbip_pipe_v3_0_5_viv__parameterized15 has unconnected port SINIT
WARNING: [Synth 8-3331] design xbip_pipe_v3_0_5_viv__parameterized9 has unconnected port SCLR
WARNING: [Synth 8-3331] design xbip_pipe_v3_0_5_viv__parameterized9 has unconnected port SSET
WARNING: [Synth 8-3331] design xbip_pipe_v3_0_5_viv__parameterized9 has unconnected port SINIT
WARNING: [Synth 8-3331] design xbip_pipe_v3_0_5_viv__parameterized11 has unconnected port SCLR
WARNING: [Synth 8-3331] design xbip_pipe_v3_0_5_viv__parameterized11 has unconnected port SSET
WARNING: [Synth 8-3331] design xbip_pipe_v3_0_5_viv__parameterized11 has unconnected port SINIT
WARNING: [Synth 8-3331] design xbip_pipe_v3_0_5_viv__parameterized19 has unconnected port SCLR
WARNING: [Synth 8-3331] design xbip_pipe_v3_0_5_viv__parameterized19 has unconnected port SSET
WARNING: [Synth 8-3331] design xbip_pipe_v3_0_5_viv__parameterized19 has unconnected port SINIT
WARNING: [Synth 8-3331] design norm_zero_det has unconnected port DATA[6]
WARNING: [Synth 8-3331] design norm_zero_det has unconnected port DIST[7]
WARNING: [Synth 8-3331] design norm_zero_det has unconnected port DIST[6]
WARNING: [Synth 8-3331] design norm_zero_det has unconnected port DIST[5]
WARNING: [Synth 8-3331] design xbip_pipe_v3_0_5_viv__parameterized3 has unconnected port CLK
WARNING: [Synth 8-3331] design xbip_pipe_v3_0_5_viv__parameterized3 has unconnected port CE
WARNING: [Synth 8-3331] design xbip_pipe_v3_0_5_viv__parameterized3 has unconnected port SCLR
WARNING: [Synth 8-3331] design xbip_pipe_v3_0_5_viv__parameterized3 has unconnected port SSET
WARNING: [Synth 8-3331] design xbip_pipe_v3_0_5_viv__parameterized3 has unconnected port SINIT
WARNING: [Synth 8-3331] design xbip_pipe_v3_0_5_viv__parameterized1 has unconnected port CLK
WARNING: [Synth 8-3331] design xbip_pipe_v3_0_5_viv__parameterized1 has unconnected port CE
WARNING: [Synth 8-3331] design xbip_pipe_v3_0_5_viv__parameterized1 has unconnected port SCLR
WARNING: [Synth 8-3331] design xbip_pipe_v3_0_5_viv__parameterized1 has unconnected port SSET
WARNING: [Synth 8-3331] design xbip_pipe_v3_0_5_viv__parameterized1 has unconnected port SINIT
WARNING: [Synth 8-3331] design xbip_pipe_v3_0_5_viv__parameterized5 has unconnected port SCLR
WARNING: [Synth 8-3331] design xbip_pipe_v3_0_5_viv__parameterized5 has unconnected port SSET
WARNING: [Synth 8-3331] design xbip_pipe_v3_0_5_viv__parameterized5 has unconnected port SINIT
WARNING: [Synth 8-3331] design carry_chain has unconnected port B[31]
WARNING: [Synth 8-3331] design flt_dec_op has unconnected port DEC_OP_STATE[11]
WARNING: [Synth 8-3331] design flt_dec_op has unconnected port DEC_OP_STATE[10]
WARNING: [Synth 8-3331] design flt_dec_op has unconnected port DEC_OP_STATE[9]
WARNING: [Synth 8-3331] design flt_dec_op has unconnected port DEC_OP_STATE[8]
WARNING: [Synth 8-3331] design flt_dec_op has unconnected port DIVIDE_BY_ZERO_IN
WARNING: [Synth 8-3331] design xbip_pipe_v3_0_5_viv__parameterized41 has unconnected port SCLR
WARNING: [Synth 8-3331] design xbip_pipe_v3_0_5_viv__parameterized41 has unconnected port SSET
WARNING: [Synth 8-3331] design xbip_pipe_v3_0_5_viv__parameterized41 has unconnected port SINIT
WARNING: [Synth 8-3331] design xbip_pipe_v3_0_5_viv__parameterized29 has unconnected port SCLR
WARNING: [Synth 8-3331] design xbip_pipe_v3_0_5_viv__parameterized29 has unconnected port SSET
WARNING: [Synth 8-3331] design xbip_pipe_v3_0_5_viv__parameterized29 has unconnected port SINIT
WARNING: [Synth 8-3331] design xbip_pipe_v3_0_5_viv__parameterized43 has unconnected port SCLR
WARNING: [Synth 8-3331] design xbip_pipe_v3_0_5_viv__parameterized43 has unconnected port SSET
WARNING: [Synth 8-3331] design xbip_pipe_v3_0_5_viv__parameterized43 has unconnected port SINIT
WARNING: [Synth 8-3331] design fix_to_flt_conv_exp has unconnected port A[30]
WARNING: [Synth 8-3331] design fix_to_flt_conv_exp has unconnected port A[29]
WARNING: [Synth 8-3331] design fix_to_flt_conv_exp has unconnected port A[28]
WARNING: [Synth 8-3331] design fix_to_flt_conv_exp has unconnected port A[27]
WARNING: [Synth 8-3331] design fix_to_flt_conv_exp has unconnected port A[26]
WARNING: [Synth 8-3331] design fix_to_flt_conv_exp has unconnected port A[25]
WARNING: [Synth 8-3331] design fix_to_flt_conv_exp has unconnected port A[24]
WARNING: [Synth 8-3331] design fix_to_flt_conv_exp has unconnected port A[23]
WARNING: [Synth 8-3331] design fix_to_flt_conv_exp has unconnected port A[22]
WARNING: [Synth 8-3331] design fix_to_flt_conv_exp has unconnected port A[21]
WARNING: [Synth 8-3331] design fix_to_flt_conv_exp has unconnected port A[20]
WARNING: [Synth 8-3331] design fix_to_flt_conv_exp has unconnected port A[19]
WARNING: [Synth 8-3331] design fix_to_flt_conv_exp has unconnected port A[18]
WARNING: [Synth 8-3331] design fix_to_flt_conv_exp has unconnected port A[17]
WARNING: [Synth 8-3331] design fix_to_flt_conv_exp has unconnected port A[16]
WARNING: [Synth 8-3331] design fix_to_flt_conv_exp has unconnected port A[15]
WARNING: [Synth 8-3331] design fix_to_flt_conv_exp has unconnected port A[14]
WARNING: [Synth 8-3331] design fix_to_flt_conv_exp has unconnected port A[13]
WARNING: [Synth 8-3331] design fix_to_flt_conv_exp has unconnected port A[12]
WARNING: [Synth 8-3331] design fix_to_flt_conv_exp has unconnected port A[11]
WARNING: [Synth 8-3331] design fix_to_flt_conv_exp has unconnected port A[10]
WARNING: [Synth 8-3331] design fix_to_flt_conv_exp has unconnected port A[9]
WARNING: [Synth 8-3331] design fix_to_flt_conv_exp has unconnected port A[8]
WARNING: [Synth 8-3331] design fix_to_flt_conv_exp has unconnected port A[7]
WARNING: [Synth 8-3331] design fix_to_flt_conv_exp has unconnected port A[6]
WARNING: [Synth 8-3331] design fix_to_flt_conv_exp has unconnected port A[5]
WARNING: [Synth 8-3331] design fix_to_flt_conv_exp has unconnected port A[4]
WARNING: [Synth 8-3331] design fix_to_flt_conv_exp has unconnected port A[3]
WARNING: [Synth 8-3331] design fix_to_flt_conv_exp has unconnected port A[2]
WARNING: [Synth 8-3331] design fix_to_flt_conv_exp has unconnected port A[1]
WARNING: [Synth 8-3331] design fix_to_flt_conv_exp has unconnected port A[0]
WARNING: [Synth 8-3331] design xbip_pipe_v3_0_5_viv__parameterized39 has unconnected port SCLR
WARNING: [Synth 8-3331] design xbip_pipe_v3_0_5_viv__parameterized39 has unconnected port SSET
WARNING: [Synth 8-3331] design xbip_pipe_v3_0_5_viv__parameterized39 has unconnected port SINIT
WARNING: [Synth 8-3331] design xbip_pipe_v3_0_5_viv__parameterized37 has unconnected port SCLR
WARNING: [Synth 8-3331] design xbip_pipe_v3_0_5_viv__parameterized37 has unconnected port SSET
WARNING: [Synth 8-3331] design xbip_pipe_v3_0_5_viv__parameterized37 has unconnected port SINIT
WARNING: [Synth 8-3331] design carry_chain__parameterized3 has unconnected port B[11]
WARNING: [Synth 8-3331] design xbip_pipe_v3_0_5_viv__parameterized35 has unconnected port CLK
WARNING: [Synth 8-3331] design xbip_pipe_v3_0_5_viv__parameterized35 has unconnected port CE
WARNING: [Synth 8-3331] design xbip_pipe_v3_0_5_viv__parameterized35 has unconnected port SCLR
WARNING: [Synth 8-3331] design xbip_pipe_v3_0_5_viv__parameterized35 has unconnected port SSET
WARNING: [Synth 8-3331] design xbip_pipe_v3_0_5_viv__parameterized35 has unconnected port SINIT
WARNING: [Synth 8-3331] design xbip_pipe_v3_0_5_viv__parameterized31 has unconnected port CLK
WARNING: [Synth 8-3331] design xbip_pipe_v3_0_5_viv__parameterized31 has unconnected port CE
WARNING: [Synth 8-3331] design xbip_pipe_v3_0_5_viv__parameterized31 has unconnected port SCLR
WARNING: [Synth 8-3331] design xbip_pipe_v3_0_5_viv__parameterized31 has unconnected port SSET
WARNING: [Synth 8-3331] design xbip_pipe_v3_0_5_viv__parameterized31 has unconnected port SINIT
WARNING: [Synth 8-3331] design xbip_pipe_v3_0_5_viv__parameterized27 has unconnected port CLK
WARNING: [Synth 8-3331] design xbip_pipe_v3_0_5_viv__parameterized27 has unconnected port CE
WARNING: [Synth 8-3331] design xbip_pipe_v3_0_5_viv__parameterized27 has unconnected port SCLR
WARNING: [Synth 8-3331] design xbip_pipe_v3_0_5_viv__parameterized27 has unconnected port SSET
WARNING: [Synth 8-3331] design xbip_pipe_v3_0_5_viv__parameterized27 has unconnected port SINIT
WARNING: [Synth 8-3331] design xbip_pipe_v3_0_5_viv__parameterized25 has unconnected port CLK
WARNING: [Synth 8-3331] design xbip_pipe_v3_0_5_viv__parameterized25 has unconnected port CE
WARNING: [Synth 8-3331] design xbip_pipe_v3_0_5_viv__parameterized25 has unconnected port SCLR
INFO: [Common 17-14] Message 'Synth 8-3331' appears 100 times and further instances of the messages will be disabled. Use the Tcl command set_msg_config to change the current settings.
---------------------------------------------------------------------------------
Finished RTL Elaboration : Time (s): cpu = 00:00:05 ; elapsed = 00:00:06 . Memory (MB): peak = 589.594 ; gain = 209.422
---------------------------------------------------------------------------------

Report Check Netlist: 
+------+------------------+-------+---------+-------+------------------+
|      |Item              |Errors |Warnings |Status |Description       |
+------+------------------+-------+---------+-------+------------------+
|1     |multi_driven_nets |      0|        0|Passed |Multi driven nets |
+------+------------------+-------+---------+-------+------------------+
---------------------------------------------------------------------------------
Start Handling Custom Attributes
---------------------------------------------------------------------------------
---------------------------------------------------------------------------------
Finished Handling Custom Attributes : Time (s): cpu = 00:00:05 ; elapsed = 00:00:06 . Memory (MB): peak = 589.594 ; gain = 209.422
---------------------------------------------------------------------------------
---------------------------------------------------------------------------------
Finished RTL Optimization Phase 1 : Time (s): cpu = 00:00:05 ; elapsed = 00:00:06 . Memory (MB): peak = 589.594 ; gain = 209.422
---------------------------------------------------------------------------------
INFO: [Netlist 29-17] Analyzing 149 Unisim elements for replacement
INFO: [Netlist 29-28] Unisim Transformation completed in 0 CPU seconds
INFO: [Device 21-403] Loading part xc7z020clg400-2
INFO: [Project 1-570] Preparing netlist for logic optimization

Processing XDC Constraints
Initializing timing engine
Parsing XDC File [c:/Users/lish/Desktop/300/max30102x3/prj/prj.srcs/sources_1/ip/float_tf/float_tf_ooc.xdc] for cell 'U0'
Finished Parsing XDC File [c:/Users/lish/Desktop/300/max30102x3/prj/prj.srcs/sources_1/ip/float_tf/float_tf_ooc.xdc] for cell 'U0'
Parsing XDC File [C:/Users/lish/Desktop/300/max30102x3/prj/prj.runs/float_tf_synth_1/dont_touch.xdc]
Finished Parsing XDC File [C:/Users/lish/Desktop/300/max30102x3/prj/prj.runs/float_tf_synth_1/dont_touch.xdc]
Completed Processing XDC Constraints

Netlist sorting complete. Time (s): cpu = 00:00:00 ; elapsed = 00:00:00.001 . Memory (MB): peak = 896.781 ; gain = 0.000
INFO: [Project 1-111] Unisim Transformation Summary:
  A total of 16 instances were transformed.
  FDE => FDRE: 16 instances

Netlist sorting complete. Time (s): cpu = 00:00:00 ; elapsed = 00:00:00.001 . Memory (MB): peak = 896.781 ; gain = 0.000
Constraint Validation Runtime : Time (s): cpu = 00:00:00 ; elapsed = 00:00:00.016 . Memory (MB): peak = 898.086 ; gain = 1.305
---------------------------------------------------------------------------------
Finished Constraint Validation : Time (s): cpu = 00:00:09 ; elapsed = 00:00:11 . Memory (MB): peak = 898.086 ; gain = 517.914
---------------------------------------------------------------------------------
---------------------------------------------------------------------------------
Start Loading Part and Timing Information
---------------------------------------------------------------------------------
Loading part: xc7z020clg400-2
---------------------------------------------------------------------------------
Finished Loading Part and Timing Information : Time (s): cpu = 00:00:09 ; elapsed = 00:00:11 . Memory (MB): peak = 898.086 ; gain = 517.914
---------------------------------------------------------------------------------
---------------------------------------------------------------------------------
Start Applying 'set_property' XDC Constraints
---------------------------------------------------------------------------------
Applied set_property DONT_TOUCH = true for U0. (constraint file  C:/Users/lish/Desktop/300/max30102x3/prj/prj.runs/float_tf_synth_1/dont_touch.xdc, line 9).
---------------------------------------------------------------------------------
Finished applying 'set_property' XDC Constraints : Time (s): cpu = 00:00:09 ; elapsed = 00:00:11 . Memory (MB): peak = 898.086 ; gain = 517.914
---------------------------------------------------------------------------------
---------------------------------------------------------------------------------
Finished RTL Optimization Phase 2 : Time (s): cpu = 00:00:10 ; elapsed = 00:00:12 . Memory (MB): peak = 898.086 ; gain = 517.914
---------------------------------------------------------------------------------
INFO: [Synth 8-223] decloning instance 'U0/i_synth/DELAY_INVALID_OP' (delay__parameterized10) to 'U0/i_synth/DELAY_DIVIDE_BY_ZERO'
INFO: [Synth 8-223] decloning instance 'U0/i_synth/DELAY_INVALID_OP' (delay__parameterized10) to 'U0/i_synth/DELAY_OVERFLOW'
INFO: [Synth 8-223] decloning instance 'U0/i_synth/DELAY_INVALID_OP' (delay__parameterized10) to 'U0/i_synth/DELAY_UNDERFLOW'
INFO: [Synth 8-223] decloning instance 'U0/i_synth/DELAY_INVALID_OP' (delay__parameterized10) to 'U0/i_synth/DELAY_ACCUM_OVERFLOW'
INFO: [Synth 8-223] decloning instance 'U0/i_synth/DELAY_INVALID_OP' (delay__parameterized10) to 'U0/i_synth/DELAY_ACCUM_INPUT_OVERFLOW'
INFO: [Synth 8-223] decloning instance 'U0/i_synth/FIX_TO_FLT_OP.SPD.OP/ROUND/EXTRA_LSB_BIT_DEL' (delay__parameterized10) to 'U0/i_synth/FIX_TO_FLT_OP.SPD.OP/ROUND/EXTRA_LSB_RND1_DEL'
INFO: [Synth 8-223] decloning instance 'U0/i_synth/FIX_TO_FLT_OP.SPD.OP/ROUND/EXP_INC_DELAY' (delay__parameterized10) to 'U0/i_synth/FIX_TO_FLT_OP.SPD.OP/ROUND/EXP_INC_RND1_DELAY'

Report RTL Partitions: 
+-+--------------+------------+----------+
| |RTL Partition |Replication |Instances |
+-+--------------+------------+----------+
+-+--------------+------------+----------+
---------------------------------------------------------------------------------
Start RTL Component Statistics 
---------------------------------------------------------------------------------
---------------------------------------------------------------------------------
Finished RTL Component Statistics 
---------------------------------------------------------------------------------
---------------------------------------------------------------------------------
Start RTL Hierarchical Component Statistics 
---------------------------------------------------------------------------------
---------------------------------------------------------------------------------
Finished RTL Hierarchical Component Statistics
---------------------------------------------------------------------------------
---------------------------------------------------------------------------------
Start Part Resource Summary
---------------------------------------------------------------------------------
Part Resources:
DSPs: 220 (col length:60)
BRAMs: 280 (col length: RAMB18 60 RAMB36 30)
---------------------------------------------------------------------------------
Finished Part Resource Summary
---------------------------------------------------------------------------------
---------------------------------------------------------------------------------
Start Cross Boundary and Area Optimization
---------------------------------------------------------------------------------
Warning: Parallel synthesis criteria is not met 
INFO: [Synth 8-3886] merging instance 'U0/i_synth/FIX_TO_FLT_OP.SPD.OP/EXP/EXP_MOD_DEL/i_pipe/opt_has_pipe.first_q_reg[6]' (FDE) to 'U0/i_synth/FIX_TO_FLT_OP.SPD.OP/EXP/EXP_MOD_DEL/i_pipe/opt_has_pipe.first_q_reg[5]'
---------------------------------------------------------------------------------
Finished Cross Boundary and Area Optimization : Time (s): cpu = 00:00:10 ; elapsed = 00:00:12 . Memory (MB): peak = 898.086 ; gain = 517.914
---------------------------------------------------------------------------------

Report RTL Partitions: 
+-+--------------+------------+----------+
| |RTL Partition |Replication |Instances |
+-+--------------+------------+----------+
+-+--------------+------------+----------+
---------------------------------------------------------------------------------
Start Applying XDC Timing Constraints
---------------------------------------------------------------------------------
---------------------------------------------------------------------------------
Finished Applying XDC Timing Constraints : Time (s): cpu = 00:00:15 ; elapsed = 00:00:17 . Memory (MB): peak = 898.086 ; gain = 517.914
---------------------------------------------------------------------------------
---------------------------------------------------------------------------------
Start Timing Optimization
---------------------------------------------------------------------------------
---------------------------------------------------------------------------------
Finished Timing Optimization : Time (s): cpu = 00:00:15 ; elapsed = 00:00:17 . Memory (MB): peak = 906.141 ; gain = 525.969
---------------------------------------------------------------------------------

Report RTL Partitions: 
+-+--------------+------------+----------+
| |RTL Partition |Replication |Instances |
+-+--------------+------------+----------+
+-+--------------+------------+----------+
---------------------------------------------------------------------------------
Start Technology Mapping
---------------------------------------------------------------------------------
---------------------------------------------------------------------------------
Finished Technology Mapping : Time (s): cpu = 00:00:15 ; elapsed = 00:00:17 . Memory (MB): peak = 908.078 ; gain = 527.906
---------------------------------------------------------------------------------

Report RTL Partitions: 
+-+--------------+------------+----------+
| |RTL Partition |Replication |Instances |
+-+--------------+------------+----------+
+-+--------------+------------+----------+
---------------------------------------------------------------------------------
Start IO Insertion
---------------------------------------------------------------------------------
---------------------------------------------------------------------------------
Start Flattening Before IO Insertion
---------------------------------------------------------------------------------
---------------------------------------------------------------------------------
Finished Flattening Before IO Insertion
---------------------------------------------------------------------------------
---------------------------------------------------------------------------------
Start Final Netlist Cleanup
---------------------------------------------------------------------------------
---------------------------------------------------------------------------------
Finished Final Netlist Cleanup
---------------------------------------------------------------------------------
---------------------------------------------------------------------------------
Finished IO Insertion : Time (s): cpu = 00:00:15 ; elapsed = 00:00:17 . Memory (MB): peak = 908.078 ; gain = 527.906
---------------------------------------------------------------------------------

Report Check Netlist: 
+------+------------------+-------+---------+-------+------------------+
|      |Item              |Errors |Warnings |Status |Description       |
+------+------------------+-------+---------+-------+------------------+
|1     |multi_driven_nets |      0|        0|Passed |Multi driven nets |
+------+------------------+-------+---------+-------+------------------+
---------------------------------------------------------------------------------
Start Renaming Generated Instances
---------------------------------------------------------------------------------
---------------------------------------------------------------------------------
Finished Renaming Generated Instances : Time (s): cpu = 00:00:15 ; elapsed = 00:00:17 . Memory (MB): peak = 908.078 ; gain = 527.906
---------------------------------------------------------------------------------

Report RTL Partitions: 
+-+--------------+------------+----------+
| |RTL Partition |Replication |Instances |
+-+--------------+------------+----------+
+-+--------------+------------+----------+
---------------------------------------------------------------------------------
Start Rebuilding User Hierarchy
---------------------------------------------------------------------------------
---------------------------------------------------------------------------------
Finished Rebuilding User Hierarchy : Time (s): cpu = 00:00:15 ; elapsed = 00:00:17 . Memory (MB): peak = 908.078 ; gain = 527.906
---------------------------------------------------------------------------------
---------------------------------------------------------------------------------
Start Renaming Generated Ports
---------------------------------------------------------------------------------
---------------------------------------------------------------------------------
Finished Renaming Generated Ports : Time (s): cpu = 00:00:15 ; elapsed = 00:00:17 . Memory (MB): peak = 908.078 ; gain = 527.906
---------------------------------------------------------------------------------
---------------------------------------------------------------------------------
Start Handling Custom Attributes
---------------------------------------------------------------------------------
---------------------------------------------------------------------------------
Finished Handling Custom Attributes : Time (s): cpu = 00:00:15 ; elapsed = 00:00:17 . Memory (MB): peak = 908.078 ; gain = 527.906
---------------------------------------------------------------------------------
---------------------------------------------------------------------------------
Start Renaming Generated Nets
---------------------------------------------------------------------------------
---------------------------------------------------------------------------------
Finished Renaming Generated Nets : Time (s): cpu = 00:00:15 ; elapsed = 00:00:17 . Memory (MB): peak = 908.078 ; gain = 527.906
---------------------------------------------------------------------------------
---------------------------------------------------------------------------------
Start Writing Synthesis Report
---------------------------------------------------------------------------------

Report BlackBoxes: 
+-+--------------+----------+
| |BlackBox name |Instances |
+-+--------------+----------+
+-+--------------+----------+

Report Cell Usage: 
+------+-------+------+
|      |Cell   |Count |
+------+-------+------+
|1     |LUT1   |     1|
|2     |LUT2   |    58|
|3     |LUT3   |    76|
|4     |LUT4   |    13|
|5     |LUT5   |    18|
|6     |LUT6   |    45|
|7     |MUXCY  |    77|
|8     |SRL16E |     3|
|9     |XORCY  |    56|
|10    |FDE    |    16|
|11    |FDRE   |   283|
+------+-------+------+
---------------------------------------------------------------------------------
Finished Writing Synthesis Report : Time (s): cpu = 00:00:15 ; elapsed = 00:00:17 . Memory (MB): peak = 908.078 ; gain = 527.906
---------------------------------------------------------------------------------
Synthesis finished with 0 errors, 0 critical warnings and 85 warnings.
Synthesis Optimization Runtime : Time (s): cpu = 00:00:07 ; elapsed = 00:00:13 . Memory (MB): peak = 908.078 ; gain = 219.414
Synthesis Optimization Complete : Time (s): cpu = 00:00:15 ; elapsed = 00:00:17 . Memory (MB): peak = 908.078 ; gain = 527.906
INFO: [Project 1-571] Translating synthesized netlist
INFO: [Netlist 29-17] Analyzing 149 Unisim elements for replacement
INFO: [Netlist 29-28] Unisim Transformation completed in 0 CPU seconds
INFO: [Project 1-570] Preparing netlist for logic optimization
INFO: [Opt 31-138] Pushed 0 inverter(s) to 0 load pin(s).
Netlist sorting complete. Time (s): cpu = 00:00:00 ; elapsed = 00:00:00 . Memory (MB): peak = 911.320 ; gain = 0.000
INFO: [Project 1-111] Unisim Transformation Summary:
  A total of 36 instances were transformed.
  (MUXCY,XORCY) => CARRY4: 20 instances
  FDE => FDRE: 16 instances

INFO: [Common 17-83] Releasing license: Synthesis
25 Infos, 100 Warnings, 0 Critical Warnings and 0 Errors encountered.
synth_design completed successfully
synth_design: Time (s): cpu = 00:00:17 ; elapsed = 00:00:19 . Memory (MB): peak = 911.320 ; gain = 542.637
Netlist sorting complete. Time (s): cpu = 00:00:00 ; elapsed = 00:00:00.001 . Memory (MB): peak = 911.320 ; gain = 0.000
WARNING: [Constraints 18-5210] No constraints selected for write.
Resolution: This message can indicate that there are no constraints for the design, or it can indicate that the used_in flags are set such that the constraints are ignored. This later case is used when running synth_design to not write synthesis constraints to the resulting checkpoint. Instead, project constraints are read when the synthesized design is opened.
INFO: [Common 17-1381] The checkpoint 'C:/Users/lish/Desktop/300/max30102x3/prj/prj.runs/float_tf_synth_1/float_tf.dcp' has been generated.
INFO: [Coretcl 2-1648] Added synthesis output to IP cache for IP float_tf, cache-ID = 4ccd25d5e6bb7c12
INFO: [Coretcl 2-1174] Renamed 60 cell refs.
Netlist sorting complete. Time (s): cpu = 00:00:00 ; elapsed = 00:00:00 . Memory (MB): peak = 911.320 ; gain = 0.000
WARNING: [Constraints 18-5210] No constraints selected for write.
Resolution: This message can indicate that there are no constraints for the design, or it can indicate that the used_in flags are set such that the constraints are ignored. This later case is used when running synth_design to not write synthesis constraints to the resulting checkpoint. Instead, project constraints are read when the synthesized design is opened.
INFO: [Common 17-1381] The checkpoint 'C:/Users/lish/Desktop/300/max30102x3/prj/prj.runs/float_tf_synth_1/float_tf.dcp' has been generated.
INFO: [runtcl-4] Executing : report_utilization -file float_tf_utilization_synth.rpt -pb float_tf_utilization_synth.pb
INFO: [Common 17-206] Exiting Vivado at Tue Jan  6 19:30:25 2026...
[Tue Jan  6 19:30:26 2026] float_tf_synth_1 finished
wait_on_run: Time (s): cpu = 00:00:03 ; elapsed = 00:00:25 . Memory (MB): peak = 1489.105 ; gain = 0.000
INFO: [Common 17-344] 'wait_on_run' was cancelled
ERROR: [Vivado 12-4146] Open Elaborated Design failed due to the following error:
ERROR: [Common 17-69] Command failed: 

reset_run sum_synth_1
launch_runs sum_synth_1
INFO: [IP_Flow 19-4993] Using cached IP synthesis design for IP sum, cache-ID = 3358848b93ac3a84; cache size = 101.519 MB.
INFO: [Vivado 12-4149] The synthesis checkpoint for IP 'C:/Users/lish/Desktop/300/max30102x3/prj/prj.srcs/sources_1/ip/sum/sum.xci' is already up-to-date
[Tue Jan  6 19:30:34 2026] Launched sum_synth_1...
Run output will be captured here: C:/Users/lish/Desktop/300/max30102x3/prj/prj.runs/sum_synth_1/runme.log
wait_on_run sum_synth_1
[Tue Jan  6 19:30:34 2026] Waiting for sum_synth_1 to finish...
[Tue Jan  6 19:30:39 2026] Waiting for sum_synth_1 to finish...
[Tue Jan  6 19:30:44 2026] Waiting for sum_synth_1 to finish...

*** Running vivado
    with args -log sum.vds -m64 -product Vivado -mode batch -messageDb vivado.pb -notrace -source sum.tcl


****** Vivado v2018.3 (64-bit)
  **** SW Build 2405991 on Thu Dec  6 23:38:27 MST 2018
  **** IP Build 2404404 on Fri Dec  7 01:43:56 MST 2018
    ** Copyright 1986-2018 Xilinx, Inc. All Rights Reserved.

source sum.tcl -notrace
INFO: [IP_Flow 19-4838] Using cached IP synthesis design for IP sum, cache-ID = 3358848b93ac3a84.
INFO: [Common 17-206] Exiting Vivado at Tue Jan  6 19:30:40 2026...
[Tue Jan  6 19:30:44 2026] sum_synth_1 finished
wait_on_run: Time (s): cpu = 00:00:01 ; elapsed = 00:00:10 . Memory (MB): peak = 1489.105 ; gain = 0.000
synth_design -rtl -name rtl_1
Command: synth_design -rtl -name rtl_1
Starting synth_design
Using part: xc7z020clg400-2
Top: top
---------------------------------------------------------------------------------
Starting RTL Elaboration : Time (s): cpu = 00:00:01 ; elapsed = 00:00:01 . Memory (MB): peak = 1489.105 ; gain = 0.000
---------------------------------------------------------------------------------
INFO: [Synth 8-6157] synthesizing module 'top' [C:/Users/lish/Desktop/300/max30102x3/prj/prj.srcs/sources_1/new/top.v:5]
INFO: [Synth 8-6157] synthesizing module 'max30102_driver' [C:/Users/lish/Desktop/300/max30102x3/prj/prj.srcs/sources_1/new/max30102_driver.v:3]
	Parameter REG_INTR_STATUS_1 bound to: 16'b0000000000000000 
	Parameter REG_INTR_STATUS_2 bound to: 16'b0000000000000001 
	Parameter REG_INTR_ENABLE_1 bound to: 16'b0000000000000010 
	Parameter REG_INTR_ENABLE_2 bound to: 16'b0000000000000011 
	Parameter REG_FIFO_WR_PTR bound to: 16'b0000000000000100 
	Parameter REG_OVF_COUNTER bound to: 16'b0000000000000101 
	Parameter REG_FIFO_RD_PTR bound to: 16'b0000000000000110 
	Parameter REG_FIFO_DATA bound to: 16'b0000000000000111 
	Parameter REG_FIFO_CONFIG bound to: 16'b0000000000001000 
	Parameter REG_MODE_CONFIG bound to: 16'b0000000000001001 
	Parameter REG_SPO2_CONFIG bound to: 16'b0000000000001010 
	Parameter REG_LED1_PA bound to: 16'b0000000000001100 
	Parameter REG_LED2_PA bound to: 16'b0000000000001101 
	Parameter REG_PILOT_PA bound to: 16'b0000000000010000 
	Parameter REG_MULTI_LED_CTRL1 bound to: 16'b0000000000010001 
	Parameter REG_MULTI_LED_CTRL2 bound to: 16'b0000000000010010 
	Parameter REG_TEMP_INTR bound to: 16'b0000000000011111 
	Parameter REG_TEMP_FRAC bound to: 16'b0000000000100000 
	Parameter REG_TEMP_CONFIG bound to: 16'b0000000000100001 
	Parameter REG_PROX_INT_THRESH bound to: 16'b0000000000110000 
	Parameter REG_REV_ID bound to: 16'b0000000011111110 
	Parameter REG_PART_ID bound to: 16'b0000000011111111 
	Parameter IDLE bound to: 8'b00000000 
	Parameter WR_RST bound to: 8'b00000001 
	Parameter WR_RST_WAIT bound to: 8'b00000010 
	Parameter WR_INTR_1 bound to: 8'b00000011 
	Parameter WR_INTR_1_WAIT bound to: 8'b00000100 
	Parameter WR_INTR_2 bound to: 8'b00000101 
	Parameter WR_INTR_2_WAIT bound to: 8'b00000110 
	Parameter WR_FIFO_WR bound to: 8'b00000111 
	Parameter WR_FIFO_WR_WAIT bound to: 8'b00001000 
	Parameter WR_OVF_COUNTER bound to: 8'b00001001 
	Parameter WR_OVF_COUNTER_WAIT bound to: 8'b00001010 
	Parameter WR_FIFO_RD bound to: 8'b00001011 
	Parameter WR_FIFO_RD_WAIT bound to: 8'b00001100 
	Parameter WR_FIFO_CONFIG bound to: 8'b00001101 
	Parameter WR_FIFO_CONFIG_WAIT bound to: 8'b00001110 
	Parameter WR_MODE_CONFIG bound to: 8'b00001111 
	Parameter WR_MODE_CONFIG_WAIT bound to: 8'b00010000 
	Parameter WR_SPO2_CONFIG bound to: 8'b00010001 
	Parameter WR_SPO2_CONFIG_WAIT bound to: 8'b00010010 
	Parameter WR_LED1_PA bound to: 8'b00010011 
	Parameter WR_LED1_PA_WAIT bound to: 8'b00010100 
	Parameter WR_LED2_PA bound to: 8'b00010101 
	Parameter WR_LED2_PA_WAIT bound to: 8'b00010110 
	Parameter INTR_WAIT bound to: 8'b00010111 
	Parameter WR_RD_XT1 bound to: 8'b00011000 
	Parameter WR_RD_XT1_WAIT bound to: 8'b00011001 
	Parameter WR_RD_XT2 bound to: 8'b00011010 
	Parameter WR_RD_XT2_WAIT bound to: 8'b00011011 
	Parameter WR_RD_X1 bound to: 8'b00011100 
	Parameter WR_RD_X1_WAIT bound to: 8'b00011101 
	Parameter WR_RD_X2 bound to: 8'b00011110 
	Parameter WR_RD_X2_WAIT bound to: 8'b00011111 
	Parameter WR_RD_X3 bound to: 8'b00100000 
	Parameter WR_RD_X3_WAIT bound to: 8'b00100001 
	Parameter WR_RD_X4 bound to: 8'b00100010 
	Parameter WR_RD_X4_WAIT bound to: 8'b00100011 
	Parameter WR_RD_X5 bound to: 8'b00100100 
	Parameter WR_RD_X5_WAIT bound to: 8'b00100101 
	Parameter WR_RD_X6 bound to: 8'b00100110 
	Parameter WR_RD_X6_WAIT bound to: 8'b00100111 
	Parameter END_WAIT bound to: 8'b00101000 
WARNING: [Synth 8-6014] Unused sequential element INIT_X1_reg was removed.  [C:/Users/lish/Desktop/300/max30102x3/prj/prj.srcs/sources_1/new/max30102_driver.v:485]
WARNING: [Synth 8-6014] Unused sequential element INIT_X2_reg was removed.  [C:/Users/lish/Desktop/300/max30102x3/prj/prj.srcs/sources_1/new/max30102_driver.v:498]
INFO: [Synth 8-6155] done synthesizing module 'max30102_driver' (1#1) [C:/Users/lish/Desktop/300/max30102x3/prj/prj.srcs/sources_1/new/max30102_driver.v:3]
WARNING: [Synth 8-689] width (18) of port connection 'o_red_dat' does not match port width (24) of module 'max30102_driver' [C:/Users/lish/Desktop/300/max30102x3/prj/prj.srcs/sources_1/new/top.v:75]
WARNING: [Synth 8-689] width (18) of port connection 'o_ir_dat' does not match port width (24) of module 'max30102_driver' [C:/Users/lish/Desktop/300/max30102x3/prj/prj.srcs/sources_1/new/top.v:76]
INFO: [Synth 8-6157] synthesizing module 'iic_phy' [C:/Users/lish/Desktop/300/max30102x3/prj/prj.srcs/sources_1/new/iic_phy.v:5]
	Parameter CLK_FREQ bound to: 50000000 - type: integer 
	Parameter I2C_FREQ bound to: 250000 - type: integer 
	Parameter CLK_DIV bound to: 50 - type: integer 
	Parameter IDLE bound to: 8'b00000000 
	Parameter SEND_SLAVE_ADDR bound to: 8'b00000001 
	Parameter SEND_ADDR_HIGH bound to: 8'b00000010 
	Parameter SEND_ADDR_LOW bound to: 8'b00000011 
	Parameter SEND_DATA bound to: 8'b00000100 
	Parameter END bound to: 8'b00000101 
	Parameter SEND_READ_START bound to: 8'b00000110 
	Parameter READ_DATA bound to: 8'b00000111 
	Parameter READ_DATA_6BYTES bound to: 8'b00001000 
INFO: [Synth 8-155] case statement is not full and has no default [C:/Users/lish/Desktop/300/max30102x3/prj/prj.srcs/sources_1/new/iic_phy.v:204]
INFO: [Synth 8-155] case statement is not full and has no default [C:/Users/lish/Desktop/300/max30102x3/prj/prj.srcs/sources_1/new/iic_phy.v:252]
INFO: [Synth 8-155] case statement is not full and has no default [C:/Users/lish/Desktop/300/max30102x3/prj/prj.srcs/sources_1/new/iic_phy.v:301]
INFO: [Synth 8-155] case statement is not full and has no default [C:/Users/lish/Desktop/300/max30102x3/prj/prj.srcs/sources_1/new/iic_phy.v:350]
INFO: [Synth 8-155] case statement is not full and has no default [C:/Users/lish/Desktop/300/max30102x3/prj/prj.srcs/sources_1/new/iic_phy.v:399]
INFO: [Synth 8-155] case statement is not full and has no default [C:/Users/lish/Desktop/300/max30102x3/prj/prj.srcs/sources_1/new/iic_phy.v:414]
INFO: [Synth 8-155] case statement is not full and has no default [C:/Users/lish/Desktop/300/max30102x3/prj/prj.srcs/sources_1/new/iic_phy.v:467]
INFO: [Synth 8-155] case statement is not full and has no default [C:/Users/lish/Desktop/300/max30102x3/prj/prj.srcs/sources_1/new/iic_phy.v:521]
INFO: [Synth 8-6155] done synthesizing module 'iic_phy' (2#1) [C:/Users/lish/Desktop/300/max30102x3/prj/prj.srcs/sources_1/new/iic_phy.v:5]
INFO: [Synth 8-6157] synthesizing module 'ana_show' [C:/Users/lish/Desktop/300/max30102x3/prj/prj.srcs/sources_1/new/ana_show.v:3]
INFO: [Synth 8-6157] synthesizing module 'sum' [C:/Users/lish/Desktop/300/max30102x3/prj/.Xil/Vivado-19324-DESKTOP-V9T7E5S/realtime/sum_stub.v:6]
INFO: [Synth 8-6155] done synthesizing module 'sum' (3#1) [C:/Users/lish/Desktop/300/max30102x3/prj/.Xil/Vivado-19324-DESKTOP-V9T7E5S/realtime/sum_stub.v:6]
INFO: [Synth 8-6157] synthesizing module 'float_tf' [C:/Users/lish/Desktop/300/max30102x3/prj/.Xil/Vivado-19324-DESKTOP-V9T7E5S/realtime/float_tf_stub.v:6]
INFO: [Synth 8-6155] done synthesizing module 'float_tf' (4#1) [C:/Users/lish/Desktop/300/max30102x3/prj/.Xil/Vivado-19324-DESKTOP-V9T7E5S/realtime/float_tf_stub.v:6]
WARNING: [Synth 8-689] width (32) of port connection 'm_axis_result_tvalid' does not match port width (1) of module 'float_tf' [C:/Users/lish/Desktop/300/max30102x3/prj/prj.srcs/sources_1/new/ana_show.v:209]
WARNING: [Synth 8-689] width (32) of port connection 'm_axis_result_tvalid' does not match port width (1) of module 'float_tf' [C:/Users/lish/Desktop/300/max30102x3/prj/prj.srcs/sources_1/new/ana_show.v:219]
WARNING: [Synth 8-689] width (32) of port connection 'm_axis_result_tvalid' does not match port width (1) of module 'float_tf' [C:/Users/lish/Desktop/300/max30102x3/prj/prj.srcs/sources_1/new/ana_show.v:229]
WARNING: [Synth 8-689] width (32) of port connection 'm_axis_result_tvalid' does not match port width (1) of module 'float_tf' [C:/Users/lish/Desktop/300/max30102x3/prj/prj.srcs/sources_1/new/ana_show.v:239]
INFO: [Synth 8-6157] synthesizing module 'floating_mult' [C:/Users/lish/Desktop/300/max30102x3/prj/.Xil/Vivado-19324-DESKTOP-V9T7E5S/realtime/floating_mult_stub.v:6]
INFO: [Synth 8-6155] done synthesizing module 'floating_mult' (5#1) [C:/Users/lish/Desktop/300/max30102x3/prj/.Xil/Vivado-19324-DESKTOP-V9T7E5S/realtime/floating_mult_stub.v:6]
WARNING: [Synth 8-689] width (32) of port connection 's_axis_a_tvalid' does not match port width (1) of module 'floating_mult' [C:/Users/lish/Desktop/300/max30102x3/prj/prj.srcs/sources_1/new/ana_show.v:246]
WARNING: [Synth 8-689] width (32) of port connection 's_axis_b_tvalid' does not match port width (1) of module 'floating_mult' [C:/Users/lish/Desktop/300/max30102x3/prj/prj.srcs/sources_1/new/ana_show.v:249]
WARNING: [Synth 8-689] width (32) of port connection 's_axis_a_tvalid' does not match port width (1) of module 'floating_mult' [C:/Users/lish/Desktop/300/max30102x3/prj/prj.srcs/sources_1/new/ana_show.v:259]
WARNING: [Synth 8-689] width (32) of port connection 's_axis_b_tvalid' does not match port width (1) of module 'floating_mult' [C:/Users/lish/Desktop/300/max30102x3/prj/prj.srcs/sources_1/new/ana_show.v:262]
INFO: [Synth 8-6157] synthesizing module 'floating_div' [C:/Users/lish/Desktop/300/max30102x3/prj/.Xil/Vivado-19324-DESKTOP-V9T7E5S/realtime/floating_div_stub.v:6]
INFO: [Synth 8-6155] done synthesizing module 'floating_div' (6#1) [C:/Users/lish/Desktop/300/max30102x3/prj/.Xil/Vivado-19324-DESKTOP-V9T7E5S/realtime/floating_div_stub.v:6]
INFO: [Synth 8-6157] synthesizing module 'floating_add' [C:/Users/lish/Desktop/300/max30102x3/prj/.Xil/Vivado-19324-DESKTOP-V9T7E5S/realtime/floating_add_stub.v:6]
INFO: [Synth 8-6155] done synthesizing module 'floating_add' (7#1) [C:/Users/lish/Desktop/300/max30102x3/prj/.Xil/Vivado-19324-DESKTOP-V9T7E5S/realtime/floating_add_stub.v:6]
INFO: [Synth 8-6157] synthesizing module 'floating_point_0' [C:/Users/lish/Desktop/300/max30102x3/prj/.Xil/Vivado-19324-DESKTOP-V9T7E5S/realtime/floating_point_0_stub.v:6]
INFO: [Synth 8-6155] done synthesizing module 'floating_point_0' (8#1) [C:/Users/lish/Desktop/300/max30102x3/prj/.Xil/Vivado-19324-DESKTOP-V9T7E5S/realtime/floating_point_0_stub.v:6]
WARNING: [Synth 8-324] index 32 out of range [C:/Users/lish/Desktop/300/max30102x3/prj/prj.srcs/sources_1/new/ana_show.v:378]
INFO: [Synth 8-6155] done synthesizing module 'ana_show' (9#1) [C:/Users/lish/Desktop/300/max30102x3/prj/prj.srcs/sources_1/new/ana_show.v:3]
WARNING: [Synth 8-4446] all outputs are unconnected for this instance and logic may be removed [C:/Users/lish/Desktop/300/max30102x3/prj/prj.srcs/sources_1/new/top.v:115]
INFO: [Synth 8-6157] synthesizing module 'ila_0' [C:/Users/lish/Desktop/300/max30102x3/prj/.Xil/Vivado-19324-DESKTOP-V9T7E5S/realtime/ila_0_stub.v:6]
INFO: [Synth 8-6155] done synthesizing module 'ila_0' (10#1) [C:/Users/lish/Desktop/300/max30102x3/prj/.Xil/Vivado-19324-DESKTOP-V9T7E5S/realtime/ila_0_stub.v:6]
INFO: [Synth 8-6071] Mark debug on the nets applies keep_hierarchy on instance 'nolabel_line56'. This will prevent further optimization [C:/Users/lish/Desktop/300/max30102x3/prj/prj.srcs/sources_1/new/top.v:56]
INFO: [Synth 8-6071] Mark debug on the nets applies keep_hierarchy on instance 'your_instance_name'. This will prevent further optimization [C:/Users/lish/Desktop/300/max30102x3/prj/prj.srcs/sources_1/new/top.v:115]
INFO: [Synth 8-6071] Mark debug on the nets applies keep_hierarchy on instance 'xxana_show'. This will prevent further optimization [C:/Users/lish/Desktop/300/max30102x3/prj/prj.srcs/sources_1/new/top.v:105]
INFO: [Synth 8-6155] done synthesizing module 'top' (11#1) [C:/Users/lish/Desktop/300/max30102x3/prj/prj.srcs/sources_1/new/top.v:5]
WARNING: [Synth 8-3331] design max30102_driver has unconnected port clk_50
WARNING: [Synth 8-3331] design max30102_driver has unconnected port iic_rd_dat[7]
WARNING: [Synth 8-3331] design max30102_driver has unconnected port iic_rd_dat[6]
WARNING: [Synth 8-3331] design max30102_driver has unconnected port iic_rd_dat[5]
WARNING: [Synth 8-3331] design max30102_driver has unconnected port iic_rd_dat[4]
WARNING: [Synth 8-3331] design max30102_driver has unconnected port iic_rd_dat[3]
WARNING: [Synth 8-3331] design max30102_driver has unconnected port iic_rd_dat[2]
WARNING: [Synth 8-3331] design max30102_driver has unconnected port iic_rd_dat[1]
WARNING: [Synth 8-3331] design max30102_driver has unconnected port iic_rd_dat[0]
---------------------------------------------------------------------------------
Finished RTL Elaboration : Time (s): cpu = 00:00:01 ; elapsed = 00:00:02 . Memory (MB): peak = 1489.105 ; gain = 0.000
---------------------------------------------------------------------------------

Report Check Netlist: 
+------+------------------+-------+---------+-------+------------------+
|      |Item              |Errors |Warnings |Status |Description       |
+------+------------------+-------+---------+-------+------------------+
|1     |multi_driven_nets |      0|        0|Passed |Multi driven nets |
+------+------------------+-------+---------+-------+------------------+
---------------------------------------------------------------------------------
Start Handling Custom Attributes
---------------------------------------------------------------------------------
---------------------------------------------------------------------------------
Finished Handling Custom Attributes : Time (s): cpu = 00:00:01 ; elapsed = 00:00:02 . Memory (MB): peak = 1489.105 ; gain = 0.000
---------------------------------------------------------------------------------
---------------------------------------------------------------------------------
Finished RTL Optimization Phase 1 : Time (s): cpu = 00:00:01 ; elapsed = 00:00:02 . Memory (MB): peak = 1489.105 ; gain = 0.000
---------------------------------------------------------------------------------
INFO: [Project 1-454] Reading design checkpoint 'c:/Users/lish/Desktop/300/max30102x3/prj/prj.srcs/sources_1/ip/ila_0/ila_0.dcp' for cell 'your_instance_name'
INFO: [Project 1-454] Reading design checkpoint 'c:/Users/lish/Desktop/300/max30102x3/prj/prj.srcs/sources_1/ip/sum/sum.dcp' for cell 'xxana_show/x1'
INFO: [Project 1-454] Reading design checkpoint 'c:/Users/lish/Desktop/300/max30102x3/prj/prj.srcs/sources_1/ip/float_tf/float_tf.dcp' for cell 'xxana_show/float_tf1'
INFO: [Project 1-454] Reading design checkpoint 'c:/Users/lish/Desktop/300/max30102x3/prj/prj.srcs/sources_1/ip/floating_mult/floating_mult.dcp' for cell 'xxana_show/floating_mult1'
INFO: [Project 1-454] Reading design checkpoint 'c:/Users/lish/Desktop/300/max30102x3/prj/prj.srcs/sources_1/ip/floating_div/floating_div.dcp' for cell 'xxana_show/floating_div1'
INFO: [Project 1-454] Reading design checkpoint 'c:/Users/lish/Desktop/300/max30102x3/prj/prj.srcs/sources_1/ip/floating_add/floating_add.dcp' for cell 'xxana_show/floating_add1'
INFO: [Project 1-454] Reading design checkpoint 'c:/Users/lish/Desktop/300/max30102x3/prj/prj.srcs/sources_1/ip/floating_point_0/floating_point_0.dcp' for cell 'xxana_show/floating_point_0x'
INFO: [Netlist 29-17] Analyzing 1064 Unisim elements for replacement
INFO: [Netlist 29-28] Unisim Transformation completed in 0 CPU seconds
INFO: [Project 1-479] Netlist was created with Vivado 2018.3
INFO: [Device 21-403] Loading part xc7z020clg400-2
INFO: [Project 1-570] Preparing netlist for logic optimization
INFO: [Opt 31-140] Inserted 2 IBUFs to IO ports without IO buffers.

Processing XDC Constraints
Initializing timing engine
Parsing XDC File [c:/Users/lish/Desktop/300/max30102x3/prj/prj.srcs/sources_1/ip/ila_0/ila_v6_2/constraints/ila.xdc] for cell 'your_instance_name/inst'
Finished Parsing XDC File [c:/Users/lish/Desktop/300/max30102x3/prj/prj.srcs/sources_1/ip/ila_0/ila_v6_2/constraints/ila.xdc] for cell 'your_instance_name/inst'
Parsing XDC File [c:/Users/lish/Desktop/300/max30102x3/prj/prj.srcs/sources_1/ip/sum/constraints/fir_compiler_v7_2.xdc] for cell 'xxana_show/x1/U0'
Finished Parsing XDC File [c:/Users/lish/Desktop/300/max30102x3/prj/prj.srcs/sources_1/ip/sum/constraints/fir_compiler_v7_2.xdc] for cell 'xxana_show/x1/U0'
Parsing XDC File [c:/Users/lish/Desktop/300/max30102x3/prj/prj.srcs/sources_1/ip/sum/constraints/fir_compiler_v7_2.xdc] for cell 'xxana_show/x2/U0'
Finished Parsing XDC File [c:/Users/lish/Desktop/300/max30102x3/prj/prj.srcs/sources_1/ip/sum/constraints/fir_compiler_v7_2.xdc] for cell 'xxana_show/x2/U0'
Parsing XDC File [C:/Users/lish/Desktop/300/max30102x3/prj/prj.srcs/constrs_1/new/led.xdc]
CRITICAL WARNING: [Vivado 12-1411] Cannot set LOC property of ports, Site location is not valid [C:/Users/lish/Desktop/300/max30102x3/prj/prj.srcs/constrs_1/new/led.xdc:8]
CRITICAL WARNING: [Common 17-69] Command failed: 'M13' is not a valid site or package pin name. [C:/Users/lish/Desktop/300/max30102x3/prj/prj.srcs/constrs_1/new/led.xdc:21]
CRITICAL WARNING: [Common 17-69] Command failed: 'N13' is not a valid site or package pin name. [C:/Users/lish/Desktop/300/max30102x3/prj/prj.srcs/constrs_1/new/led.xdc:22]
CRITICAL WARNING: [Common 17-69] Command failed: 'T6' is not a valid site or package pin name. [C:/Users/lish/Desktop/300/max30102x3/prj/prj.srcs/constrs_1/new/led.xdc:23]
CRITICAL WARNING: [Common 17-69] Command failed: 'R6' is not a valid site or package pin name. [C:/Users/lish/Desktop/300/max30102x3/prj/prj.srcs/constrs_1/new/led.xdc:31]
Finished Parsing XDC File [C:/Users/lish/Desktop/300/max30102x3/prj/prj.srcs/constrs_1/new/led.xdc]
Completed Processing XDC Constraints

INFO: [Opt 31-138] Pushed 0 inverter(s) to 0 load pin(s).
Netlist sorting complete. Time (s): cpu = 00:00:00 ; elapsed = 00:00:00.010 . Memory (MB): peak = 1880.785 ; gain = 0.000
INFO: [Project 1-111] Unisim Transformation Summary:
  A total of 92 instances were transformed.
  CFGLUT5 => CFGLUT5 (SRLC32E, SRL16E): 92 instances

RTL Elaboration Complete:  : Time (s): cpu = 00:00:17 ; elapsed = 00:00:14 . Memory (MB): peak = 1985.848 ; gain = 496.742
48 Infos, 23 Warnings, 5 Critical Warnings and 0 Errors encountered.
synth_design completed successfully
synth_design: Time (s): cpu = 00:00:17 ; elapsed = 00:00:14 . Memory (MB): peak = 1985.848 ; gain = 496.742
report_ip_status -name ip_status 
place_ports {o_dis_datx1[0]} L14
place_ports {o_dis_datx1[1]} N15
place_ports {o_dis_datx1[3]} K16
place_ports {o_dis_datx1[2]} K17
place_ports {o_dis_datx2[3]} H15
place_ports {o_dis_datx2[2]} H16
place_ports {o_dis_datx2[0]} G17
save_constraints
Netlist sorting complete. Time (s): cpu = 00:00:00 ; elapsed = 00:00:00.011 . Memory (MB): peak = 1991.770 ; gain = 0.000
refresh_design
INFO: [Project 1-570] Preparing netlist for logic optimization

Processing XDC Constraints
Initializing timing engine
Parsing XDC File [c:/Users/lish/Desktop/300/max30102x3/prj/prj.srcs/sources_1/ip/ila_0/ila_v6_2/constraints/ila.xdc] for cell 'your_instance_name/inst'
Finished Parsing XDC File [c:/Users/lish/Desktop/300/max30102x3/prj/prj.srcs/sources_1/ip/ila_0/ila_v6_2/constraints/ila.xdc] for cell 'your_instance_name/inst'
Parsing XDC File [c:/Users/lish/Desktop/300/max30102x3/prj/prj.srcs/sources_1/ip/sum/constraints/fir_compiler_v7_2.xdc] for cell 'xxana_show/x1/U0'
Finished Parsing XDC File [c:/Users/lish/Desktop/300/max30102x3/prj/prj.srcs/sources_1/ip/sum/constraints/fir_compiler_v7_2.xdc] for cell 'xxana_show/x1/U0'
Parsing XDC File [c:/Users/lish/Desktop/300/max30102x3/prj/prj.srcs/sources_1/ip/sum/constraints/fir_compiler_v7_2.xdc] for cell 'xxana_show/x2/U0'
Finished Parsing XDC File [c:/Users/lish/Desktop/300/max30102x3/prj/prj.srcs/sources_1/ip/sum/constraints/fir_compiler_v7_2.xdc] for cell 'xxana_show/x2/U0'
Parsing XDC File [C:/Users/lish/Desktop/300/max30102x3/prj/prj.srcs/constrs_1/new/led.xdc]
Finished Parsing XDC File [C:/Users/lish/Desktop/300/max30102x3/prj/prj.srcs/constrs_1/new/led.xdc]
Completed Processing XDC Constraints

INFO: [Opt 31-138] Pushed 0 inverter(s) to 0 load pin(s).
refresh_design: Time (s): cpu = 00:00:08 ; elapsed = 00:00:05 . Memory (MB): peak = 1991.770 ; gain = 0.000
set_property IOSTANDARD LVCMOS33 [get_ports [list clk_50m]]
set_property IOSTANDARD LVCMOS33 [get_ports [list rst_n]]
set_property IOSTANDARD LVCMOS33 [get_ports [list rst_n]]
set_property IOSTANDARD LVCMOS33 [get_ports [list {o_dis_datx1[3]} {o_dis_datx1[2]} {o_dis_datx1[1]} {o_dis_datx1[0]}]]
set_property IOSTANDARD LVCMOS33 [get_ports [list {o_dis_datx2[3]} {o_dis_datx2[2]} {o_dis_datx2[1]} {o_dis_datx2[0]}]]
save_constraints
Netlist sorting complete. Time (s): cpu = 00:00:00 ; elapsed = 00:00:00.011 . Memory (MB): peak = 2131.160 ; gain = 0.000
set_property IOSTANDARD LVCMOS33 [get_ports [list io_intr]]
set_property IOSTANDARD LVCMOS33 [get_ports [list scl]]
set_property IOSTANDARD LVCMOS33 [get_ports [list sda]]
save_constraints
Netlist sorting complete. Time (s): cpu = 00:00:00 ; elapsed = 00:00:00.011 . Memory (MB): peak = 2131.160 ; gain = 0.000
place_ports sda L15
place_ports scl N16
place_ports io_intr J16
save_constraints
Netlist sorting complete. Time (s): cpu = 00:00:00 ; elapsed = 00:00:00.011 . Memory (MB): peak = 2131.160 ; gain = 0.000
place_ports clk_50m U18
place_ports rst_n M15
place_ports {o_dis_datx1[3]} L14
place_ports {o_dis_datx1[2]} N15
place_ports {o_dis_datx1[1]} K16
place_ports {o_dis_datx1[0]} K17
place_ports {o_dis_datx2[3]} H15
place_ports {o_dis_datx2[2]} H16
place_ports {o_dis_datx2[1]} G17
place_ports {o_dis_datx2[0]} J20
save_constraints
Netlist sorting complete. Time (s): cpu = 00:00:00 ; elapsed = 00:00:00.011 . Memory (MB): peak = 2137.180 ; gain = 0.000
reset_run synth_1
WARNING: [Vivado 12-1017] Problems encountered:
1. Failed to delete one or more files in run directory C:/Users/lish/Desktop/300/max30102x3/prj/prj.runs/synth_1

launch_runs impl_1 -to_step write_bitstream -jobs 16
[Tue Jan  6 19:40:24 2026] Launched synth_1...
Run output will be captured here: C:/Users/lish/Desktop/300/max30102x3/prj/prj.runs/synth_1/runme.log
[Tue Jan  6 19:40:24 2026] Launched impl_1...
Run output will be captured here: C:/Users/lish/Desktop/300/max30102x3/prj/prj.runs/impl_1/runme.log
reset_run impl_1
reset_run synth_1
WARNING: [Vivado 12-1017] Problems encountered:
1. Failed to delete one or more files in run directory C:/Users/lish/Desktop/300/max30102x3/prj/prj.runs/synth_1

launch_runs impl_1 -to_step write_bitstream -jobs 16
[Tue Jan  6 19:41:59 2026] Launched synth_1...
Run output will be captured here: C:/Users/lish/Desktop/300/max30102x3/prj/prj.runs/synth_1/runme.log
[Tue Jan  6 19:41:59 2026] Launched impl_1...
Run output will be captured here: C:/Users/lish/Desktop/300/max30102x3/prj/prj.runs/impl_1/runme.log
refresh_design
---------------------------------------------------------------------------------
Starting RTL Elaboration : Time (s): cpu = 00:00:01 ; elapsed = 00:00:01 . Memory (MB): peak = 2141.742 ; gain = 0.000
---------------------------------------------------------------------------------
INFO: [Synth 8-6157] synthesizing module 'top' [C:/Users/lish/Desktop/300/max30102x3/prj/prj.srcs/sources_1/new/top.v:5]
INFO: [Synth 8-6157] synthesizing module 'max30102_driver' [C:/Users/lish/Desktop/300/max30102x3/prj/prj.srcs/sources_1/new/max30102_driver.v:3]
	Parameter REG_INTR_STATUS_1 bound to: 16'b0000000000000000 
	Parameter REG_INTR_STATUS_2 bound to: 16'b0000000000000001 
	Parameter REG_INTR_ENABLE_1 bound to: 16'b0000000000000010 
	Parameter REG_INTR_ENABLE_2 bound to: 16'b0000000000000011 
	Parameter REG_FIFO_WR_PTR bound to: 16'b0000000000000100 
	Parameter REG_OVF_COUNTER bound to: 16'b0000000000000101 
	Parameter REG_FIFO_RD_PTR bound to: 16'b0000000000000110 
	Parameter REG_FIFO_DATA bound to: 16'b0000000000000111 
	Parameter REG_FIFO_CONFIG bound to: 16'b0000000000001000 
	Parameter REG_MODE_CONFIG bound to: 16'b0000000000001001 
	Parameter REG_SPO2_CONFIG bound to: 16'b0000000000001010 
	Parameter REG_LED1_PA bound to: 16'b0000000000001100 
	Parameter REG_LED2_PA bound to: 16'b0000000000001101 
	Parameter REG_PILOT_PA bound to: 16'b0000000000010000 
	Parameter REG_MULTI_LED_CTRL1 bound to: 16'b0000000000010001 
	Parameter REG_MULTI_LED_CTRL2 bound to: 16'b0000000000010010 
	Parameter REG_TEMP_INTR bound to: 16'b0000000000011111 
	Parameter REG_TEMP_FRAC bound to: 16'b0000000000100000 
	Parameter REG_TEMP_CONFIG bound to: 16'b0000000000100001 
	Parameter REG_PROX_INT_THRESH bound to: 16'b0000000000110000 
	Parameter REG_REV_ID bound to: 16'b0000000011111110 
	Parameter REG_PART_ID bound to: 16'b0000000011111111 
	Parameter IDLE bound to: 8'b00000000 
	Parameter WR_RST bound to: 8'b00000001 
	Parameter WR_RST_WAIT bound to: 8'b00000010 
	Parameter WR_INTR_1 bound to: 8'b00000011 
	Parameter WR_INTR_1_WAIT bound to: 8'b00000100 
	Parameter WR_INTR_2 bound to: 8'b00000101 
	Parameter WR_INTR_2_WAIT bound to: 8'b00000110 
	Parameter WR_FIFO_WR bound to: 8'b00000111 
	Parameter WR_FIFO_WR_WAIT bound to: 8'b00001000 
	Parameter WR_OVF_COUNTER bound to: 8'b00001001 
	Parameter WR_OVF_COUNTER_WAIT bound to: 8'b00001010 
	Parameter WR_FIFO_RD bound to: 8'b00001011 
	Parameter WR_FIFO_RD_WAIT bound to: 8'b00001100 
	Parameter WR_FIFO_CONFIG bound to: 8'b00001101 
	Parameter WR_FIFO_CONFIG_WAIT bound to: 8'b00001110 
	Parameter WR_MODE_CONFIG bound to: 8'b00001111 
	Parameter WR_MODE_CONFIG_WAIT bound to: 8'b00010000 
	Parameter WR_SPO2_CONFIG bound to: 8'b00010001 
	Parameter WR_SPO2_CONFIG_WAIT bound to: 8'b00010010 
	Parameter WR_LED1_PA bound to: 8'b00010011 
	Parameter WR_LED1_PA_WAIT bound to: 8'b00010100 
	Parameter WR_LED2_PA bound to: 8'b00010101 
	Parameter WR_LED2_PA_WAIT bound to: 8'b00010110 
	Parameter INTR_WAIT bound to: 8'b00010111 
	Parameter WR_RD_XT1 bound to: 8'b00011000 
	Parameter WR_RD_XT1_WAIT bound to: 8'b00011001 
	Parameter WR_RD_XT2 bound to: 8'b00011010 
	Parameter WR_RD_XT2_WAIT bound to: 8'b00011011 
	Parameter WR_RD_X1 bound to: 8'b00011100 
	Parameter WR_RD_X1_WAIT bound to: 8'b00011101 
	Parameter WR_RD_X2 bound to: 8'b00011110 
	Parameter WR_RD_X2_WAIT bound to: 8'b00011111 
	Parameter WR_RD_X3 bound to: 8'b00100000 
	Parameter WR_RD_X3_WAIT bound to: 8'b00100001 
	Parameter WR_RD_X4 bound to: 8'b00100010 
	Parameter WR_RD_X4_WAIT bound to: 8'b00100011 
	Parameter WR_RD_X5 bound to: 8'b00100100 
	Parameter WR_RD_X5_WAIT bound to: 8'b00100101 
	Parameter WR_RD_X6 bound to: 8'b00100110 
	Parameter WR_RD_X6_WAIT bound to: 8'b00100111 
	Parameter END_WAIT bound to: 8'b00101000 
WARNING: [Synth 8-6014] Unused sequential element INIT_X1_reg was removed.  [C:/Users/lish/Desktop/300/max30102x3/prj/prj.srcs/sources_1/new/max30102_driver.v:485]
WARNING: [Synth 8-6014] Unused sequential element INIT_X2_reg was removed.  [C:/Users/lish/Desktop/300/max30102x3/prj/prj.srcs/sources_1/new/max30102_driver.v:498]
INFO: [Synth 8-6155] done synthesizing module 'max30102_driver' (1#1) [C:/Users/lish/Desktop/300/max30102x3/prj/prj.srcs/sources_1/new/max30102_driver.v:3]
WARNING: [Synth 8-689] width (18) of port connection 'o_red_dat' does not match port width (24) of module 'max30102_driver' [C:/Users/lish/Desktop/300/max30102x3/prj/prj.srcs/sources_1/new/top.v:75]
WARNING: [Synth 8-689] width (18) of port connection 'o_ir_dat' does not match port width (24) of module 'max30102_driver' [C:/Users/lish/Desktop/300/max30102x3/prj/prj.srcs/sources_1/new/top.v:76]
INFO: [Synth 8-6157] synthesizing module 'iic_phy' [C:/Users/lish/Desktop/300/max30102x3/prj/prj.srcs/sources_1/new/iic_phy.v:5]
	Parameter CLK_FREQ bound to: 50000000 - type: integer 
	Parameter I2C_FREQ bound to: 250000 - type: integer 
	Parameter CLK_DIV bound to: 50 - type: integer 
	Parameter IDLE bound to: 8'b00000000 
	Parameter SEND_SLAVE_ADDR bound to: 8'b00000001 
	Parameter SEND_ADDR_HIGH bound to: 8'b00000010 
	Parameter SEND_ADDR_LOW bound to: 8'b00000011 
	Parameter SEND_DATA bound to: 8'b00000100 
	Parameter END bound to: 8'b00000101 
	Parameter SEND_READ_START bound to: 8'b00000110 
	Parameter READ_DATA bound to: 8'b00000111 
	Parameter READ_DATA_6BYTES bound to: 8'b00001000 
INFO: [Synth 8-155] case statement is not full and has no default [C:/Users/lish/Desktop/300/max30102x3/prj/prj.srcs/sources_1/new/iic_phy.v:204]
INFO: [Synth 8-155] case statement is not full and has no default [C:/Users/lish/Desktop/300/max30102x3/prj/prj.srcs/sources_1/new/iic_phy.v:252]
INFO: [Synth 8-155] case statement is not full and has no default [C:/Users/lish/Desktop/300/max30102x3/prj/prj.srcs/sources_1/new/iic_phy.v:301]
INFO: [Synth 8-155] case statement is not full and has no default [C:/Users/lish/Desktop/300/max30102x3/prj/prj.srcs/sources_1/new/iic_phy.v:350]
INFO: [Synth 8-155] case statement is not full and has no default [C:/Users/lish/Desktop/300/max30102x3/prj/prj.srcs/sources_1/new/iic_phy.v:399]
INFO: [Synth 8-155] case statement is not full and has no default [C:/Users/lish/Desktop/300/max30102x3/prj/prj.srcs/sources_1/new/iic_phy.v:414]
INFO: [Synth 8-155] case statement is not full and has no default [C:/Users/lish/Desktop/300/max30102x3/prj/prj.srcs/sources_1/new/iic_phy.v:467]
INFO: [Synth 8-155] case statement is not full and has no default [C:/Users/lish/Desktop/300/max30102x3/prj/prj.srcs/sources_1/new/iic_phy.v:521]
INFO: [Synth 8-6155] done synthesizing module 'iic_phy' (2#1) [C:/Users/lish/Desktop/300/max30102x3/prj/prj.srcs/sources_1/new/iic_phy.v:5]
INFO: [Synth 8-6157] synthesizing module 'ana_show' [C:/Users/lish/Desktop/300/max30102x3/prj/prj.srcs/sources_1/new/ana_show.v:3]
INFO: [Synth 8-6157] synthesizing module 'sum' [C:/Users/lish/Desktop/300/max30102x3/prj/.Xil/Vivado-19324-DESKTOP-V9T7E5S/realtime/sum_stub.v:6]
INFO: [Synth 8-6155] done synthesizing module 'sum' (3#1) [C:/Users/lish/Desktop/300/max30102x3/prj/.Xil/Vivado-19324-DESKTOP-V9T7E5S/realtime/sum_stub.v:6]
INFO: [Synth 8-6157] synthesizing module 'float_tf' [C:/Users/lish/Desktop/300/max30102x3/prj/.Xil/Vivado-19324-DESKTOP-V9T7E5S/realtime/float_tf_stub.v:6]
INFO: [Synth 8-6155] done synthesizing module 'float_tf' (4#1) [C:/Users/lish/Desktop/300/max30102x3/prj/.Xil/Vivado-19324-DESKTOP-V9T7E5S/realtime/float_tf_stub.v:6]
WARNING: [Synth 8-689] width (32) of port connection 'm_axis_result_tvalid' does not match port width (1) of module 'float_tf' [C:/Users/lish/Desktop/300/max30102x3/prj/prj.srcs/sources_1/new/ana_show.v:209]
WARNING: [Synth 8-689] width (32) of port connection 'm_axis_result_tvalid' does not match port width (1) of module 'float_tf' [C:/Users/lish/Desktop/300/max30102x3/prj/prj.srcs/sources_1/new/ana_show.v:219]
WARNING: [Synth 8-689] width (32) of port connection 'm_axis_result_tvalid' does not match port width (1) of module 'float_tf' [C:/Users/lish/Desktop/300/max30102x3/prj/prj.srcs/sources_1/new/ana_show.v:229]
WARNING: [Synth 8-689] width (32) of port connection 'm_axis_result_tvalid' does not match port width (1) of module 'float_tf' [C:/Users/lish/Desktop/300/max30102x3/prj/prj.srcs/sources_1/new/ana_show.v:239]
INFO: [Synth 8-6157] synthesizing module 'floating_mult' [C:/Users/lish/Desktop/300/max30102x3/prj/.Xil/Vivado-19324-DESKTOP-V9T7E5S/realtime/floating_mult_stub.v:6]
INFO: [Synth 8-6155] done synthesizing module 'floating_mult' (5#1) [C:/Users/lish/Desktop/300/max30102x3/prj/.Xil/Vivado-19324-DESKTOP-V9T7E5S/realtime/floating_mult_stub.v:6]
WARNING: [Synth 8-689] width (32) of port connection 's_axis_a_tvalid' does not match port width (1) of module 'floating_mult' [C:/Users/lish/Desktop/300/max30102x3/prj/prj.srcs/sources_1/new/ana_show.v:246]
WARNING: [Synth 8-689] width (32) of port connection 's_axis_b_tvalid' does not match port width (1) of module 'floating_mult' [C:/Users/lish/Desktop/300/max30102x3/prj/prj.srcs/sources_1/new/ana_show.v:249]
WARNING: [Synth 8-689] width (32) of port connection 's_axis_a_tvalid' does not match port width (1) of module 'floating_mult' [C:/Users/lish/Desktop/300/max30102x3/prj/prj.srcs/sources_1/new/ana_show.v:259]
WARNING: [Synth 8-689] width (32) of port connection 's_axis_b_tvalid' does not match port width (1) of module 'floating_mult' [C:/Users/lish/Desktop/300/max30102x3/prj/prj.srcs/sources_1/new/ana_show.v:262]
INFO: [Synth 8-6157] synthesizing module 'floating_div' [C:/Users/lish/Desktop/300/max30102x3/prj/.Xil/Vivado-19324-DESKTOP-V9T7E5S/realtime/floating_div_stub.v:6]
INFO: [Synth 8-6155] done synthesizing module 'floating_div' (6#1) [C:/Users/lish/Desktop/300/max30102x3/prj/.Xil/Vivado-19324-DESKTOP-V9T7E5S/realtime/floating_div_stub.v:6]
INFO: [Synth 8-6157] synthesizing module 'floating_add' [C:/Users/lish/Desktop/300/max30102x3/prj/.Xil/Vivado-19324-DESKTOP-V9T7E5S/realtime/floating_add_stub.v:6]
INFO: [Synth 8-6155] done synthesizing module 'floating_add' (7#1) [C:/Users/lish/Desktop/300/max30102x3/prj/.Xil/Vivado-19324-DESKTOP-V9T7E5S/realtime/floating_add_stub.v:6]
INFO: [Synth 8-6157] synthesizing module 'floating_point_0' [C:/Users/lish/Desktop/300/max30102x3/prj/.Xil/Vivado-19324-DESKTOP-V9T7E5S/realtime/floating_point_0_stub.v:6]
INFO: [Synth 8-6155] done synthesizing module 'floating_point_0' (8#1) [C:/Users/lish/Desktop/300/max30102x3/prj/.Xil/Vivado-19324-DESKTOP-V9T7E5S/realtime/floating_point_0_stub.v:6]
WARNING: [Synth 8-4446] all outputs are unconnected for this instance and logic may be removed [C:/Users/lish/Desktop/300/max30102x3/prj/prj.srcs/sources_1/new/ana_show.v:367]
INFO: [Synth 8-6157] synthesizing module 'ila_0' [C:/Users/lish/Desktop/300/max30102x3/prj/.Xil/Vivado-19324-DESKTOP-V9T7E5S/realtime/ila_0_stub.v:6]
INFO: [Synth 8-6155] done synthesizing module 'ila_0' (9#1) [C:/Users/lish/Desktop/300/max30102x3/prj/.Xil/Vivado-19324-DESKTOP-V9T7E5S/realtime/ila_0_stub.v:6]
WARNING: [Synth 8-324] index 32 out of range [C:/Users/lish/Desktop/300/max30102x3/prj/prj.srcs/sources_1/new/ana_show.v:390]
INFO: [Synth 8-6071] Mark debug on the nets applies keep_hierarchy on instance 'floating_point_0x'. This will prevent further optimization [C:/Users/lish/Desktop/300/max30102x3/prj/prj.srcs/sources_1/new/ana_show.v:355]
INFO: [Synth 8-6071] Mark debug on the nets applies keep_hierarchy on instance 'your_instance_name'. This will prevent further optimization [C:/Users/lish/Desktop/300/max30102x3/prj/prj.srcs/sources_1/new/ana_show.v:367]
INFO: [Synth 8-6071] Mark debug on the nets applies keep_hierarchy on instance 'floating_add2'. This will prevent further optimization [C:/Users/lish/Desktop/300/max30102x3/prj/prj.srcs/sources_1/new/ana_show.v:342]
INFO: [Synth 8-6155] done synthesizing module 'ana_show' (10#1) [C:/Users/lish/Desktop/300/max30102x3/prj/prj.srcs/sources_1/new/ana_show.v:3]
WARNING: [Synth 8-4446] all outputs are unconnected for this instance and logic may be removed [C:/Users/lish/Desktop/300/max30102x3/prj/prj.srcs/sources_1/new/top.v:115]
INFO: [Synth 8-6071] Mark debug on the nets applies keep_hierarchy on instance 'nolabel_line56'. This will prevent further optimization [C:/Users/lish/Desktop/300/max30102x3/prj/prj.srcs/sources_1/new/top.v:56]
INFO: [Synth 8-6071] Mark debug on the nets applies keep_hierarchy on instance 'xxana_show'. This will prevent further optimization [C:/Users/lish/Desktop/300/max30102x3/prj/prj.srcs/sources_1/new/top.v:105]
INFO: [Synth 8-6155] done synthesizing module 'top' (11#1) [C:/Users/lish/Desktop/300/max30102x3/prj/prj.srcs/sources_1/new/top.v:5]
WARNING: [Synth 8-3331] design max30102_driver has unconnected port clk_50
WARNING: [Synth 8-3331] design max30102_driver has unconnected port iic_rd_dat[7]
WARNING: [Synth 8-3331] design max30102_driver has unconnected port iic_rd_dat[6]
WARNING: [Synth 8-3331] design max30102_driver has unconnected port iic_rd_dat[5]
WARNING: [Synth 8-3331] design max30102_driver has unconnected port iic_rd_dat[4]
WARNING: [Synth 8-3331] design max30102_driver has unconnected port iic_rd_dat[3]
WARNING: [Synth 8-3331] design max30102_driver has unconnected port iic_rd_dat[2]
WARNING: [Synth 8-3331] design max30102_driver has unconnected port iic_rd_dat[1]
WARNING: [Synth 8-3331] design max30102_driver has unconnected port iic_rd_dat[0]
---------------------------------------------------------------------------------
Finished RTL Elaboration : Time (s): cpu = 00:00:02 ; elapsed = 00:00:02 . Memory (MB): peak = 2178.617 ; gain = 36.875
---------------------------------------------------------------------------------

Report Check Netlist: 
+------+------------------+-------+---------+-------+------------------+
|      |Item              |Errors |Warnings |Status |Description       |
+------+------------------+-------+---------+-------+------------------+
|1     |multi_driven_nets |      0|        0|Passed |Multi driven nets |
+------+------------------+-------+---------+-------+------------------+
---------------------------------------------------------------------------------
Start Handling Custom Attributes
---------------------------------------------------------------------------------
---------------------------------------------------------------------------------
Finished Handling Custom Attributes : Time (s): cpu = 00:00:02 ; elapsed = 00:00:02 . Memory (MB): peak = 2178.617 ; gain = 36.875
---------------------------------------------------------------------------------
---------------------------------------------------------------------------------
Finished RTL Optimization Phase 1 : Time (s): cpu = 00:00:02 ; elapsed = 00:00:02 . Memory (MB): peak = 2178.617 ; gain = 36.875
---------------------------------------------------------------------------------
INFO: [Project 1-454] Reading design checkpoint 'c:/Users/lish/Desktop/300/max30102x3/prj/prj.srcs/sources_1/ip/ila_0/ila_0.dcp' for cell 'your_instance_name'
INFO: [Project 1-454] Reading design checkpoint 'c:/Users/lish/Desktop/300/max30102x3/prj/prj.srcs/sources_1/ip/sum/sum.dcp' for cell 'xxana_show/x1'
INFO: [Project 1-454] Reading design checkpoint 'c:/Users/lish/Desktop/300/max30102x3/prj/prj.srcs/sources_1/ip/float_tf/float_tf.dcp' for cell 'xxana_show/float_tf1'
INFO: [Project 1-454] Reading design checkpoint 'c:/Users/lish/Desktop/300/max30102x3/prj/prj.srcs/sources_1/ip/floating_mult/floating_mult.dcp' for cell 'xxana_show/floating_mult1'
INFO: [Project 1-454] Reading design checkpoint 'c:/Users/lish/Desktop/300/max30102x3/prj/prj.srcs/sources_1/ip/floating_div/floating_div.dcp' for cell 'xxana_show/floating_div1'
INFO: [Project 1-454] Reading design checkpoint 'c:/Users/lish/Desktop/300/max30102x3/prj/prj.srcs/sources_1/ip/floating_add/floating_add.dcp' for cell 'xxana_show/floating_add1'
INFO: [Project 1-454] Reading design checkpoint 'c:/Users/lish/Desktop/300/max30102x3/prj/prj.srcs/sources_1/ip/floating_point_0/floating_point_0.dcp' for cell 'xxana_show/floating_point_0x'
INFO: [Netlist 29-17] Analyzing 1191 Unisim elements for replacement
INFO: [Netlist 29-28] Unisim Transformation completed in 0 CPU seconds
INFO: [Project 1-479] Netlist was created with Vivado 2018.3
INFO: [Project 1-570] Preparing netlist for logic optimization
INFO: [Opt 31-140] Inserted 2 IBUFs to IO ports without IO buffers.

Processing XDC Constraints
Initializing timing engine
Parsing XDC File [c:/Users/lish/Desktop/300/max30102x3/prj/prj.srcs/sources_1/ip/ila_0/ila_v6_2/constraints/ila.xdc] for cell 'xxana_show/your_instance_name/inst'
Finished Parsing XDC File [c:/Users/lish/Desktop/300/max30102x3/prj/prj.srcs/sources_1/ip/ila_0/ila_v6_2/constraints/ila.xdc] for cell 'xxana_show/your_instance_name/inst'
Parsing XDC File [c:/Users/lish/Desktop/300/max30102x3/prj/prj.srcs/sources_1/ip/ila_0/ila_v6_2/constraints/ila.xdc] for cell 'your_instance_name/inst'
Finished Parsing XDC File [c:/Users/lish/Desktop/300/max30102x3/prj/prj.srcs/sources_1/ip/ila_0/ila_v6_2/constraints/ila.xdc] for cell 'your_instance_name/inst'
Parsing XDC File [c:/Users/lish/Desktop/300/max30102x3/prj/prj.srcs/sources_1/ip/sum/constraints/fir_compiler_v7_2.xdc] for cell 'xxana_show/x1/U0'
Finished Parsing XDC File [c:/Users/lish/Desktop/300/max30102x3/prj/prj.srcs/sources_1/ip/sum/constraints/fir_compiler_v7_2.xdc] for cell 'xxana_show/x1/U0'
Parsing XDC File [c:/Users/lish/Desktop/300/max30102x3/prj/prj.srcs/sources_1/ip/sum/constraints/fir_compiler_v7_2.xdc] for cell 'xxana_show/x2/U0'
Finished Parsing XDC File [c:/Users/lish/Desktop/300/max30102x3/prj/prj.srcs/sources_1/ip/sum/constraints/fir_compiler_v7_2.xdc] for cell 'xxana_show/x2/U0'
Parsing XDC File [C:/Users/lish/Desktop/300/max30102x3/prj/prj.srcs/constrs_1/new/led.xdc]
Finished Parsing XDC File [C:/Users/lish/Desktop/300/max30102x3/prj/prj.srcs/constrs_1/new/led.xdc]
Completed Processing XDC Constraints

INFO: [Opt 31-138] Pushed 0 inverter(s) to 0 load pin(s).
refresh_design: Time (s): cpu = 00:00:12 ; elapsed = 00:00:11 . Memory (MB): peak = 2215.246 ; gain = 73.613
open_hw
connect_hw_server
INFO: [Labtools 27-2285] Connecting to hw_server url TCP:localhost:3121
INFO: [Labtools 27-2222] Launching hw_server...
INFO: [Labtools 27-2221] Launch Output:

****** Xilinx hw_server v2018.3
  **** Build date : Dec  7 2018-00:40:27
    ** Copyright 1986-2018 Xilinx, Inc. All Rights Reserved.


open_hw_target
INFO: [Labtoolstcl 44-466] Opening hw_target localhost:3121/xilinx_tcf/Digilent/210512180081
set_property PROGRAM.FILE {C:/Users/lish/Desktop/300/max30102x3/prj/prj.runs/impl_1/top.bit} [get_hw_devices xc7z020_1]
set_property PROBES.FILE {C:/Users/lish/Desktop/300/max30102x3/prj/prj.runs/impl_1/top.ltx} [get_hw_devices xc7z020_1]
set_property FULL_PROBES.FILE {C:/Users/lish/Desktop/300/max30102x3/prj/prj.runs/impl_1/top.ltx} [get_hw_devices xc7z020_1]
current_hw_device [get_hw_devices xc7z020_1]
refresh_hw_device [lindex [get_hw_devices xc7z020_1] 0]
INFO: [Labtools 27-1435] Device xc7z020 (JTAG device index = 1) is not programmed (DONE status = 0).
set_property PROBES.FILE {C:/Users/lish/Desktop/300/max30102x3/prj/prj.runs/impl_1/top.ltx} [get_hw_devices xc7z020_1]
set_property FULL_PROBES.FILE {C:/Users/lish/Desktop/300/max30102x3/prj/prj.runs/impl_1/top.ltx} [get_hw_devices xc7z020_1]
set_property PROGRAM.FILE {C:/Users/lish/Desktop/300/max30102x3/prj/prj.runs/impl_1/top.bit} [get_hw_devices xc7z020_1]
program_hw_devices [get_hw_devices xc7z020_1]
INFO: [Labtools 27-3164] End of startup status: HIGH
refresh_hw_device [lindex [get_hw_devices xc7z020_1] 0]
INFO: [Labtools 27-2302] Device xc7z020 (JTAG device index = 1) is programmed with a design that has 2 ILA core(s).
display_hw_ila_data [ get_hw_ila_data hw_ila_data_1 -of_objects [get_hw_ilas -of_objects [get_hw_devices xc7z020_1] -filter {CELL_NAME=~"xxana_show/your_instance_name"}]]
WARNING: Simulation object xxana_show/div_dat was not found in the design.
WARNING: Simulation object xxana_show/div_dat[47] was not found in the design.
WARNING: Simulation object xxana_show/div_dat[46] was not found in the design.
WARNING: Simulation object xxana_show/div_dat[45] was not found in the design.
WARNING: Simulation object xxana_show/div_dat[44] was not found in the design.
WARNING: Simulation object xxana_show/div_dat[43] was not found in the design.
WARNING: Simulation object xxana_show/div_dat[42] was not found in the design.
WARNING: Simulation object xxana_show/div_dat[41] was not found in the design.
WARNING: Simulation object xxana_show/div_dat[40] was not found in the design.
WARNING: Simulation object xxana_show/div_dat[39] was not found in the design.
WARNING: Simulation object xxana_show/div_dat[38] was not found in the design.
WARNING: Simulation object xxana_show/div_dat[37] was not found in the design.
WARNING: Simulation object xxana_show/div_dat[36] was not found in the design.
WARNING: Simulation object xxana_show/div_dat[35] was not found in the design.
WARNING: Simulation object xxana_show/div_dat[34] was not found in the design.
WARNING: Simulation object xxana_show/div_dat[33] was not found in the design.
WARNING: Simulation object xxana_show/div_dat[32] was not found in the design.
WARNING: Simulation object xxana_show/div_dat[31] was not found in the design.
WARNING: Simulation object xxana_show/div_dat[30] was not found in the design.
WARNING: Simulation object xxana_show/div_dat[29] was not found in the design.
WARNING: Simulation object xxana_show/div_dat[28] was not found in the design.
WARNING: Simulation object xxana_show/div_dat[27] was not found in the design.
WARNING: Simulation object xxana_show/div_dat[26] was not found in the design.
WARNING: Simulation object xxana_show/div_dat[25] was not found in the design.
WARNING: Simulation object xxana_show/div_dat[24] was not found in the design.
WARNING: Simulation object xxana_show/div_dat[43] was not found in the design.
WARNING: Simulation object xxana_show/div_dat[42] was not found in the design.
WARNING: Simulation object xxana_show/div_dat[41] was not found in the design.
WARNING: Simulation object xxana_show/div_dat[40] was not found in the design.
WARNING: Simulation object xxana_show/div_dat[39] was not found in the design.
WARNING: Simulation object xxana_show/div_dat[38] was not found in the design.
WARNING: Simulation object xxana_show/div_dat[37] was not found in the design.
WARNING: Simulation object xxana_show/div_dat[36] was not found in the design.
WARNING: Simulation object xxana_show/div_dat[35] was not found in the design.
WARNING: Simulation object xxana_show/div_dat[34] was not found in the design.
WARNING: Simulation object xxana_show/div_dat[33] was not found in the design.
WARNING: Simulation object xxana_show/div_dat[32] was not found in the design.
WARNING: Simulation object xxana_show/div_dat[31] was not found in the design.
WARNING: Simulation object xxana_show/div_dat[30] was not found in the design.
WARNING: Simulation object xxana_show/div_dat[29] was not found in the design.
WARNING: Simulation object xxana_show/div_dat[28] was not found in the design.
WARNING: Simulation object xxana_show/div_dat[27] was not found in the design.
WARNING: Simulation object xxana_show/div_dat[26] was not found in the design.
WARNING: Simulation object xxana_show/div_dat[25] was not found in the design.
WARNING: Simulation object xxana_show/div_dat[24] was not found in the design.
WARNING: Simulation object xxana_show/div_dat[23] was not found in the design.
WARNING: Simulation object xxana_show/div_dat[22] was not found in the design.
WARNING: Simulation object xxana_show/div_dat[21] was not found in the design.
WARNING: Simulation object xxana_show/div_dat[20] was not found in the design.
WARNING: Simulation object xxana_show/div_divder was not found in the design.
WARNING: Simulation object xxana_show/div_divder_1 was not found in the design.
WARNING: Simulation object xxana_show/div_vld was not found in the design.
WARNING: Simulation object xxana_show/flag was not found in the design.
WARNING: Simulation object xxana_show/red_derta_dat was not found in the design.
WARNING: Simulation object xxana_show/user_outp was not found in the design.
WARNING: Simulation object xxana_show/ir_derta_dat was not found in the design.
WARNING: Simulation object xxana_show/div_dat was not found in the design.
WARNING: Simulation object xxana_show/user_div_dat was not found in the design.
WARNING: Simulation object xxana_show/user_outp was not found in the design.
WARNING: Simulation object xxana_show/o_dis_datx1 was not found in the design.
WARNING: Simulation object xxana_show/o_dis_datx2 was not found in the design.
display_hw_ila_data [ get_hw_ila_data hw_ila_data_2 -of_objects [get_hw_ilas -of_objects [get_hw_devices xc7z020_1] -filter {CELL_NAME=~"your_instance_name"}]]
WARNING: Simulation object u_iic_phy/iic_ack was not found in the design.
WARNING: Simulation object u_iic_phy/iic_error was not found in the design.
WARNING: Simulation object u_iic_phy/iic_rd_dat_6B was not found in the design.
WARNING: Simulation object u_iic_phy/next_state was not found in the design.
WARNING: Simulation object u_iic_phy/sda_i_1 was not found in the design.
WARNING: Simulation object u_iic_phy/state was not found in the design.
WARNING: Simulation object u_iic_phy/step_done was not found in the design.
WARNING: Simulation object u_iic_phy/user_rw_done was not found in the design.
WARNING: Simulation object u_iic_phy/step_cnt was not found in the design.
WARNING: Simulation object u_iic_phy/sda_i was not found in the design.
WARNING: Simulation object u_iic_phy/sda_o was not found in the design.
WARNING: Simulation object u_iic_phy/scl was not found in the design.
add_wave -into {hw_ila_data_1.wcfg} -radix hex { {xxana_show/o_int_dat} {xxana_show/o_int_vld} {xxana_show/of_ANS_dat} {xxana_show/of_ANS_vld} }
set_property TRIGGER_COMPARE_VALUE eq1'b1 [get_hw_probes xxana_show/o_int_vld -of_objects [get_hw_ilas -of_objects [get_hw_devices xc7z020_1] -filter {CELL_NAME=~"xxana_show/your_instance_name"}]]
run_hw_ila [get_hw_ilas -of_objects [get_hw_devices xc7z020_1] -filter {CELL_NAME=~"xxana_show/your_instance_name"}]
INFO: [Labtools 27-1964] The ILA core 'hw_ila_1' trigger was armed at 2026-Jan-06 19:46:18
wait_on_hw_ila [get_hw_ilas -of_objects [get_hw_devices xc7z020_1] -filter {CELL_NAME=~"xxana_show/your_instance_name"}]
display_hw_ila_data [upload_hw_ila_data [get_hw_ilas -of_objects [get_hw_devices xc7z020_1] -filter {CELL_NAME=~"xxana_show/your_instance_name"}]]
INFO: [Labtools 27-1966] The ILA core 'hw_ila_1' triggered at 2026-Jan-06 19:46:19
INFO: [Labtools 27-3304] ILA Waveform data saved to file C:/Users/lish/Desktop/300/max30102x3/prj/prj.hw/backup/hw_ila_data_1.ila. Use Tcl command 'read_hw_ila_data' or Vivado File->Import->Import ILA Data menu item to import the previously saved data.
run_hw_ila [get_hw_ilas -of_objects [get_hw_devices xc7z020_1] -filter {CELL_NAME=~"xxana_show/your_instance_name"}]
INFO: [Labtools 27-1964] The ILA core 'hw_ila_1' trigger was armed at 2026-Jan-06 19:46:22
wait_on_hw_ila [get_hw_ilas -of_objects [get_hw_devices xc7z020_1] -filter {CELL_NAME=~"xxana_show/your_instance_name"}]
display_hw_ila_data [upload_hw_ila_data [get_hw_ilas -of_objects [get_hw_devices xc7z020_1] -filter {CELL_NAME=~"xxana_show/your_instance_name"}]]
INFO: [Labtools 27-1966] The ILA core 'hw_ila_1' triggered at 2026-Jan-06 19:46:23
INFO: [Labtools 27-3304] ILA Waveform data saved to file C:/Users/lish/Desktop/300/max30102x3/prj/prj.hw/backup/hw_ila_data_1.ila. Use Tcl command 'read_hw_ila_data' or Vivado File->Import->Import ILA Data menu item to import the previously saved data.
run_hw_ila [get_hw_ilas -of_objects [get_hw_devices xc7z020_1] -filter {CELL_NAME=~"xxana_show/your_instance_name"}]
INFO: [Labtools 27-1964] The ILA core 'hw_ila_1' trigger was armed at 2026-Jan-06 19:46:31
wait_on_hw_ila [get_hw_ilas -of_objects [get_hw_devices xc7z020_1] -filter {CELL_NAME=~"xxana_show/your_instance_name"}]
display_hw_ila_data [upload_hw_ila_data [get_hw_ilas -of_objects [get_hw_devices xc7z020_1] -filter {CELL_NAME=~"xxana_show/your_instance_name"}]]
INFO: [Labtools 27-1966] The ILA core 'hw_ila_1' triggered at 2026-Jan-06 19:46:32
INFO: [Labtools 27-3304] ILA Waveform data saved to file C:/Users/lish/Desktop/300/max30102x3/prj/prj.hw/backup/hw_ila_data_1.ila. Use Tcl command 'read_hw_ila_data' or Vivado File->Import->Import ILA Data menu item to import the previously saved data.
run_hw_ila [get_hw_ilas -of_objects [get_hw_devices xc7z020_1] -filter {CELL_NAME=~"xxana_show/your_instance_name"}]
INFO: [Labtools 27-1964] The ILA core 'hw_ila_1' trigger was armed at 2026-Jan-06 19:46:34
wait_on_hw_ila [get_hw_ilas -of_objects [get_hw_devices xc7z020_1] -filter {CELL_NAME=~"xxana_show/your_instance_name"}]
display_hw_ila_data [upload_hw_ila_data [get_hw_ilas -of_objects [get_hw_devices xc7z020_1] -filter {CELL_NAME=~"xxana_show/your_instance_name"}]]
INFO: [Labtools 27-1966] The ILA core 'hw_ila_1' triggered at 2026-Jan-06 19:46:36
INFO: [Labtools 27-3304] ILA Waveform data saved to file C:/Users/lish/Desktop/300/max30102x3/prj/prj.hw/backup/hw_ila_data_1.ila. Use Tcl command 'read_hw_ila_data' or Vivado File->Import->Import ILA Data menu item to import the previously saved data.
run_hw_ila [get_hw_ilas -of_objects [get_hw_devices xc7z020_1] -filter {CELL_NAME=~"xxana_show/your_instance_name"}]
INFO: [Labtools 27-1964] The ILA core 'hw_ila_1' trigger was armed at 2026-Jan-06 19:46:38
wait_on_hw_ila [get_hw_ilas -of_objects [get_hw_devices xc7z020_1] -filter {CELL_NAME=~"xxana_show/your_instance_name"}]
display_hw_ila_data [upload_hw_ila_data [get_hw_ilas -of_objects [get_hw_devices xc7z020_1] -filter {CELL_NAME=~"xxana_show/your_instance_name"}]]
INFO: [Labtools 27-1966] The ILA core 'hw_ila_1' triggered at 2026-Jan-06 19:46:40
INFO: [Labtools 27-3304] ILA Waveform data saved to file C:/Users/lish/Desktop/300/max30102x3/prj/prj.hw/backup/hw_ila_data_1.ila. Use Tcl command 'read_hw_ila_data' or Vivado File->Import->Import ILA Data menu item to import the previously saved data.
run_hw_ila [get_hw_ilas -of_objects [get_hw_devices xc7z020_1] -filter {CELL_NAME=~"xxana_show/your_instance_name"}]
INFO: [Labtools 27-1964] The ILA core 'hw_ila_1' trigger was armed at 2026-Jan-06 19:46:42
wait_on_hw_ila [get_hw_ilas -of_objects [get_hw_devices xc7z020_1] -filter {CELL_NAME=~"xxana_show/your_instance_name"}]
display_hw_ila_data [upload_hw_ila_data [get_hw_ilas -of_objects [get_hw_devices xc7z020_1] -filter {CELL_NAME=~"xxana_show/your_instance_name"}]]
INFO: [Labtools 27-1966] The ILA core 'hw_ila_1' triggered at 2026-Jan-06 19:46:44
INFO: [Labtools 27-3304] ILA Waveform data saved to file C:/Users/lish/Desktop/300/max30102x3/prj/prj.hw/backup/hw_ila_data_1.ila. Use Tcl command 'read_hw_ila_data' or Vivado File->Import->Import ILA Data menu item to import the previously saved data.
run_hw_ila [get_hw_ilas -of_objects [get_hw_devices xc7z020_1] -filter {CELL_NAME=~"xxana_show/your_instance_name"}]
INFO: [Labtools 27-1964] The ILA core 'hw_ila_1' trigger was armed at 2026-Jan-06 19:46:46
wait_on_hw_ila [get_hw_ilas -of_objects [get_hw_devices xc7z020_1] -filter {CELL_NAME=~"xxana_show/your_instance_name"}]
display_hw_ila_data [upload_hw_ila_data [get_hw_ilas -of_objects [get_hw_devices xc7z020_1] -filter {CELL_NAME=~"xxana_show/your_instance_name"}]]
INFO: [Labtools 27-1966] The ILA core 'hw_ila_1' triggered at 2026-Jan-06 19:46:48
INFO: [Labtools 27-3304] ILA Waveform data saved to file C:/Users/lish/Desktop/300/max30102x3/prj/prj.hw/backup/hw_ila_data_1.ila. Use Tcl command 'read_hw_ila_data' or Vivado File->Import->Import ILA Data menu item to import the previously saved data.
run_hw_ila [get_hw_ilas -of_objects [get_hw_devices xc7z020_1] -filter {CELL_NAME=~"xxana_show/your_instance_name"}]
INFO: [Labtools 27-1964] The ILA core 'hw_ila_1' trigger was armed at 2026-Jan-06 19:46:50
wait_on_hw_ila [get_hw_ilas -of_objects [get_hw_devices xc7z020_1] -filter {CELL_NAME=~"xxana_show/your_instance_name"}]
display_hw_ila_data [upload_hw_ila_data [get_hw_ilas -of_objects [get_hw_devices xc7z020_1] -filter {CELL_NAME=~"xxana_show/your_instance_name"}]]
INFO: [Labtools 27-1966] The ILA core 'hw_ila_1' triggered at 2026-Jan-06 19:46:52
INFO: [Labtools 27-3304] ILA Waveform data saved to file C:/Users/lish/Desktop/300/max30102x3/prj/prj.hw/backup/hw_ila_data_1.ila. Use Tcl command 'read_hw_ila_data' or Vivado File->Import->Import ILA Data menu item to import the previously saved data.
run_hw_ila [get_hw_ilas -of_objects [get_hw_devices xc7z020_1] -filter {CELL_NAME=~"xxana_show/your_instance_name"}]
INFO: [Labtools 27-1964] The ILA core 'hw_ila_1' trigger was armed at 2026-Jan-06 19:46:55
wait_on_hw_ila [get_hw_ilas -of_objects [get_hw_devices xc7z020_1] -filter {CELL_NAME=~"xxana_show/your_instance_name"}]
display_hw_ila_data [upload_hw_ila_data [get_hw_ilas -of_objects [get_hw_devices xc7z020_1] -filter {CELL_NAME=~"xxana_show/your_instance_name"}]]
INFO: [Labtools 27-1966] The ILA core 'hw_ila_1' triggered at 2026-Jan-06 19:46:56
INFO: [Labtools 27-3304] ILA Waveform data saved to file C:/Users/lish/Desktop/300/max30102x3/prj/prj.hw/backup/hw_ila_data_1.ila. Use Tcl command 'read_hw_ila_data' or Vivado File->Import->Import ILA Data menu item to import the previously saved data.
startgroup 
set_property CONTROL.DATA_DEPTH 8 [get_hw_ilas -of_objects [get_hw_devices xc7z020_1] -filter {CELL_NAME=~"xxana_show/your_instance_name"}]
set_property CONTROL.TRIGGER_POSITION 7 [get_hw_ilas -of_objects [get_hw_devices xc7z020_1] -filter {CELL_NAME=~"xxana_show/your_instance_name"}]
set_property CONTROL.WINDOW_COUNT 128 [get_hw_ilas -of_objects [get_hw_devices xc7z020_1] -filter {CELL_NAME=~"xxana_show/your_instance_name"}]
endgroup
run_hw_ila [get_hw_ilas -of_objects [get_hw_devices xc7z020_1] -filter {CELL_NAME=~"xxana_show/your_instance_name"}]
INFO: [Labtools 27-1964] The ILA core 'hw_ila_1' trigger was armed at 2026-Jan-06 19:47:53
wait_on_hw_ila [get_hw_ilas -of_objects [get_hw_devices xc7z020_1] -filter {CELL_NAME=~"xxana_show/your_instance_name"}]
display_hw_ila_data [upload_hw_ila_data [get_hw_ilas -of_objects [get_hw_devices xc7z020_1] -filter {CELL_NAME=~"xxana_show/your_instance_name"}]]
INFO: [Labtools 27-2214] The ILA core 'hw_ila_1' triggered in the last of '128' windows, at 2026-Jan-06 19:50:01.
INFO: [Labtools 27-3304] ILA Waveform data saved to file C:/Users/lish/Desktop/300/max30102x3/prj/prj.hw/backup/hw_ila_data_1.ila. Use Tcl command 'read_hw_ila_data' or Vivado File->Import->Import ILA Data menu item to import the previously saved data.
run_hw_ila [get_hw_ilas -of_objects [get_hw_devices xc7z020_1] -filter {CELL_NAME=~"xxana_show/your_instance_name"}]
INFO: [Labtools 27-1964] The ILA core 'hw_ila_1' trigger was armed at 2026-Jan-06 19:50:38
wait_on_hw_ila -timeout 0 [get_hw_ilas -of_objects [get_hw_devices xc7z020_1] -filter {CELL_NAME=~"xxana_show/your_instance_name"}]
display_hw_ila_data [upload_hw_ila_data [get_hw_ilas -of_objects [get_hw_devices xc7z020_1] -filter {CELL_NAME=~"xxana_show/your_instance_name"}]]
INFO: [Labtools 27-1965] The ILA core 'hw_ila_1' trigger was stopped by user at 2026-Jan-06 19:51:43
INFO: [Labtools 27-2266] The ILA core 'hw_ila_1' captured '64' windows with '8' samples each.
INFO: [Labtools 27-3304] ILA Waveform data saved to file C:/Users/lish/Desktop/300/max30102x3/prj/prj.hw/backup/hw_ila_data_1.ila. Use Tcl command 'read_hw_ila_data' or Vivado File->Import->Import ILA Data menu item to import the previously saved data.
run_hw_ila [get_hw_ilas -of_objects [get_hw_devices xc7z020_1] -filter {CELL_NAME=~"xxana_show/your_instance_name"}]
INFO: [Labtools 27-1964] The ILA core 'hw_ila_1' trigger was armed at 2026-Jan-06 19:52:14
wait_on_hw_ila -timeout 0 [get_hw_ilas -of_objects [get_hw_devices xc7z020_1] -filter {CELL_NAME=~"xxana_show/your_instance_name"}]
display_hw_ila_data [upload_hw_ila_data [get_hw_ilas -of_objects [get_hw_devices xc7z020_1] -filter {CELL_NAME=~"xxana_show/your_instance_name"}]]
INFO: [Labtools 27-1965] The ILA core 'hw_ila_1' trigger was stopped by user at 2026-Jan-06 19:52:23
INFO: [Labtools 27-2266] The ILA core 'hw_ila_1' captured '9' windows with '8' samples each.
INFO: [Labtools 27-3304] ILA Waveform data saved to file C:/Users/lish/Desktop/300/max30102x3/prj/prj.hw/backup/hw_ila_data_1.ila. Use Tcl command 'read_hw_ila_data' or Vivado File->Import->Import ILA Data menu item to import the previously saved data.
run_hw_ila [get_hw_ilas -of_objects [get_hw_devices xc7z020_1] -filter {CELL_NAME=~"xxana_show/your_instance_name"}]
INFO: [Labtools 27-1964] The ILA core 'hw_ila_1' trigger was armed at 2026-Jan-06 19:52:30
wait_on_hw_ila -timeout 0 [get_hw_ilas -of_objects [get_hw_devices xc7z020_1] -filter {CELL_NAME=~"xxana_show/your_instance_name"}]
display_hw_ila_data [upload_hw_ila_data [get_hw_ilas -of_objects [get_hw_devices xc7z020_1] -filter {CELL_NAME=~"xxana_show/your_instance_name"}]]
INFO: [Labtools 27-1965] The ILA core 'hw_ila_1' trigger was stopped by user at 2026-Jan-06 19:52:32
INFO: [Labtools 27-2266] The ILA core 'hw_ila_1' captured '3' windows with '8' samples each.
INFO: [Labtools 27-3304] ILA Waveform data saved to file C:/Users/lish/Desktop/300/max30102x3/prj/prj.hw/backup/hw_ila_data_1.ila. Use Tcl command 'read_hw_ila_data' or Vivado File->Import->Import ILA Data menu item to import the previously saved data.
run_hw_ila [get_hw_ilas -of_objects [get_hw_devices xc7z020_1] -filter {CELL_NAME=~"xxana_show/your_instance_name"}]
INFO: [Labtools 27-1964] The ILA core 'hw_ila_1' trigger was armed at 2026-Jan-06 19:52:36
wait_on_hw_ila -timeout 0 [get_hw_ilas -of_objects [get_hw_devices xc7z020_1] -filter {CELL_NAME=~"xxana_show/your_instance_name"}]
display_hw_ila_data [upload_hw_ila_data [get_hw_ilas -of_objects [get_hw_devices xc7z020_1] -filter {CELL_NAME=~"xxana_show/your_instance_name"}]]
INFO: [Labtools 27-1965] The ILA core 'hw_ila_1' trigger was stopped by user at 2026-Jan-06 19:52:41
INFO: [Labtools 27-2266] The ILA core 'hw_ila_1' captured '5' windows with '8' samples each.
INFO: [Labtools 27-3304] ILA Waveform data saved to file C:/Users/lish/Desktop/300/max30102x3/prj/prj.hw/backup/hw_ila_data_1.ila. Use Tcl command 'read_hw_ila_data' or Vivado File->Import->Import ILA Data menu item to import the previously saved data.
run_hw_ila [get_hw_ilas -of_objects [get_hw_devices xc7z020_1] -filter {CELL_NAME=~"xxana_show/your_instance_name"}]
INFO: [Labtools 27-1964] The ILA core 'hw_ila_1' trigger was armed at 2026-Jan-06 19:52:44
wait_on_hw_ila -timeout 0 [get_hw_ilas -of_objects [get_hw_devices xc7z020_1] -filter {CELL_NAME=~"xxana_show/your_instance_name"}]
display_hw_ila_data [upload_hw_ila_data [get_hw_ilas -of_objects [get_hw_devices xc7z020_1] -filter {CELL_NAME=~"xxana_show/your_instance_name"}]]
INFO: [Labtools 27-1965] The ILA core 'hw_ila_1' trigger was stopped by user at 2026-Jan-06 19:53:19
INFO: [Labtools 27-2266] The ILA core 'hw_ila_1' captured '35' windows with '8' samples each.
INFO: [Labtools 27-3304] ILA Waveform data saved to file C:/Users/lish/Desktop/300/max30102x3/prj/prj.hw/backup/hw_ila_data_1.ila. Use Tcl command 'read_hw_ila_data' or Vivado File->Import->Import ILA Data menu item to import the previously saved data.
run_hw_ila [get_hw_ilas -of_objects [get_hw_devices xc7z020_1] -filter {CELL_NAME=~"xxana_show/your_instance_name"}]
INFO: [Labtools 27-1964] The ILA core 'hw_ila_1' trigger was armed at 2026-Jan-06 19:53:25
wait_on_hw_ila -timeout 0 [get_hw_ilas -of_objects [get_hw_devices xc7z020_1] -filter {CELL_NAME=~"xxana_show/your_instance_name"}]
display_hw_ila_data [upload_hw_ila_data [get_hw_ilas -of_objects [get_hw_devices xc7z020_1] -filter {CELL_NAME=~"xxana_show/your_instance_name"}]]
INFO: [Labtools 27-1965] The ILA core 'hw_ila_1' trigger was stopped by user at 2026-Jan-06 19:53:46
INFO: [Labtools 27-2266] The ILA core 'hw_ila_1' captured '20' windows with '8' samples each.
INFO: [Labtools 27-3304] ILA Waveform data saved to file C:/Users/lish/Desktop/300/max30102x3/prj/prj.hw/backup/hw_ila_data_1.ila. Use Tcl command 'read_hw_ila_data' or Vivado File->Import->Import ILA Data menu item to import the previously saved data.
run_hw_ila [get_hw_ilas -of_objects [get_hw_devices xc7z020_1] -filter {CELL_NAME=~"xxana_show/your_instance_name"}]
INFO: [Labtools 27-1964] The ILA core 'hw_ila_1' trigger was armed at 2026-Jan-06 19:54:19
wait_on_hw_ila -timeout 0 [get_hw_ilas -of_objects [get_hw_devices xc7z020_1] -filter {CELL_NAME=~"xxana_show/your_instance_name"}]
display_hw_ila_data [upload_hw_ila_data [get_hw_ilas -of_objects [get_hw_devices xc7z020_1] -filter {CELL_NAME=~"xxana_show/your_instance_name"}]]
INFO: [Labtools 27-1965] The ILA core 'hw_ila_1' trigger was stopped by user at 2026-Jan-06 19:54:22
INFO: [Labtools 27-2266] The ILA core 'hw_ila_1' captured '2' windows with '8' samples each.
INFO: [Labtools 27-3304] ILA Waveform data saved to file C:/Users/lish/Desktop/300/max30102x3/prj/prj.hw/backup/hw_ila_data_1.ila. Use Tcl command 'read_hw_ila_data' or Vivado File->Import->Import ILA Data menu item to import the previously saved data.
run_hw_ila [get_hw_ilas -of_objects [get_hw_devices xc7z020_1] -filter {CELL_NAME=~"xxana_show/your_instance_name"}]
INFO: [Labtools 27-1964] The ILA core 'hw_ila_1' trigger was armed at 2026-Jan-06 19:54:26
wait_on_hw_ila -timeout 0 [get_hw_ilas -of_objects [get_hw_devices xc7z020_1] -filter {CELL_NAME=~"xxana_show/your_instance_name"}]
display_hw_ila_data [upload_hw_ila_data [get_hw_ilas -of_objects [get_hw_devices xc7z020_1] -filter {CELL_NAME=~"xxana_show/your_instance_name"}]]
INFO: [Labtools 27-1965] The ILA core 'hw_ila_1' trigger was stopped by user at 2026-Jan-06 19:54:27
INFO: [Labtools 27-2213] The ILA core 'hw_ila_1' captured one window with '8' samples.
INFO: [Labtools 27-3304] ILA Waveform data saved to file C:/Users/lish/Desktop/300/max30102x3/prj/prj.hw/backup/hw_ila_data_1.ila. Use Tcl command 'read_hw_ila_data' or Vivado File->Import->Import ILA Data menu item to import the previously saved data.
run_hw_ila [get_hw_ilas -of_objects [get_hw_devices xc7z020_1] -filter {CELL_NAME=~"xxana_show/your_instance_name"}]
INFO: [Labtools 27-1964] The ILA core 'hw_ila_1' trigger was armed at 2026-Jan-06 19:54:29
wait_on_hw_ila -timeout 0 [get_hw_ilas -of_objects [get_hw_devices xc7z020_1] -filter {CELL_NAME=~"xxana_show/your_instance_name"}]
display_hw_ila_data [upload_hw_ila_data [get_hw_ilas -of_objects [get_hw_devices xc7z020_1] -filter {CELL_NAME=~"xxana_show/your_instance_name"}]]
INFO: [Labtools 27-1965] The ILA core 'hw_ila_1' trigger was stopped by user at 2026-Jan-06 19:54:30
INFO: [Labtools 27-2213] The ILA core 'hw_ila_1' captured one window with '8' samples.
INFO: [Labtools 27-3304] ILA Waveform data saved to file C:/Users/lish/Desktop/300/max30102x3/prj/prj.hw/backup/hw_ila_data_1.ila. Use Tcl command 'read_hw_ila_data' or Vivado File->Import->Import ILA Data menu item to import the previously saved data.
run_hw_ila [get_hw_ilas -of_objects [get_hw_devices xc7z020_1] -filter {CELL_NAME=~"xxana_show/your_instance_name"}]
INFO: [Labtools 27-1964] The ILA core 'hw_ila_1' trigger was armed at 2026-Jan-06 19:54:31
wait_on_hw_ila -timeout 0 [get_hw_ilas -of_objects [get_hw_devices xc7z020_1] -filter {CELL_NAME=~"xxana_show/your_instance_name"}]
upload_hw_ila_data [get_hw_ilas -of_objects [get_hw_devices xc7z020_1] -filter {CELL_NAME=~"xxana_show/your_instance_name"}]
INFO: [Labtools 27-1965] The ILA core 'hw_ila_1' trigger was stopped by user at 2026-Jan-06 19:54:32
WARNING: [Labtools 27-157] hw_ila [hw_ila_1] stopped. No data to upload.
run_hw_ila [get_hw_ilas -of_objects [get_hw_devices xc7z020_1] -filter {CELL_NAME=~"xxana_show/your_instance_name"}]
INFO: [Labtools 27-1964] The ILA core 'hw_ila_1' trigger was armed at 2026-Jan-06 19:55:21
wait_on_hw_ila -timeout 0 [get_hw_ilas -of_objects [get_hw_devices xc7z020_1] -filter {CELL_NAME=~"xxana_show/your_instance_name"}]
display_hw_ila_data [upload_hw_ila_data [get_hw_ilas -of_objects [get_hw_devices xc7z020_1] -filter {CELL_NAME=~"xxana_show/your_instance_name"}]]
INFO: [Labtools 27-1965] The ILA core 'hw_ila_1' trigger was stopped by user at 2026-Jan-06 19:55:22
INFO: [Labtools 27-2266] The ILA core 'hw_ila_1' captured '2' windows with '8' samples each.
INFO: [Labtools 27-3304] ILA Waveform data saved to file C:/Users/lish/Desktop/300/max30102x3/prj/prj.hw/backup/hw_ila_data_1.ila. Use Tcl command 'read_hw_ila_data' or Vivado File->Import->Import ILA Data menu item to import the previously saved data.
run_hw_ila [get_hw_ilas -of_objects [get_hw_devices xc7z020_1] -filter {CELL_NAME=~"xxana_show/your_instance_name"}]
INFO: [Labtools 27-1964] The ILA core 'hw_ila_1' trigger was armed at 2026-Jan-06 19:55:25
wait_on_hw_ila -timeout 0 [get_hw_ilas -of_objects [get_hw_devices xc7z020_1] -filter {CELL_NAME=~"xxana_show/your_instance_name"}]
display_hw_ila_data [upload_hw_ila_data [get_hw_ilas -of_objects [get_hw_devices xc7z020_1] -filter {CELL_NAME=~"xxana_show/your_instance_name"}]]
INFO: [Labtools 27-1965] The ILA core 'hw_ila_1' trigger was stopped by user at 2026-Jan-06 19:55:29
INFO: [Labtools 27-2266] The ILA core 'hw_ila_1' captured '4' windows with '8' samples each.
INFO: [Labtools 27-3304] ILA Waveform data saved to file C:/Users/lish/Desktop/300/max30102x3/prj/prj.hw/backup/hw_ila_data_1.ila. Use Tcl command 'read_hw_ila_data' or Vivado File->Import->Import ILA Data menu item to import the previously saved data.
run_hw_ila [get_hw_ilas -of_objects [get_hw_devices xc7z020_1] -filter {CELL_NAME=~"xxana_show/your_instance_name"}]
INFO: [Labtools 27-1964] The ILA core 'hw_ila_1' trigger was armed at 2026-Jan-06 19:55:58
wait_on_hw_ila -timeout 0 [get_hw_ilas -of_objects [get_hw_devices xc7z020_1] -filter {CELL_NAME=~"xxana_show/your_instance_name"}]
display_hw_ila_data [upload_hw_ila_data [get_hw_ilas -of_objects [get_hw_devices xc7z020_1] -filter {CELL_NAME=~"xxana_show/your_instance_name"}]]
INFO: [Labtools 27-1965] The ILA core 'hw_ila_1' trigger was stopped by user at 2026-Jan-06 19:56:05
INFO: [Labtools 27-2266] The ILA core 'hw_ila_1' captured '7' windows with '8' samples each.
INFO: [Labtools 27-3304] ILA Waveform data saved to file C:/Users/lish/Desktop/300/max30102x3/prj/prj.hw/backup/hw_ila_data_1.ila. Use Tcl command 'read_hw_ila_data' or Vivado File->Import->Import ILA Data menu item to import the previously saved data.
run_hw_ila [get_hw_ilas -of_objects [get_hw_devices xc7z020_1] -filter {CELL_NAME=~"xxana_show/your_instance_name"}]
INFO: [Labtools 27-1964] The ILA core 'hw_ila_1' trigger was armed at 2026-Jan-06 19:56:23
wait_on_hw_ila -timeout 0 [get_hw_ilas -of_objects [get_hw_devices xc7z020_1] -filter {CELL_NAME=~"xxana_show/your_instance_name"}]
display_hw_ila_data [upload_hw_ila_data [get_hw_ilas -of_objects [get_hw_devices xc7z020_1] -filter {CELL_NAME=~"xxana_show/your_instance_name"}]]
INFO: [Labtools 27-1965] The ILA core 'hw_ila_1' trigger was stopped by user at 2026-Jan-06 19:56:34
INFO: [Labtools 27-2266] The ILA core 'hw_ila_1' captured '11' windows with '8' samples each.
INFO: [Labtools 27-3304] ILA Waveform data saved to file C:/Users/lish/Desktop/300/max30102x3/prj/prj.hw/backup/hw_ila_data_1.ila. Use Tcl command 'read_hw_ila_data' or Vivado File->Import->Import ILA Data menu item to import the previously saved data.
run_hw_ila [get_hw_ilas -of_objects [get_hw_devices xc7z020_1] -filter {CELL_NAME=~"xxana_show/your_instance_name"}]
INFO: [Labtools 27-1964] The ILA core 'hw_ila_1' trigger was armed at 2026-Jan-06 19:56:37
wait_on_hw_ila -timeout 0 [get_hw_ilas -of_objects [get_hw_devices xc7z020_1] -filter {CELL_NAME=~"xxana_show/your_instance_name"}]
display_hw_ila_data [upload_hw_ila_data [get_hw_ilas -of_objects [get_hw_devices xc7z020_1] -filter {CELL_NAME=~"xxana_show/your_instance_name"}]]
INFO: [Labtools 27-1965] The ILA core 'hw_ila_1' trigger was stopped by user at 2026-Jan-06 19:56:49
INFO: [Labtools 27-2266] The ILA core 'hw_ila_1' captured '11' windows with '8' samples each.
INFO: [Labtools 27-3304] ILA Waveform data saved to file C:/Users/lish/Desktop/300/max30102x3/prj/prj.hw/backup/hw_ila_data_1.ila. Use Tcl command 'read_hw_ila_data' or Vivado File->Import->Import ILA Data menu item to import the previously saved data.
run_hw_ila [get_hw_ilas -of_objects [get_hw_devices xc7z020_1] -filter {CELL_NAME=~"xxana_show/your_instance_name"}]
INFO: [Labtools 27-1964] The ILA core 'hw_ila_1' trigger was armed at 2026-Jan-06 19:56:53
wait_on_hw_ila -timeout 0 [get_hw_ilas -of_objects [get_hw_devices xc7z020_1] -filter {CELL_NAME=~"xxana_show/your_instance_name"}]
display_hw_ila_data [upload_hw_ila_data [get_hw_ilas -of_objects [get_hw_devices xc7z020_1] -filter {CELL_NAME=~"xxana_show/your_instance_name"}]]
INFO: [Labtools 27-1965] The ILA core 'hw_ila_1' trigger was stopped by user at 2026-Jan-06 19:57:05
INFO: [Labtools 27-2266] The ILA core 'hw_ila_1' captured '12' windows with '8' samples each.
INFO: [Labtools 27-3304] ILA Waveform data saved to file C:/Users/lish/Desktop/300/max30102x3/prj/prj.hw/backup/hw_ila_data_1.ila. Use Tcl command 'read_hw_ila_data' or Vivado File->Import->Import ILA Data menu item to import the previously saved data.
run_hw_ila [get_hw_ilas -of_objects [get_hw_devices xc7z020_1] -filter {CELL_NAME=~"xxana_show/your_instance_name"}]
INFO: [Labtools 27-1964] The ILA core 'hw_ila_1' trigger was armed at 2026-Jan-06 19:57:06
wait_on_hw_ila -timeout 0 [get_hw_ilas -of_objects [get_hw_devices xc7z020_1] -filter {CELL_NAME=~"xxana_show/your_instance_name"}]
display_hw_ila_data [upload_hw_ila_data [get_hw_ilas -of_objects [get_hw_devices xc7z020_1] -filter {CELL_NAME=~"xxana_show/your_instance_name"}]]
INFO: [Labtools 27-1965] The ILA core 'hw_ila_1' trigger was stopped by user at 2026-Jan-06 19:57:12
INFO: [Labtools 27-2266] The ILA core 'hw_ila_1' captured '7' windows with '8' samples each.
INFO: [Labtools 27-3304] ILA Waveform data saved to file C:/Users/lish/Desktop/300/max30102x3/prj/prj.hw/backup/hw_ila_data_1.ila. Use Tcl command 'read_hw_ila_data' or Vivado File->Import->Import ILA Data menu item to import the previously saved data.
run_hw_ila [get_hw_ilas -of_objects [get_hw_devices xc7z020_1] -filter {CELL_NAME=~"xxana_show/your_instance_name"}]
INFO: [Labtools 27-1964] The ILA core 'hw_ila_1' trigger was armed at 2026-Jan-06 19:57:15
wait_on_hw_ila -timeout 0 [get_hw_ilas -of_objects [get_hw_devices xc7z020_1] -filter {CELL_NAME=~"xxana_show/your_instance_name"}]
display_hw_ila_data [upload_hw_ila_data [get_hw_ilas -of_objects [get_hw_devices xc7z020_1] -filter {CELL_NAME=~"xxana_show/your_instance_name"}]]
INFO: [Labtools 27-1965] The ILA core 'hw_ila_1' trigger was stopped by user at 2026-Jan-06 19:57:17
INFO: [Labtools 27-2266] The ILA core 'hw_ila_1' captured '2' windows with '8' samples each.
INFO: [Labtools 27-3304] ILA Waveform data saved to file C:/Users/lish/Desktop/300/max30102x3/prj/prj.hw/backup/hw_ila_data_1.ila. Use Tcl command 'read_hw_ila_data' or Vivado File->Import->Import ILA Data menu item to import the previously saved data.
run_hw_ila [get_hw_ilas -of_objects [get_hw_devices xc7z020_1] -filter {CELL_NAME=~"xxana_show/your_instance_name"}]
INFO: [Labtools 27-1964] The ILA core 'hw_ila_1' trigger was armed at 2026-Jan-06 19:57:19
wait_on_hw_ila -timeout 0 [get_hw_ilas -of_objects [get_hw_devices xc7z020_1] -filter {CELL_NAME=~"xxana_show/your_instance_name"}]
display_hw_ila_data [upload_hw_ila_data [get_hw_ilas -of_objects [get_hw_devices xc7z020_1] -filter {CELL_NAME=~"xxana_show/your_instance_name"}]]
INFO: [Labtools 27-1965] The ILA core 'hw_ila_1' trigger was stopped by user at 2026-Jan-06 19:57:26
INFO: [Labtools 27-2266] The ILA core 'hw_ila_1' captured '7' windows with '8' samples each.
INFO: [Labtools 27-3304] ILA Waveform data saved to file C:/Users/lish/Desktop/300/max30102x3/prj/prj.hw/backup/hw_ila_data_1.ila. Use Tcl command 'read_hw_ila_data' or Vivado File->Import->Import ILA Data menu item to import the previously saved data.
run_hw_ila [get_hw_ilas -of_objects [get_hw_devices xc7z020_1] -filter {CELL_NAME=~"xxana_show/your_instance_name"}]
INFO: [Labtools 27-1964] The ILA core 'hw_ila_1' trigger was armed at 2026-Jan-06 19:57:30
wait_on_hw_ila -timeout 0 [get_hw_ilas -of_objects [get_hw_devices xc7z020_1] -filter {CELL_NAME=~"xxana_show/your_instance_name"}]
display_hw_ila_data [upload_hw_ila_data [get_hw_ilas -of_objects [get_hw_devices xc7z020_1] -filter {CELL_NAME=~"xxana_show/your_instance_name"}]]
INFO: [Labtools 27-1965] The ILA core 'hw_ila_1' trigger was stopped by user at 2026-Jan-06 19:57:41
INFO: [Labtools 27-2266] The ILA core 'hw_ila_1' captured '11' windows with '8' samples each.
INFO: [Labtools 27-3304] ILA Waveform data saved to file C:/Users/lish/Desktop/300/max30102x3/prj/prj.hw/backup/hw_ila_data_1.ila. Use Tcl command 'read_hw_ila_data' or Vivado File->Import->Import ILA Data menu item to import the previously saved data.
run_hw_ila [get_hw_ilas -of_objects [get_hw_devices xc7z020_1] -filter {CELL_NAME=~"xxana_show/your_instance_name"}]
INFO: [Labtools 27-1964] The ILA core 'hw_ila_1' trigger was armed at 2026-Jan-06 19:57:44
wait_on_hw_ila -timeout 0 [get_hw_ilas -of_objects [get_hw_devices xc7z020_1] -filter {CELL_NAME=~"xxana_show/your_instance_name"}]
display_hw_ila_data [upload_hw_ila_data [get_hw_ilas -of_objects [get_hw_devices xc7z020_1] -filter {CELL_NAME=~"xxana_show/your_instance_name"}]]
INFO: [Labtools 27-1965] The ILA core 'hw_ila_1' trigger was stopped by user at 2026-Jan-06 19:57:49
INFO: [Labtools 27-2266] The ILA core 'hw_ila_1' captured '5' windows with '8' samples each.
INFO: [Labtools 27-3304] ILA Waveform data saved to file C:/Users/lish/Desktop/300/max30102x3/prj/prj.hw/backup/hw_ila_data_1.ila. Use Tcl command 'read_hw_ila_data' or Vivado File->Import->Import ILA Data menu item to import the previously saved data.
run_hw_ila [get_hw_ilas -of_objects [get_hw_devices xc7z020_1] -filter {CELL_NAME=~"xxana_show/your_instance_name"}]
INFO: [Labtools 27-1964] The ILA core 'hw_ila_1' trigger was armed at 2026-Jan-06 19:57:53
wait_on_hw_ila -timeout 0 [get_hw_ilas -of_objects [get_hw_devices xc7z020_1] -filter {CELL_NAME=~"xxana_show/your_instance_name"}]
display_hw_ila_data [upload_hw_ila_data [get_hw_ilas -of_objects [get_hw_devices xc7z020_1] -filter {CELL_NAME=~"xxana_show/your_instance_name"}]]
INFO: [Labtools 27-1965] The ILA core 'hw_ila_1' trigger was stopped by user at 2026-Jan-06 19:58:00
INFO: [Labtools 27-2266] The ILA core 'hw_ila_1' captured '7' windows with '8' samples each.
INFO: [Labtools 27-3304] ILA Waveform data saved to file C:/Users/lish/Desktop/300/max30102x3/prj/prj.hw/backup/hw_ila_data_1.ila. Use Tcl command 'read_hw_ila_data' or Vivado File->Import->Import ILA Data menu item to import the previously saved data.
run_hw_ila [get_hw_ilas -of_objects [get_hw_devices xc7z020_1] -filter {CELL_NAME=~"xxana_show/your_instance_name"}]
INFO: [Labtools 27-1964] The ILA core 'hw_ila_1' trigger was armed at 2026-Jan-06 19:58:04
wait_on_hw_ila -timeout 0 [get_hw_ilas -of_objects [get_hw_devices xc7z020_1] -filter {CELL_NAME=~"xxana_show/your_instance_name"}]
display_hw_ila_data [upload_hw_ila_data [get_hw_ilas -of_objects [get_hw_devices xc7z020_1] -filter {CELL_NAME=~"xxana_show/your_instance_name"}]]
INFO: [Labtools 27-1965] The ILA core 'hw_ila_1' trigger was stopped by user at 2026-Jan-06 19:58:15
INFO: [Labtools 27-2266] The ILA core 'hw_ila_1' captured '11' windows with '8' samples each.
INFO: [Labtools 27-3304] ILA Waveform data saved to file C:/Users/lish/Desktop/300/max30102x3/prj/prj.hw/backup/hw_ila_data_1.ila. Use Tcl command 'read_hw_ila_data' or Vivado File->Import->Import ILA Data menu item to import the previously saved data.
run_hw_ila [get_hw_ilas -of_objects [get_hw_devices xc7z020_1] -filter {CELL_NAME=~"xxana_show/your_instance_name"}]
INFO: [Labtools 27-1964] The ILA core 'hw_ila_1' trigger was armed at 2026-Jan-06 19:58:19
wait_on_hw_ila -timeout 0 [get_hw_ilas -of_objects [get_hw_devices xc7z020_1] -filter {CELL_NAME=~"xxana_show/your_instance_name"}]
display_hw_ila_data [upload_hw_ila_data [get_hw_ilas -of_objects [get_hw_devices xc7z020_1] -filter {CELL_NAME=~"xxana_show/your_instance_name"}]]
INFO: [Labtools 27-1965] The ILA core 'hw_ila_1' trigger was stopped by user at 2026-Jan-06 19:58:21
INFO: [Labtools 27-2213] The ILA core 'hw_ila_1' captured one window with '8' samples.
INFO: [Labtools 27-3304] ILA Waveform data saved to file C:/Users/lish/Desktop/300/max30102x3/prj/prj.hw/backup/hw_ila_data_1.ila. Use Tcl command 'read_hw_ila_data' or Vivado File->Import->Import ILA Data menu item to import the previously saved data.
run_hw_ila [get_hw_ilas -of_objects [get_hw_devices xc7z020_1] -filter {CELL_NAME=~"xxana_show/your_instance_name"}]
INFO: [Labtools 27-1964] The ILA core 'hw_ila_1' trigger was armed at 2026-Jan-06 19:58:24
wait_on_hw_ila -timeout 0 [get_hw_ilas -of_objects [get_hw_devices xc7z020_1] -filter {CELL_NAME=~"xxana_show/your_instance_name"}]
display_hw_ila_data [upload_hw_ila_data [get_hw_ilas -of_objects [get_hw_devices xc7z020_1] -filter {CELL_NAME=~"xxana_show/your_instance_name"}]]
INFO: [Labtools 27-1965] The ILA core 'hw_ila_1' trigger was stopped by user at 2026-Jan-06 19:58:25
INFO: [Labtools 27-2213] The ILA core 'hw_ila_1' captured one window with '8' samples.
INFO: [Labtools 27-3304] ILA Waveform data saved to file C:/Users/lish/Desktop/300/max30102x3/prj/prj.hw/backup/hw_ila_data_1.ila. Use Tcl command 'read_hw_ila_data' or Vivado File->Import->Import ILA Data menu item to import the previously saved data.
run_hw_ila [get_hw_ilas -of_objects [get_hw_devices xc7z020_1] -filter {CELL_NAME=~"xxana_show/your_instance_name"}]
INFO: [Labtools 27-1964] The ILA core 'hw_ila_1' trigger was armed at 2026-Jan-06 19:58:26
wait_on_hw_ila -timeout 0 [get_hw_ilas -of_objects [get_hw_devices xc7z020_1] -filter {CELL_NAME=~"xxana_show/your_instance_name"}]
display_hw_ila_data [upload_hw_ila_data [get_hw_ilas -of_objects [get_hw_devices xc7z020_1] -filter {CELL_NAME=~"xxana_show/your_instance_name"}]]
INFO: [Labtools 27-1965] The ILA core 'hw_ila_1' trigger was stopped by user at 2026-Jan-06 19:58:30
INFO: [Labtools 27-2266] The ILA core 'hw_ila_1' captured '3' windows with '8' samples each.
INFO: [Labtools 27-3304] ILA Waveform data saved to file C:/Users/lish/Desktop/300/max30102x3/prj/prj.hw/backup/hw_ila_data_1.ila. Use Tcl command 'read_hw_ila_data' or Vivado File->Import->Import ILA Data menu item to import the previously saved data.
run_hw_ila [get_hw_ilas -of_objects [get_hw_devices xc7z020_1] -filter {CELL_NAME=~"xxana_show/your_instance_name"}]
INFO: [Labtools 27-1964] The ILA core 'hw_ila_1' trigger was armed at 2026-Jan-06 19:58:31
wait_on_hw_ila -timeout 0 [get_hw_ilas -of_objects [get_hw_devices xc7z020_1] -filter {CELL_NAME=~"xxana_show/your_instance_name"}]
display_hw_ila_data [upload_hw_ila_data [get_hw_ilas -of_objects [get_hw_devices xc7z020_1] -filter {CELL_NAME=~"xxana_show/your_instance_name"}]]
INFO: [Labtools 27-1965] The ILA core 'hw_ila_1' trigger was stopped by user at 2026-Jan-06 19:58:40
INFO: [Labtools 27-2266] The ILA core 'hw_ila_1' captured '8' windows with '8' samples each.
INFO: [Labtools 27-3304] ILA Waveform data saved to file C:/Users/lish/Desktop/300/max30102x3/prj/prj.hw/backup/hw_ila_data_1.ila. Use Tcl command 'read_hw_ila_data' or Vivado File->Import->Import ILA Data menu item to import the previously saved data.
run_hw_ila [get_hw_ilas -of_objects [get_hw_devices xc7z020_1] -filter {CELL_NAME=~"xxana_show/your_instance_name"}]
INFO: [Labtools 27-1964] The ILA core 'hw_ila_1' trigger was armed at 2026-Jan-06 19:58:43
wait_on_hw_ila -timeout 0 [get_hw_ilas -of_objects [get_hw_devices xc7z020_1] -filter {CELL_NAME=~"xxana_show/your_instance_name"}]
display_hw_ila_data [upload_hw_ila_data [get_hw_ilas -of_objects [get_hw_devices xc7z020_1] -filter {CELL_NAME=~"xxana_show/your_instance_name"}]]
INFO: [Labtools 27-1965] The ILA core 'hw_ila_1' trigger was stopped by user at 2026-Jan-06 19:58:52
INFO: [Labtools 27-2266] The ILA core 'hw_ila_1' captured '9' windows with '8' samples each.
INFO: [Labtools 27-3304] ILA Waveform data saved to file C:/Users/lish/Desktop/300/max30102x3/prj/prj.hw/backup/hw_ila_data_1.ila. Use Tcl command 'read_hw_ila_data' or Vivado File->Import->Import ILA Data menu item to import the previously saved data.
run_hw_ila [get_hw_ilas -of_objects [get_hw_devices xc7z020_1] -filter {CELL_NAME=~"xxana_show/your_instance_name"}]
INFO: [Labtools 27-1964] The ILA core 'hw_ila_1' trigger was armed at 2026-Jan-06 19:58:58
wait_on_hw_ila -timeout 0 [get_hw_ilas -of_objects [get_hw_devices xc7z020_1] -filter {CELL_NAME=~"xxana_show/your_instance_name"}]
display_hw_ila_data [upload_hw_ila_data [get_hw_ilas -of_objects [get_hw_devices xc7z020_1] -filter {CELL_NAME=~"xxana_show/your_instance_name"}]]
INFO: [Labtools 27-1965] The ILA core 'hw_ila_1' trigger was stopped by user at 2026-Jan-06 19:59:49
INFO: [Labtools 27-2266] The ILA core 'hw_ila_1' captured '50' windows with '8' samples each.
INFO: [Labtools 27-3304] ILA Waveform data saved to file C:/Users/lish/Desktop/300/max30102x3/prj/prj.hw/backup/hw_ila_data_1.ila. Use Tcl command 'read_hw_ila_data' or Vivado File->Import->Import ILA Data menu item to import the previously saved data.
run_hw_ila [get_hw_ilas -of_objects [get_hw_devices xc7z020_1] -filter {CELL_NAME=~"xxana_show/your_instance_name"}]
INFO: [Labtools 27-1964] The ILA core 'hw_ila_1' trigger was armed at 2026-Jan-06 20:00:17
wait_on_hw_ila -timeout 0 [get_hw_ilas -of_objects [get_hw_devices xc7z020_1] -filter {CELL_NAME=~"xxana_show/your_instance_name"}]
display_hw_ila_data [upload_hw_ila_data [get_hw_ilas -of_objects [get_hw_devices xc7z020_1] -filter {CELL_NAME=~"xxana_show/your_instance_name"}]]
INFO: [Labtools 27-1965] The ILA core 'hw_ila_1' trigger was stopped by user at 2026-Jan-06 20:00:19
INFO: [Labtools 27-2266] The ILA core 'hw_ila_1' captured '2' windows with '8' samples each.
INFO: [Labtools 27-3304] ILA Waveform data saved to file C:/Users/lish/Desktop/300/max30102x3/prj/prj.hw/backup/hw_ila_data_1.ila. Use Tcl command 'read_hw_ila_data' or Vivado File->Import->Import ILA Data menu item to import the previously saved data.
run_hw_ila [get_hw_ilas -of_objects [get_hw_devices xc7z020_1] -filter {CELL_NAME=~"xxana_show/your_instance_name"}]
INFO: [Labtools 27-1964] The ILA core 'hw_ila_1' trigger was armed at 2026-Jan-06 20:00:22
wait_on_hw_ila -timeout 0 [get_hw_ilas -of_objects [get_hw_devices xc7z020_1] -filter {CELL_NAME=~"xxana_show/your_instance_name"}]
display_hw_ila_data [upload_hw_ila_data [get_hw_ilas -of_objects [get_hw_devices xc7z020_1] -filter {CELL_NAME=~"xxana_show/your_instance_name"}]]
INFO: [Labtools 27-1965] The ILA core 'hw_ila_1' trigger was stopped by user at 2026-Jan-06 20:00:23
INFO: [Labtools 27-2213] The ILA core 'hw_ila_1' captured one window with '8' samples.
INFO: [Labtools 27-3304] ILA Waveform data saved to file C:/Users/lish/Desktop/300/max30102x3/prj/prj.hw/backup/hw_ila_data_1.ila. Use Tcl command 'read_hw_ila_data' or Vivado File->Import->Import ILA Data menu item to import the previously saved data.
run_hw_ila [get_hw_ilas -of_objects [get_hw_devices xc7z020_1] -filter {CELL_NAME=~"xxana_show/your_instance_name"}]
INFO: [Labtools 27-1964] The ILA core 'hw_ila_1' trigger was armed at 2026-Jan-06 20:00:26
wait_on_hw_ila -timeout 0 [get_hw_ilas -of_objects [get_hw_devices xc7z020_1] -filter {CELL_NAME=~"xxana_show/your_instance_name"}]
display_hw_ila_data [upload_hw_ila_data [get_hw_ilas -of_objects [get_hw_devices xc7z020_1] -filter {CELL_NAME=~"xxana_show/your_instance_name"}]]
INFO: [Labtools 27-1965] The ILA core 'hw_ila_1' trigger was stopped by user at 2026-Jan-06 20:00:30
INFO: [Labtools 27-2266] The ILA core 'hw_ila_1' captured '5' windows with '8' samples each.
INFO: [Labtools 27-3304] ILA Waveform data saved to file C:/Users/lish/Desktop/300/max30102x3/prj/prj.hw/backup/hw_ila_data_1.ila. Use Tcl command 'read_hw_ila_data' or Vivado File->Import->Import ILA Data menu item to import the previously saved data.
add_wave -into {hw_ila_data_2.wcfg} -radix hex { {o_ir_dat} {o_red_dat} {o_vld} }
startgroup 
set_property CONTROL.DATA_DEPTH 8 [get_hw_ilas -of_objects [get_hw_devices xc7z020_1] -filter {CELL_NAME=~"your_instance_name"}]
set_property CONTROL.TRIGGER_POSITION 7 [get_hw_ilas -of_objects [get_hw_devices xc7z020_1] -filter {CELL_NAME=~"your_instance_name"}]
set_property CONTROL.WINDOW_COUNT 128 [get_hw_ilas -of_objects [get_hw_devices xc7z020_1] -filter {CELL_NAME=~"your_instance_name"}]
endgroup
set_property TRIGGER_COMPARE_VALUE eq1'b1 [get_hw_probes o_vld -of_objects [get_hw_ilas -of_objects [get_hw_devices xc7z020_1] -filter {CELL_NAME=~"your_instance_name"}]]
run_hw_ila [get_hw_ilas -of_objects [get_hw_devices xc7z020_1] -filter {CELL_NAME=~"your_instance_name"}]
INFO: [Labtools 27-1964] The ILA core 'hw_ila_2' trigger was armed at 2026-Jan-06 20:03:59
wait_on_hw_ila [get_hw_ilas -of_objects [get_hw_devices xc7z020_1] -filter {CELL_NAME=~"your_instance_name"}]
display_hw_ila_data [upload_hw_ila_data [get_hw_ilas -of_objects [get_hw_devices xc7z020_1] -filter {CELL_NAME=~"your_instance_name"}]]
INFO: [Labtools 27-2214] The ILA core 'hw_ila_2' triggered in the last of '128' windows, at 2026-Jan-06 20:04:00.
INFO: [Labtools 27-3304] ILA Waveform data saved to file C:/Users/lish/Desktop/300/max30102x3/prj/prj.hw/backup/hw_ila_data_2.ila. Use Tcl command 'read_hw_ila_data' or Vivado File->Import->Import ILA Data menu item to import the previously saved data.
run_hw_ila [get_hw_ilas -of_objects [get_hw_devices xc7z020_1] -filter {CELL_NAME=~"your_instance_name"}]
INFO: [Labtools 27-1964] The ILA core 'hw_ila_2' trigger was armed at 2026-Jan-06 20:04:03
wait_on_hw_ila [get_hw_ilas -of_objects [get_hw_devices xc7z020_1] -filter {CELL_NAME=~"your_instance_name"}]
display_hw_ila_data [upload_hw_ila_data [get_hw_ilas -of_objects [get_hw_devices xc7z020_1] -filter {CELL_NAME=~"your_instance_name"}]]
INFO: [Labtools 27-2214] The ILA core 'hw_ila_2' triggered in the last of '128' windows, at 2026-Jan-06 20:04:04.
INFO: [Labtools 27-3304] ILA Waveform data saved to file C:/Users/lish/Desktop/300/max30102x3/prj/prj.hw/backup/hw_ila_data_2.ila. Use Tcl command 'read_hw_ila_data' or Vivado File->Import->Import ILA Data menu item to import the previously saved data.
set_property TRIGGER_COMPARE_VALUE eq1'bR [get_hw_probes o_vld -of_objects [get_hw_ilas -of_objects [get_hw_devices xc7z020_1] -filter {CELL_NAME=~"your_instance_name"}]]
run_hw_ila [get_hw_ilas -of_objects [get_hw_devices xc7z020_1] -filter {CELL_NAME=~"your_instance_name"}]
INFO: [Labtools 27-1964] The ILA core 'hw_ila_2' trigger was armed at 2026-Jan-06 20:04:09
wait_on_hw_ila [get_hw_ilas -of_objects [get_hw_devices xc7z020_1] -filter {CELL_NAME=~"your_instance_name"}]
display_hw_ila_data [upload_hw_ila_data [get_hw_ilas -of_objects [get_hw_devices xc7z020_1] -filter {CELL_NAME=~"your_instance_name"}]]
INFO: [Labtools 27-2214] The ILA core 'hw_ila_2' triggered in the last of '128' windows, at 2026-Jan-06 20:04:18.
INFO: [Labtools 27-3304] ILA Waveform data saved to file C:/Users/lish/Desktop/300/max30102x3/prj/prj.hw/backup/hw_ila_data_2.ila. Use Tcl command 'read_hw_ila_data' or Vivado File->Import->Import ILA Data menu item to import the previously saved data.
write_hw_ila_data -csv_file {C:\Users\lish\Desktop\300\max30102\prj\prj.srcs\sources_1\new\iladata.csv} hw_ila_data_2
C:/Users/lish/Desktop/300/max30102/prj/prj.srcs/sources_1/new/iladata.csv
write_hw_ila_data -csv_file {C:\Users\lish\Desktop\300\.ila.csv} hw_ila_data_2
C:/Users/lish/Desktop/300/.ila.csv
run_hw_ila [get_hw_ilas -of_objects [get_hw_devices xc7z020_1] -filter {CELL_NAME=~"your_instance_name"}]
INFO: [Labtools 27-1964] The ILA core 'hw_ila_2' trigger was armed at 2026-Jan-06 20:22:53
wait_on_hw_ila [get_hw_ilas -of_objects [get_hw_devices xc7z020_1] -filter {CELL_NAME=~"your_instance_name"}]
display_hw_ila_data [upload_hw_ila_data [get_hw_ilas -of_objects [get_hw_devices xc7z020_1] -filter {CELL_NAME=~"your_instance_name"}]]
INFO: [Labtools 27-2214] The ILA core 'hw_ila_2' triggered in the last of '128' windows, at 2026-Jan-06 20:23:01.
INFO: [Labtools 27-3304] ILA Waveform data saved to file C:/Users/lish/Desktop/300/max30102x3/prj/prj.hw/backup/hw_ila_data_2.ila. Use Tcl command 'read_hw_ila_data' or Vivado File->Import->Import ILA Data menu item to import the previously saved data.
write_hw_ila_data -csv_file {C:\Users\lish\Desktop\300\iladata.csv} hw_ila_data_2
C:/Users/lish/Desktop/300/iladata.csv
run_hw_ila [get_hw_ilas -of_objects [get_hw_devices xc7z020_1] -filter {CELL_NAME=~"your_instance_name"}]
INFO: [Labtools 27-1964] The ILA core 'hw_ila_2' trigger was armed at 2026-Jan-06 20:24:51
wait_on_hw_ila [get_hw_ilas -of_objects [get_hw_devices xc7z020_1] -filter {CELL_NAME=~"your_instance_name"}]
display_hw_ila_data [upload_hw_ila_data [get_hw_ilas -of_objects [get_hw_devices xc7z020_1] -filter {CELL_NAME=~"your_instance_name"}]]
INFO: [Labtools 27-2214] The ILA core 'hw_ila_2' triggered in the last of '128' windows, at 2026-Jan-06 20:24:59.
INFO: [Labtools 27-3304] ILA Waveform data saved to file C:/Users/lish/Desktop/300/max30102x3/prj/prj.hw/backup/hw_ila_data_2.ila. Use Tcl command 'read_hw_ila_data' or Vivado File->Import->Import ILA Data menu item to import the previously saved data.
run_hw_ila [get_hw_ilas -of_objects [get_hw_devices xc7z020_1] -filter {CELL_NAME=~"your_instance_name"}]
INFO: [Labtools 27-1964] The ILA core 'hw_ila_2' trigger was armed at 2026-Jan-06 20:25:11
wait_on_hw_ila [get_hw_ilas -of_objects [get_hw_devices xc7z020_1] -filter {CELL_NAME=~"your_instance_name"}]
display_hw_ila_data [upload_hw_ila_data [get_hw_ilas -of_objects [get_hw_devices xc7z020_1] -filter {CELL_NAME=~"your_instance_name"}]]
INFO: [Labtools 27-2214] The ILA core 'hw_ila_2' triggered in the last of '128' windows, at 2026-Jan-06 20:25:20.
INFO: [Labtools 27-3304] ILA Waveform data saved to file C:/Users/lish/Desktop/300/max30102x3/prj/prj.hw/backup/hw_ila_data_2.ila. Use Tcl command 'read_hw_ila_data' or Vivado File->Import->Import ILA Data menu item to import the previously saved data.
write_hw_ila_data -csv_file -force {C:\Users\lish\Desktop\300\iladata.csv} hw_ila_data_2
C:/Users/lish/Desktop/300/iladata.csv
run_hw_ila [get_hw_ilas -of_objects [get_hw_devices xc7z020_1] -filter {CELL_NAME=~"your_instance_name"}]
INFO: [Labtools 27-1964] The ILA core 'hw_ila_2' trigger was armed at 2026-Jan-06 20:25:54
wait_on_hw_ila [get_hw_ilas -of_objects [get_hw_devices xc7z020_1] -filter {CELL_NAME=~"your_instance_name"}]
display_hw_ila_data [upload_hw_ila_data [get_hw_ilas -of_objects [get_hw_devices xc7z020_1] -filter {CELL_NAME=~"your_instance_name"}]]
INFO: [Labtools 27-2214] The ILA core 'hw_ila_2' triggered in the last of '128' windows, at 2026-Jan-06 20:26:03.
INFO: [Labtools 27-3304] ILA Waveform data saved to file C:/Users/lish/Desktop/300/max30102x3/prj/prj.hw/backup/hw_ila_data_2.ila. Use Tcl command 'read_hw_ila_data' or Vivado File->Import->Import ILA Data menu item to import the previously saved data.
run_hw_ila [get_hw_ilas -of_objects [get_hw_devices xc7z020_1] -filter {CELL_NAME=~"your_instance_name"}]
INFO: [Labtools 27-1964] The ILA core 'hw_ila_2' trigger was armed at 2026-Jan-06 20:26:35
wait_on_hw_ila [get_hw_ilas -of_objects [get_hw_devices xc7z020_1] -filter {CELL_NAME=~"your_instance_name"}]
display_hw_ila_data [upload_hw_ila_data [get_hw_ilas -of_objects [get_hw_devices xc7z020_1] -filter {CELL_NAME=~"your_instance_name"}]]
INFO: [Labtools 27-2214] The ILA core 'hw_ila_2' triggered in the last of '128' windows, at 2026-Jan-06 20:26:43.
INFO: [Labtools 27-3304] ILA Waveform data saved to file C:/Users/lish/Desktop/300/max30102x3/prj/prj.hw/backup/hw_ila_data_2.ila. Use Tcl command 'read_hw_ila_data' or Vivado File->Import->Import ILA Data menu item to import the previously saved data.
write_hw_ila_data -csv_file -force {C:\Users\lish\Desktop\300\iladata.csv} hw_ila_data_2
C:/Users/lish/Desktop/300/iladata.csv
run_hw_ila [get_hw_ilas -of_objects [get_hw_devices xc7z020_1] -filter {CELL_NAME=~"your_instance_name"}]
INFO: [Labtools 27-1964] The ILA core 'hw_ila_2' trigger was armed at 2026-Jan-06 20:27:28
wait_on_hw_ila [get_hw_ilas -of_objects [get_hw_devices xc7z020_1] -filter {CELL_NAME=~"your_instance_name"}]
display_hw_ila_data [upload_hw_ila_data [get_hw_ilas -of_objects [get_hw_devices xc7z020_1] -filter {CELL_NAME=~"your_instance_name"}]]
INFO: [Labtools 27-2214] The ILA core 'hw_ila_2' triggered in the last of '128' windows, at 2026-Jan-06 20:27:36.
INFO: [Labtools 27-3304] ILA Waveform data saved to file C:/Users/lish/Desktop/300/max30102x3/prj/prj.hw/backup/hw_ila_data_2.ila. Use Tcl command 'read_hw_ila_data' or Vivado File->Import->Import ILA Data menu item to import the previously saved data.
write_hw_ila_data -csv_file -force {C:\Users\lish\Desktop\300\iladata.csv} hw_ila_data_2
C:/Users/lish/Desktop/300/iladata.csv
run_hw_ila [get_hw_ilas -of_objects [get_hw_devices xc7z020_1] -filter {CELL_NAME=~"xxana_show/your_instance_name"}]
INFO: [Labtools 27-1964] The ILA core 'hw_ila_1' trigger was armed at 2026-Jan-06 20:27:52
wait_on_hw_ila -timeout 0 [get_hw_ilas -of_objects [get_hw_devices xc7z020_1] -filter {CELL_NAME=~"xxana_show/your_instance_name"}]
display_hw_ila_data [upload_hw_ila_data [get_hw_ilas -of_objects [get_hw_devices xc7z020_1] -filter {CELL_NAME=~"xxana_show/your_instance_name"}]]
INFO: [Labtools 27-1965] The ILA core 'hw_ila_1' trigger was stopped by user at 2026-Jan-06 20:27:54
INFO: [Labtools 27-2266] The ILA core 'hw_ila_1' captured '2' windows with '8' samples each.
INFO: [Labtools 27-3304] ILA Waveform data saved to file C:/Users/lish/Desktop/300/max30102x3/prj/prj.hw/backup/hw_ila_data_1.ila. Use Tcl command 'read_hw_ila_data' or Vivado File->Import->Import ILA Data menu item to import the previously saved data.
run_hw_ila [get_hw_ilas -of_objects [get_hw_devices xc7z020_1] -filter {CELL_NAME=~"xxana_show/your_instance_name"}]
INFO: [Labtools 27-1964] The ILA core 'hw_ila_1' trigger was armed at 2026-Jan-06 20:27:57
wait_on_hw_ila -timeout 0 [get_hw_ilas -of_objects [get_hw_devices xc7z020_1] -filter {CELL_NAME=~"xxana_show/your_instance_name"}]
display_hw_ila_data [upload_hw_ila_data [get_hw_ilas -of_objects [get_hw_devices xc7z020_1] -filter {CELL_NAME=~"xxana_show/your_instance_name"}]]
INFO: [Labtools 27-1965] The ILA core 'hw_ila_1' trigger was stopped by user at 2026-Jan-06 20:27:58
INFO: [Labtools 27-2213] The ILA core 'hw_ila_1' captured one window with '8' samples.
INFO: [Labtools 27-3304] ILA Waveform data saved to file C:/Users/lish/Desktop/300/max30102x3/prj/prj.hw/backup/hw_ila_data_1.ila. Use Tcl command 'read_hw_ila_data' or Vivado File->Import->Import ILA Data menu item to import the previously saved data.
run_hw_ila [get_hw_ilas -of_objects [get_hw_devices xc7z020_1] -filter {CELL_NAME=~"xxana_show/your_instance_name"}]
INFO: [Labtools 27-1964] The ILA core 'hw_ila_1' trigger was armed at 2026-Jan-06 20:28:00
wait_on_hw_ila -timeout 0 [get_hw_ilas -of_objects [get_hw_devices xc7z020_1] -filter {CELL_NAME=~"xxana_show/your_instance_name"}]
display_hw_ila_data [upload_hw_ila_data [get_hw_ilas -of_objects [get_hw_devices xc7z020_1] -filter {CELL_NAME=~"xxana_show/your_instance_name"}]]
INFO: [Labtools 27-1965] The ILA core 'hw_ila_1' trigger was stopped by user at 2026-Jan-06 20:28:01
INFO: [Labtools 27-2266] The ILA core 'hw_ila_1' captured '2' windows with '8' samples each.
INFO: [Labtools 27-3304] ILA Waveform data saved to file C:/Users/lish/Desktop/300/max30102x3/prj/prj.hw/backup/hw_ila_data_1.ila. Use Tcl command 'read_hw_ila_data' or Vivado File->Import->Import ILA Data menu item to import the previously saved data.
run_hw_ila [get_hw_ilas -of_objects [get_hw_devices xc7z020_1] -filter {CELL_NAME=~"xxana_show/your_instance_name"}]
INFO: [Labtools 27-1964] The ILA core 'hw_ila_1' trigger was armed at 2026-Jan-06 20:28:04
wait_on_hw_ila -timeout 0 [get_hw_ilas -of_objects [get_hw_devices xc7z020_1] -filter {CELL_NAME=~"xxana_show/your_instance_name"}]
display_hw_ila_data [upload_hw_ila_data [get_hw_ilas -of_objects [get_hw_devices xc7z020_1] -filter {CELL_NAME=~"xxana_show/your_instance_name"}]]
INFO: [Labtools 27-1965] The ILA core 'hw_ila_1' trigger was stopped by user at 2026-Jan-06 20:28:08
INFO: [Labtools 27-2266] The ILA core 'hw_ila_1' captured '4' windows with '8' samples each.
INFO: [Labtools 27-3304] ILA Waveform data saved to file C:/Users/lish/Desktop/300/max30102x3/prj/prj.hw/backup/hw_ila_data_1.ila. Use Tcl command 'read_hw_ila_data' or Vivado File->Import->Import ILA Data menu item to import the previously saved data.
reset_run synth_1
WARNING: [Vivado 12-1017] Problems encountered:
1. Failed to delete one or more files in run directory C:/Users/lish/Desktop/300/max30102x3/prj/prj.runs/synth_1

launch_runs impl_1 -to_step write_bitstream -jobs 16
[Tue Jan  6 20:29:11 2026] Launched synth_1...
Run output will be captured here: C:/Users/lish/Desktop/300/max30102x3/prj/prj.runs/synth_1/runme.log
[Tue Jan  6 20:29:11 2026] Launched impl_1...
Run output will be captured here: C:/Users/lish/Desktop/300/max30102x3/prj/prj.runs/impl_1/runme.log
run_hw_ila [get_hw_ilas -of_objects [get_hw_devices xc7z020_1] -filter {CELL_NAME=~"xxana_show/your_instance_name"}]
INFO: [Labtools 27-1964] The ILA core 'hw_ila_1' trigger was armed at 2026-Jan-06 20:29:35
wait_on_hw_ila -timeout 0 [get_hw_ilas -of_objects [get_hw_devices xc7z020_1] -filter {CELL_NAME=~"xxana_show/your_instance_name"}]
display_hw_ila_data [upload_hw_ila_data [get_hw_ilas -of_objects [get_hw_devices xc7z020_1] -filter {CELL_NAME=~"xxana_show/your_instance_name"}]]
INFO: [Labtools 27-1965] The ILA core 'hw_ila_1' trigger was stopped by user at 2026-Jan-06 20:29:38
INFO: [Labtools 27-2266] The ILA core 'hw_ila_1' captured '3' windows with '8' samples each.
INFO: [Labtools 27-3304] ILA Waveform data saved to file C:/Users/lish/Desktop/300/max30102x3/prj/prj.hw/backup/hw_ila_data_1.ila. Use Tcl command 'read_hw_ila_data' or Vivado File->Import->Import ILA Data menu item to import the previously saved data.
run_hw_ila [get_hw_ilas -of_objects [get_hw_devices xc7z020_1] -filter {CELL_NAME=~"your_instance_name"}]
INFO: [Labtools 27-1964] The ILA core 'hw_ila_2' trigger was armed at 2026-Jan-06 20:29:41
wait_on_hw_ila [get_hw_ilas -of_objects [get_hw_devices xc7z020_1] -filter {CELL_NAME=~"your_instance_name"}]
display_hw_ila_data [upload_hw_ila_data [get_hw_ilas -of_objects [get_hw_devices xc7z020_1] -filter {CELL_NAME=~"your_instance_name"}]]
INFO: [Labtools 27-2214] The ILA core 'hw_ila_2' triggered in the last of '128' windows, at 2026-Jan-06 20:29:50.
INFO: [Labtools 27-3304] ILA Waveform data saved to file C:/Users/lish/Desktop/300/max30102x3/prj/prj.hw/backup/hw_ila_data_2.ila. Use Tcl command 'read_hw_ila_data' or Vivado File->Import->Import ILA Data menu item to import the previously saved data.
write_hw_ila_data -csv_file -force {C:\Users\lish\Desktop\300\iladata.csv} hw_ila_data_2
C:/Users/lish/Desktop/300/iladata.csv
run_hw_ila [get_hw_ilas -of_objects [get_hw_devices xc7z020_1] -filter {CELL_NAME=~"your_instance_name"}]
INFO: [Labtools 27-1964] The ILA core 'hw_ila_2' trigger was armed at 2026-Jan-06 20:30:17
wait_on_hw_ila [get_hw_ilas -of_objects [get_hw_devices xc7z020_1] -filter {CELL_NAME=~"your_instance_name"}]
display_hw_ila_data [upload_hw_ila_data [get_hw_ilas -of_objects [get_hw_devices xc7z020_1] -filter {CELL_NAME=~"your_instance_name"}]]
INFO: [Labtools 27-2214] The ILA core 'hw_ila_2' triggered in the last of '128' windows, at 2026-Jan-06 20:30:26.
INFO: [Labtools 27-3304] ILA Waveform data saved to file C:/Users/lish/Desktop/300/max30102x3/prj/prj.hw/backup/hw_ila_data_2.ila. Use Tcl command 'read_hw_ila_data' or Vivado File->Import->Import ILA Data menu item to import the previously saved data.
write_hw_ila_data -csv_file -force {C:\Users\lish\Desktop\300\iladata.csv} hw_ila_data_2
C:/Users/lish/Desktop/300/iladata.csv
run_hw_ila [get_hw_ilas -of_objects [get_hw_devices xc7z020_1] -filter {CELL_NAME=~"xxana_show/your_instance_name"}]
INFO: [Labtools 27-1964] The ILA core 'hw_ila_1' trigger was armed at 2026-Jan-06 20:30:42
wait_on_hw_ila -timeout 0 [get_hw_ilas -of_objects [get_hw_devices xc7z020_1] -filter {CELL_NAME=~"xxana_show/your_instance_name"}]
display_hw_ila_data [upload_hw_ila_data [get_hw_ilas -of_objects [get_hw_devices xc7z020_1] -filter {CELL_NAME=~"xxana_show/your_instance_name"}]]
INFO: [Labtools 27-1965] The ILA core 'hw_ila_1' trigger was stopped by user at 2026-Jan-06 20:30:45
INFO: [Labtools 27-2266] The ILA core 'hw_ila_1' captured '2' windows with '8' samples each.
INFO: [Labtools 27-3304] ILA Waveform data saved to file C:/Users/lish/Desktop/300/max30102x3/prj/prj.hw/backup/hw_ila_data_1.ila. Use Tcl command 'read_hw_ila_data' or Vivado File->Import->Import ILA Data menu item to import the previously saved data.
run_hw_ila [get_hw_ilas -of_objects [get_hw_devices xc7z020_1] -filter {CELL_NAME=~"xxana_show/your_instance_name"}]
INFO: [Labtools 27-1964] The ILA core 'hw_ila_1' trigger was armed at 2026-Jan-06 20:30:47
wait_on_hw_ila -timeout 0 [get_hw_ilas -of_objects [get_hw_devices xc7z020_1] -filter {CELL_NAME=~"xxana_show/your_instance_name"}]
display_hw_ila_data [upload_hw_ila_data [get_hw_ilas -of_objects [get_hw_devices xc7z020_1] -filter {CELL_NAME=~"xxana_show/your_instance_name"}]]
INFO: [Labtools 27-1965] The ILA core 'hw_ila_1' trigger was stopped by user at 2026-Jan-06 20:31:02
INFO: [Labtools 27-2266] The ILA core 'hw_ila_1' captured '15' windows with '8' samples each.
INFO: [Labtools 27-3304] ILA Waveform data saved to file C:/Users/lish/Desktop/300/max30102x3/prj/prj.hw/backup/hw_ila_data_1.ila. Use Tcl command 'read_hw_ila_data' or Vivado File->Import->Import ILA Data menu item to import the previously saved data.
run_hw_ila [get_hw_ilas -of_objects [get_hw_devices xc7z020_1] -filter {CELL_NAME=~"xxana_show/your_instance_name"}]
INFO: [Labtools 27-1964] The ILA core 'hw_ila_1' trigger was armed at 2026-Jan-06 20:31:04
run_hw_ila [get_hw_ilas -of_objects [get_hw_devices xc7z020_1] -filter {CELL_NAME=~"your_instance_name"}]
INFO: [Labtools 27-1964] The ILA core 'hw_ila_2' trigger was armed at 2026-Jan-06 20:31:09
wait_on_hw_ila [get_hw_ilas -of_objects [get_hw_devices xc7z020_1] -filter {CELL_NAME=~"your_instance_name"}]
display_hw_ila_data [upload_hw_ila_data [get_hw_ilas -of_objects [get_hw_devices xc7z020_1] -filter {CELL_NAME=~"your_instance_name"}]]
INFO: [Labtools 27-2214] The ILA core 'hw_ila_2' triggered in the last of '128' windows, at 2026-Jan-06 20:31:17.
INFO: [Labtools 27-3304] ILA Waveform data saved to file C:/Users/lish/Desktop/300/max30102x3/prj/prj.hw/backup/hw_ila_data_2.ila. Use Tcl command 'read_hw_ila_data' or Vivado File->Import->Import ILA Data menu item to import the previously saved data.
wait_on_hw_ila -timeout 0 [get_hw_ilas -of_objects [get_hw_devices xc7z020_1] -filter {CELL_NAME=~"xxana_show/your_instance_name"}]
display_hw_ila_data [upload_hw_ila_data [get_hw_ilas -of_objects [get_hw_devices xc7z020_1] -filter {CELL_NAME=~"xxana_show/your_instance_name"}]]
INFO: [Labtools 27-1965] The ILA core 'hw_ila_1' trigger was stopped by user at 2026-Jan-06 20:31:39
INFO: [Labtools 27-2266] The ILA core 'hw_ila_1' captured '36' windows with '8' samples each.
INFO: [Labtools 27-3304] ILA Waveform data saved to file C:/Users/lish/Desktop/300/max30102x3/prj/prj.hw/backup/hw_ila_data_1.ila. Use Tcl command 'read_hw_ila_data' or Vivado File->Import->Import ILA Data menu item to import the previously saved data.
run_hw_ila [get_hw_ilas -of_objects [get_hw_devices xc7z020_1] -filter {CELL_NAME=~"xxana_show/your_instance_name"}]
INFO: [Labtools 27-1964] The ILA core 'hw_ila_1' trigger was armed at 2026-Jan-06 20:31:44
write_hw_ila_data -csv_file -force {C:\Users\lish\Desktop\300\iladata.csv} hw_ila_data_2
C:/Users/lish/Desktop/300/iladata.csv
wait_on_hw_ila -timeout 0 [get_hw_ilas -of_objects [get_hw_devices xc7z020_1] -filter {CELL_NAME=~"xxana_show/your_instance_name"}]
display_hw_ila_data [upload_hw_ila_data [get_hw_ilas -of_objects [get_hw_devices xc7z020_1] -filter {CELL_NAME=~"xxana_show/your_instance_name"}]]
INFO: [Labtools 27-1965] The ILA core 'hw_ila_1' trigger was stopped by user at 2026-Jan-06 20:32:08
INFO: [Labtools 27-2266] The ILA core 'hw_ila_1' captured '24' windows with '8' samples each.
INFO: [Labtools 27-3304] ILA Waveform data saved to file C:/Users/lish/Desktop/300/max30102x3/prj/prj.hw/backup/hw_ila_data_1.ila. Use Tcl command 'read_hw_ila_data' or Vivado File->Import->Import ILA Data menu item to import the previously saved data.
run_hw_ila [get_hw_ilas -of_objects [get_hw_devices xc7z020_1] -filter {CELL_NAME=~"xxana_show/your_instance_name"}]
INFO: [Labtools 27-1964] The ILA core 'hw_ila_1' trigger was armed at 2026-Jan-06 20:32:26
wait_on_hw_ila -timeout 0 [get_hw_ilas -of_objects [get_hw_devices xc7z020_1] -filter {CELL_NAME=~"xxana_show/your_instance_name"}]
display_hw_ila_data [upload_hw_ila_data [get_hw_ilas -of_objects [get_hw_devices xc7z020_1] -filter {CELL_NAME=~"xxana_show/your_instance_name"}]]
INFO: [Labtools 27-1965] The ILA core 'hw_ila_1' trigger was stopped by user at 2026-Jan-06 20:32:32
INFO: [Labtools 27-2266] The ILA core 'hw_ila_1' captured '6' windows with '8' samples each.
INFO: [Labtools 27-3304] ILA Waveform data saved to file C:/Users/lish/Desktop/300/max30102x3/prj/prj.hw/backup/hw_ila_data_1.ila. Use Tcl command 'read_hw_ila_data' or Vivado File->Import->Import ILA Data menu item to import the previously saved data.
run_hw_ila [get_hw_ilas -of_objects [get_hw_devices xc7z020_1] -filter {CELL_NAME=~"xxana_show/your_instance_name"}]
INFO: [Labtools 27-1964] The ILA core 'hw_ila_1' trigger was armed at 2026-Jan-06 20:32:35
wait_on_hw_ila -timeout 0 [get_hw_ilas -of_objects [get_hw_devices xc7z020_1] -filter {CELL_NAME=~"xxana_show/your_instance_name"}]
display_hw_ila_data [upload_hw_ila_data [get_hw_ilas -of_objects [get_hw_devices xc7z020_1] -filter {CELL_NAME=~"xxana_show/your_instance_name"}]]
INFO: [Labtools 27-1965] The ILA core 'hw_ila_1' trigger was stopped by user at 2026-Jan-06 20:32:38
INFO: [Labtools 27-2266] The ILA core 'hw_ila_1' captured '3' windows with '8' samples each.
INFO: [Labtools 27-3304] ILA Waveform data saved to file C:/Users/lish/Desktop/300/max30102x3/prj/prj.hw/backup/hw_ila_data_1.ila. Use Tcl command 'read_hw_ila_data' or Vivado File->Import->Import ILA Data menu item to import the previously saved data.
set_property PROBES.FILE {C:/Users/lish/Desktop/300/max30102x3/prj/prj.runs/impl_1/top.ltx} [get_hw_devices xc7z020_1]
set_property FULL_PROBES.FILE {C:/Users/lish/Desktop/300/max30102x3/prj/prj.runs/impl_1/top.ltx} [get_hw_devices xc7z020_1]
set_property PROGRAM.FILE {C:/Users/lish/Desktop/300/max30102x3/prj/prj.runs/impl_1/top.bit} [get_hw_devices xc7z020_1]
program_hw_devices [get_hw_devices xc7z020_1]
INFO: [Labtools 27-3164] End of startup status: HIGH
refresh_hw_device [lindex [get_hw_devices xc7z020_1] 0]
INFO: [Labtools 27-2302] Device xc7z020 (JTAG device index = 1) is programmed with a design that has 2 ILA core(s).
add_wave -into {hw_ila_data_1.wcfg} -radix hex { {xxana_show/aver_ir_dat} {xxana_show/aver_red_dat} }
add_wave -into {hw_ila_data_1.wcfg} -radix unsigned { {xxana_show/ir_derta_dat} {xxana_show/red_derta_dat} }
run_hw_ila [get_hw_ilas -of_objects [get_hw_devices xc7z020_1] -filter {CELL_NAME=~"xxana_show/your_instance_name"}]
INFO: [Labtools 27-1964] The ILA core 'hw_ila_1' trigger was armed at 2026-Jan-06 20:32:51
wait_on_hw_ila [get_hw_ilas -of_objects [get_hw_devices xc7z020_1] -filter {CELL_NAME=~"xxana_show/your_instance_name"}]
display_hw_ila_data [upload_hw_ila_data [get_hw_ilas -of_objects [get_hw_devices xc7z020_1] -filter {CELL_NAME=~"xxana_show/your_instance_name"}]]
INFO: [Labtools 27-2214] The ILA core 'hw_ila_1' triggered in the last of '128' windows, at 2026-Jan-06 20:32:51.
INFO: [Labtools 27-3304] ILA Waveform data saved to file C:/Users/lish/Desktop/300/max30102x3/prj/prj.hw/backup/hw_ila_data_1.ila. Use Tcl command 'read_hw_ila_data' or Vivado File->Import->Import ILA Data menu item to import the previously saved data.
run_hw_ila [get_hw_ilas -of_objects [get_hw_devices xc7z020_1] -filter {CELL_NAME=~"your_instance_name"}]
INFO: [Labtools 27-1964] The ILA core 'hw_ila_2' trigger was armed at 2026-Jan-06 20:34:51
wait_on_hw_ila -timeout 0 [get_hw_ilas -of_objects [get_hw_devices xc7z020_1] -filter {CELL_NAME=~"your_instance_name"}]
display_hw_ila_data [upload_hw_ila_data [get_hw_ilas -of_objects [get_hw_devices xc7z020_1] -filter {CELL_NAME=~"your_instance_name"}]]
INFO: [Labtools 27-1965] The ILA core 'hw_ila_2' trigger was stopped by user at 2026-Jan-06 20:34:52
INFO: [Labtools 27-2266] The ILA core 'hw_ila_2' captured '15' windows with '8' samples each.
INFO: [Labtools 27-3304] ILA Waveform data saved to file C:/Users/lish/Desktop/300/max30102x3/prj/prj.hw/backup/hw_ila_data_2.ila. Use Tcl command 'read_hw_ila_data' or Vivado File->Import->Import ILA Data menu item to import the previously saved data.
run_hw_ila [get_hw_ilas -of_objects [get_hw_devices xc7z020_1] -filter {CELL_NAME=~"your_instance_name"}]
INFO: [Labtools 27-1964] The ILA core 'hw_ila_2' trigger was armed at 2026-Jan-06 20:35:03
wait_on_hw_ila -timeout 0 [get_hw_ilas -of_objects [get_hw_devices xc7z020_1] -filter {CELL_NAME=~"your_instance_name"}]
display_hw_ila_data [upload_hw_ila_data [get_hw_ilas -of_objects [get_hw_devices xc7z020_1] -filter {CELL_NAME=~"your_instance_name"}]]
INFO: [Labtools 27-1965] The ILA core 'hw_ila_2' trigger was stopped by user at 2026-Jan-06 20:35:06
INFO: [Labtools 27-2266] The ILA core 'hw_ila_2' captured '58' windows with '8' samples each.
INFO: [Labtools 27-3304] ILA Waveform data saved to file C:/Users/lish/Desktop/300/max30102x3/prj/prj.hw/backup/hw_ila_data_2.ila. Use Tcl command 'read_hw_ila_data' or Vivado File->Import->Import ILA Data menu item to import the previously saved data.
run_hw_ila [get_hw_ilas -of_objects [get_hw_devices xc7z020_1] -filter {CELL_NAME=~"xxana_show/your_instance_name"}]
INFO: [Labtools 27-1964] The ILA core 'hw_ila_1' trigger was armed at 2026-Jan-06 20:35:14
wait_on_hw_ila [get_hw_ilas -of_objects [get_hw_devices xc7z020_1] -filter {CELL_NAME=~"xxana_show/your_instance_name"}]
display_hw_ila_data [upload_hw_ila_data [get_hw_ilas -of_objects [get_hw_devices xc7z020_1] -filter {CELL_NAME=~"xxana_show/your_instance_name"}]]
INFO: [Labtools 27-2214] The ILA core 'hw_ila_1' triggered in the last of '128' windows, at 2026-Jan-06 20:35:14.
INFO: [Labtools 27-3304] ILA Waveform data saved to file C:/Users/lish/Desktop/300/max30102x3/prj/prj.hw/backup/hw_ila_data_1.ila. Use Tcl command 'read_hw_ila_data' or Vivado File->Import->Import ILA Data menu item to import the previously saved data.
run_hw_ila [get_hw_ilas -of_objects [get_hw_devices xc7z020_1] -filter {CELL_NAME=~"xxana_show/your_instance_name"}]
INFO: [Labtools 27-1964] The ILA core 'hw_ila_1' trigger was armed at 2026-Jan-06 20:35:16
wait_on_hw_ila [get_hw_ilas -of_objects [get_hw_devices xc7z020_1] -filter {CELL_NAME=~"xxana_show/your_instance_name"}]
display_hw_ila_data [upload_hw_ila_data [get_hw_ilas -of_objects [get_hw_devices xc7z020_1] -filter {CELL_NAME=~"xxana_show/your_instance_name"}]]
INFO: [Labtools 27-2214] The ILA core 'hw_ila_1' triggered in the last of '128' windows, at 2026-Jan-06 20:35:16.
INFO: [Labtools 27-3304] ILA Waveform data saved to file C:/Users/lish/Desktop/300/max30102x3/prj/prj.hw/backup/hw_ila_data_1.ila. Use Tcl command 'read_hw_ila_data' or Vivado File->Import->Import ILA Data menu item to import the previously saved data.
run_hw_ila [get_hw_ilas -of_objects [get_hw_devices xc7z020_1] -filter {CELL_NAME=~"xxana_show/your_instance_name"}]
INFO: [Labtools 27-1964] The ILA core 'hw_ila_1' trigger was armed at 2026-Jan-06 20:35:17
wait_on_hw_ila [get_hw_ilas -of_objects [get_hw_devices xc7z020_1] -filter {CELL_NAME=~"xxana_show/your_instance_name"}]
display_hw_ila_data [upload_hw_ila_data [get_hw_ilas -of_objects [get_hw_devices xc7z020_1] -filter {CELL_NAME=~"xxana_show/your_instance_name"}]]
INFO: [Labtools 27-2214] The ILA core 'hw_ila_1' triggered in the last of '128' windows, at 2026-Jan-06 20:35:17.
INFO: [Labtools 27-3304] ILA Waveform data saved to file C:/Users/lish/Desktop/300/max30102x3/prj/prj.hw/backup/hw_ila_data_1.ila. Use Tcl command 'read_hw_ila_data' or Vivado File->Import->Import ILA Data menu item to import the previously saved data.
run_hw_ila [get_hw_ilas -of_objects [get_hw_devices xc7z020_1] -filter {CELL_NAME=~"your_instance_name"}]
INFO: [Labtools 27-1964] The ILA core 'hw_ila_2' trigger was armed at 2026-Jan-06 20:35:21
wait_on_hw_ila -timeout 0 [get_hw_ilas -of_objects [get_hw_devices xc7z020_1] -filter {CELL_NAME=~"your_instance_name"}]
display_hw_ila_data [upload_hw_ila_data [get_hw_ilas -of_objects [get_hw_devices xc7z020_1] -filter {CELL_NAME=~"your_instance_name"}]]
INFO: [Labtools 27-1965] The ILA core 'hw_ila_2' trigger was stopped by user at 2026-Jan-06 20:35:23
INFO: [Labtools 27-2266] The ILA core 'hw_ila_2' captured '32' windows with '8' samples each.
INFO: [Labtools 27-3304] ILA Waveform data saved to file C:/Users/lish/Desktop/300/max30102x3/prj/prj.hw/backup/hw_ila_data_2.ila. Use Tcl command 'read_hw_ila_data' or Vivado File->Import->Import ILA Data menu item to import the previously saved data.
set_property part xc7a75tfgg484-2 [current_project]
WARNING: [IP_Flow 19-2162] IP 'div' is locked:
* Current project part 'xc7a75tfgg484-2' and the part 'xc7z020clg400-2' used to customize the IP 'div' do not match.
Please select 'Report IP Status' from the 'Tools/Report' menu or run Tcl command 'report_ip_status' for more information.
WARNING: [IP_Flow 19-2162] IP 'mult_xx' is locked:
* Current project part 'xc7a75tfgg484-2' and the part 'xc7z020clg400-2' used to customize the IP 'mult_xx' do not match.
Please select 'Report IP Status' from the 'Tools/Report' menu or run Tcl command 'report_ip_status' for more information.
WARNING: [IP_Flow 19-2162] IP 'ila_0' is locked:
* Current project part 'xc7a75tfgg484-2' and the part 'xc7z020clg400-2' used to customize the IP 'ila_0' do not match.
Please select 'Report IP Status' from the 'Tools/Report' menu or run Tcl command 'report_ip_status' for more information.
WARNING: [IP_Flow 19-2162] IP 'floating_point_0' is locked:
* Current project part 'xc7a75tfgg484-2' and the part 'xc7z020clg400-2' used to customize the IP 'floating_point_0' do not match.
Please select 'Report IP Status' from the 'Tools/Report' menu or run Tcl command 'report_ip_status' for more information.
WARNING: [IP_Flow 19-2162] IP 'floating_add' is locked:
* Current project part 'xc7a75tfgg484-2' and the part 'xc7z020clg400-2' used to customize the IP 'floating_add' do not match.
Please select 'Report IP Status' from the 'Tools/Report' menu or run Tcl command 'report_ip_status' for more information.
WARNING: [IP_Flow 19-2162] IP 'floating_mult' is locked:
* Current project part 'xc7a75tfgg484-2' and the part 'xc7z020clg400-2' used to customize the IP 'floating_mult' do not match.
Please select 'Report IP Status' from the 'Tools/Report' menu or run Tcl command 'report_ip_status' for more information.
WARNING: [IP_Flow 19-2162] IP 'floating_div' is locked:
* Current project part 'xc7a75tfgg484-2' and the part 'xc7z020clg400-2' used to customize the IP 'floating_div' do not match.
Please select 'Report IP Status' from the 'Tools/Report' menu or run Tcl command 'report_ip_status' for more information.
WARNING: [IP_Flow 19-2162] IP 'float_tf' is locked:
* Current project part 'xc7a75tfgg484-2' and the part 'xc7z020clg400-2' used to customize the IP 'float_tf' do not match.
Please select 'Report IP Status' from the 'Tools/Report' menu or run Tcl command 'report_ip_status' for more information.
WARNING: [IP_Flow 19-2162] IP 'sum' is locked:
* Current project part 'xc7a75tfgg484-2' and the part 'xc7z020clg400-2' used to customize the IP 'sum' do not match.
Please select 'Report IP Status' from the 'Tools/Report' menu or run Tcl command 'report_ip_status' for more information.
report_ip_status -name ip_status 
upgrade_ip [get_ips  {div float_tf floating_add floating_div floating_mult floating_point_0 ila_0 mult_xx sum}] -log ip_upgrade.log
Upgrading 'div'
INFO: [IP_Flow 19-3420] Updated div to use current project options
INFO: [IP_Flow 19-1686] Generating 'Instantiation Template' target for IP 'div'...
Upgrading 'float_tf'
WARNING: [Vivado 12-1017] Problems encountered:
1. Failed to delete one or more files in run directory C:/Users/lish/Desktop/300/max30102x3/prj/prj.runs/float_tf_synth_1

INFO: [Project 1-386] Moving file 'C:/Users/lish/Desktop/300/max30102x3/prj/prj.srcs/sources_1/ip/float_tf/float_tf.xci' from fileset 'float_tf' to fileset 'sources_1'.
INFO: [IP_Flow 19-3420] Updated float_tf to use current project options
INFO: [IP_Flow 19-1686] Generating 'Instantiation Template' target for IP 'float_tf'...
Upgrading 'floating_add'
WARNING: [Vivado 12-1017] Problems encountered:
1. Failed to delete one or more files in run directory C:/Users/lish/Desktop/300/max30102x3/prj/prj.runs/floating_add_synth_1

INFO: [Project 1-386] Moving file 'C:/Users/lish/Desktop/300/max30102x3/prj/prj.srcs/sources_1/ip/floating_add/floating_add.xci' from fileset 'floating_add' to fileset 'sources_1'.
INFO: [IP_Flow 19-3420] Updated floating_add to use current project options
INFO: [IP_Flow 19-1686] Generating 'Instantiation Template' target for IP 'floating_add'...
Upgrading 'floating_div'
WARNING: [Vivado 12-1017] Problems encountered:
1. Failed to delete one or more files in run directory C:/Users/lish/Desktop/300/max30102x3/prj/prj.runs/floating_div_synth_1

INFO: [Project 1-386] Moving file 'C:/Users/lish/Desktop/300/max30102x3/prj/prj.srcs/sources_1/ip/floating_div/floating_div.xci' from fileset 'floating_div' to fileset 'sources_1'.
INFO: [IP_Flow 19-3420] Updated floating_div to use current project options
INFO: [IP_Flow 19-1686] Generating 'Instantiation Template' target for IP 'floating_div'...
Upgrading 'floating_mult'
WARNING: [Vivado 12-1017] Problems encountered:
1. Failed to delete one or more files in run directory C:/Users/lish/Desktop/300/max30102x3/prj/prj.runs/floating_mult_synth_1

INFO: [Project 1-386] Moving file 'C:/Users/lish/Desktop/300/max30102x3/prj/prj.srcs/sources_1/ip/floating_mult/floating_mult.xci' from fileset 'floating_mult' to fileset 'sources_1'.
INFO: [IP_Flow 19-3420] Updated floating_mult to use current project options
INFO: [IP_Flow 19-1686] Generating 'Instantiation Template' target for IP 'floating_mult'...
Upgrading 'floating_point_0'
WARNING: [Vivado 12-1017] Problems encountered:
1. Failed to delete one or more files in run directory C:/Users/lish/Desktop/300/max30102x3/prj/prj.runs/floating_point_0_synth_1

INFO: [Project 1-386] Moving file 'C:/Users/lish/Desktop/300/max30102x3/prj/prj.srcs/sources_1/ip/floating_point_0/floating_point_0.xci' from fileset 'floating_point_0' to fileset 'sources_1'.
INFO: [IP_Flow 19-3420] Updated floating_point_0 to use current project options
INFO: [IP_Flow 19-1686] Generating 'Instantiation Template' target for IP 'floating_point_0'...
Upgrading 'ila_0'
WARNING: [Vivado 12-1017] Problems encountered:
1. Failed to delete one or more files in run directory C:/Users/lish/Desktop/300/max30102x3/prj/prj.runs/ila_0_synth_1

INFO: [Project 1-386] Moving file 'C:/Users/lish/Desktop/300/max30102x3/prj/prj.srcs/sources_1/ip/ila_0/ila_0.xci' from fileset 'ila_0' to fileset 'sources_1'.
INFO: [IP_Flow 19-3420] Updated ila_0 to use current project options
INFO: [IP_Flow 19-1686] Generating 'Instantiation Template' target for IP 'ila_0'...
Upgrading 'mult_xx'
INFO: [IP_Flow 19-3420] Updated mult_xx to use current project options
INFO: [IP_Flow 19-1686] Generating 'Instantiation Template' target for IP 'mult_xx'...
Upgrading 'sum'
WARNING: [Vivado 12-1017] Problems encountered:
1. Failed to delete one or more files in run directory C:/Users/lish/Desktop/300/max30102x3/prj/prj.runs/sum_synth_1

INFO: [Project 1-386] Moving file 'C:/Users/lish/Desktop/300/max30102x3/prj/prj.srcs/sources_1/ip/sum/sum.xci' from fileset 'sum' to fileset 'sources_1'.
INFO: [IP_Flow 19-3420] Updated sum to use current project options
INFO: [IP_Flow 19-1686] Generating 'Instantiation Template' target for IP 'sum'...
INFO: [Coretcl 2-1525] Wrote upgrade log to 'C:/Users/lish/Desktop/300/max30102x3/prj/ip_upgrade.log'.
upgrade_ip: Time (s): cpu = 00:00:29 ; elapsed = 00:00:29 . Memory (MB): peak = 3488.367 ; gain = 9.992
export_ip_user_files -of_objects [get_ips {div float_tf floating_add floating_div floating_mult floating_point_0 ila_0 mult_xx sum}] -no_script -sync -force -quiet
generate_target all [get_files  {C:/Users/lish/Desktop/300/max30102x3/prj/prj.srcs/sources_1/ip/div/div.xci C:/Users/lish/Desktop/300/max30102x3/prj/prj.srcs/sources_1/ip/float_tf/float_tf.xci C:/Users/lish/Desktop/300/max30102x3/prj/prj.srcs/sources_1/ip/floating_add/floating_add.xci C:/Users/lish/Desktop/300/max30102x3/prj/prj.srcs/sources_1/ip/floating_div/floating_div.xci C:/Users/lish/Desktop/300/max30102x3/prj/prj.srcs/sources_1/ip/floating_mult/floating_mult.xci C:/Users/lish/Desktop/300/max30102x3/prj/prj.srcs/sources_1/ip/floating_point_0/floating_point_0.xci C:/Users/lish/Desktop/300/max30102x3/prj/prj.srcs/sources_1/ip/ila_0/ila_0.xci C:/Users/lish/Desktop/300/max30102x3/prj/prj.srcs/sources_1/ip/mult_xx/mult_xx.xci C:/Users/lish/Desktop/300/max30102x3/prj/prj.srcs/sources_1/ip/sum/sum.xci}]
INFO: [IP_Flow 19-1686] Generating 'Synthesis' target for IP 'div'...
INFO: [IP_Flow 19-1686] Generating 'Simulation' target for IP 'div'...
INFO: [IP_Flow 19-1686] Generating 'C Simulation' target for IP 'div'...
INFO: [IP_Flow 19-1686] Generating 'Test Bench' target for IP 'div'...
INFO: [IP_Flow 19-1686] Generating 'Change Log' target for IP 'div'...
INFO: [IP_Flow 19-1686] Generating 'Synthesis' target for IP 'float_tf'...
INFO: [IP_Flow 19-1686] Generating 'Simulation' target for IP 'float_tf'...
INFO: [IP_Flow 19-1686] Generating 'C Simulation' target for IP 'float_tf'...
INFO: [IP_Flow 19-1686] Generating 'Test Bench' target for IP 'float_tf'...
INFO: [IP_Flow 19-1686] Generating 'Change Log' target for IP 'float_tf'...
INFO: [IP_Flow 19-1686] Generating 'Synthesis' target for IP 'floating_add'...
INFO: [IP_Flow 19-1686] Generating 'Simulation' target for IP 'floating_add'...
INFO: [IP_Flow 19-1686] Generating 'C Simulation' target for IP 'floating_add'...
INFO: [IP_Flow 19-1686] Generating 'Test Bench' target for IP 'floating_add'...
INFO: [IP_Flow 19-1686] Generating 'Change Log' target for IP 'floating_add'...
INFO: [IP_Flow 19-1686] Generating 'Synthesis' target for IP 'floating_div'...
INFO: [IP_Flow 19-1686] Generating 'Simulation' target for IP 'floating_div'...
INFO: [IP_Flow 19-1686] Generating 'C Simulation' target for IP 'floating_div'...
INFO: [IP_Flow 19-1686] Generating 'Test Bench' target for IP 'floating_div'...
INFO: [IP_Flow 19-1686] Generating 'Change Log' target for IP 'floating_div'...
INFO: [IP_Flow 19-1686] Generating 'Synthesis' target for IP 'floating_mult'...
INFO: [IP_Flow 19-1686] Generating 'Simulation' target for IP 'floating_mult'...
INFO: [IP_Flow 19-1686] Generating 'C Simulation' target for IP 'floating_mult'...
INFO: [IP_Flow 19-1686] Generating 'Test Bench' target for IP 'floating_mult'...
INFO: [IP_Flow 19-1686] Generating 'Change Log' target for IP 'floating_mult'...
INFO: [IP_Flow 19-1686] Generating 'Synthesis' target for IP 'floating_point_0'...
INFO: [IP_Flow 19-1686] Generating 'Simulation' target for IP 'floating_point_0'...
INFO: [IP_Flow 19-1686] Generating 'C Simulation' target for IP 'floating_point_0'...
INFO: [IP_Flow 19-1686] Generating 'Test Bench' target for IP 'floating_point_0'...
INFO: [IP_Flow 19-1686] Generating 'Change Log' target for IP 'floating_point_0'...
INFO: [IP_Flow 19-1686] Generating 'Synthesis' target for IP 'ila_0'...
WARNING: [IP_Flow 19-4994] Overwriting existing constraint file 'c:/Users/lish/Desktop/300/max30102x3/prj/prj.srcs/sources_1/ip/ila_0/ila_0_ooc.xdc'
INFO: [IP_Flow 19-1686] Generating 'Simulation' target for IP 'ila_0'...
INFO: [IP_Flow 19-1686] Generating 'Implementation' target for IP 'ila_0'...
INFO: [IP_Flow 19-1686] Generating 'Change Log' target for IP 'ila_0'...
INFO: [IP_Flow 19-1686] Generating 'Synthesis' target for IP 'mult_xx'...
INFO: [IP_Flow 19-1686] Generating 'Simulation' target for IP 'mult_xx'...
INFO: [IP_Flow 19-1686] Generating 'Change Log' target for IP 'mult_xx'...
INFO: [IP_Flow 19-1686] Generating 'Synthesis' target for IP 'sum'...
INFO: [IP_Flow 19-1686] Generating 'Simulation' target for IP 'sum'...
INFO: [IP_Flow 19-1686] Generating 'C Simulation' target for IP 'sum'...
INFO: [IP_Flow 19-1686] Generating 'Test Bench' target for IP 'sum'...
INFO: [IP_Flow 19-1686] Generating 'Miscellaneous' target for IP 'sum'...
INFO: [xilinx.com:ip:fir_compiler:7.2-1] sum: Coefficient Reload not selected, no files generated
INFO: [IP_Flow 19-1686] Generating 'Change Log' target for IP 'sum'...
catch { config_ip_cache -export [get_ips -all div] }
INFO: [IP_Flow 19-4993] Using cached IP synthesis design for IP div, cache-ID = ecb04a302f5cff0b; cache size = 101.519 MB.
catch { config_ip_cache -export [get_ips -all float_tf] }
INFO: [IP_Flow 19-4993] Using cached IP synthesis design for IP float_tf, cache-ID = 2f82b87cc79c5110; cache size = 101.519 MB.
catch { config_ip_cache -export [get_ips -all floating_add] }
INFO: [IP_Flow 19-4993] Using cached IP synthesis design for IP floating_add, cache-ID = 7801498efaba5769; cache size = 101.519 MB.
catch { config_ip_cache -export [get_ips -all floating_div] }
INFO: [IP_Flow 19-4993] Using cached IP synthesis design for IP floating_div, cache-ID = 7802681be1a9dab4; cache size = 101.519 MB.
catch { config_ip_cache -export [get_ips -all floating_mult] }
INFO: [IP_Flow 19-4993] Using cached IP synthesis design for IP floating_mult, cache-ID = a426e679b14fe688; cache size = 101.519 MB.
catch { config_ip_cache -export [get_ips -all floating_point_0] }
INFO: [IP_Flow 19-4993] Using cached IP synthesis design for IP floating_point_0, cache-ID = b289619e6de25812; cache size = 101.519 MB.
catch { config_ip_cache -export [get_ips -all ila_0] }
INFO: [IP_Flow 19-4993] Using cached IP synthesis design for IP ila_0, cache-ID = 61fe0a535b6b5ec2; cache size = 101.519 MB.
catch { config_ip_cache -export [get_ips -all mult_xx] }
INFO: [IP_Flow 19-4993] Using cached IP synthesis design for IP mult_xx, cache-ID = e91b5ab69c2a3933; cache size = 101.519 MB.
catch { config_ip_cache -export [get_ips -all sum] }
INFO: [IP_Flow 19-4993] Using cached IP synthesis design for IP sum, cache-ID = 0750976561b68217; cache size = 101.519 MB.
export_ip_user_files -of_objects [get_files C:/Users/lish/Desktop/300/max30102x3/prj/prj.srcs/sources_1/ip/div/div.xci] -no_script -sync -force -quiet
export_ip_user_files -of_objects [get_files C:/Users/lish/Desktop/300/max30102x3/prj/prj.srcs/sources_1/ip/float_tf/float_tf.xci] -no_script -sync -force -quiet
export_ip_user_files -of_objects [get_files C:/Users/lish/Desktop/300/max30102x3/prj/prj.srcs/sources_1/ip/floating_add/floating_add.xci] -no_script -sync -force -quiet
export_ip_user_files -of_objects [get_files C:/Users/lish/Desktop/300/max30102x3/prj/prj.srcs/sources_1/ip/floating_div/floating_div.xci] -no_script -sync -force -quiet
export_ip_user_files -of_objects [get_files C:/Users/lish/Desktop/300/max30102x3/prj/prj.srcs/sources_1/ip/floating_mult/floating_mult.xci] -no_script -sync -force -quiet
export_ip_user_files -of_objects [get_files C:/Users/lish/Desktop/300/max30102x3/prj/prj.srcs/sources_1/ip/floating_point_0/floating_point_0.xci] -no_script -sync -force -quiet
export_ip_user_files -of_objects [get_files C:/Users/lish/Desktop/300/max30102x3/prj/prj.srcs/sources_1/ip/ila_0/ila_0.xci] -no_script -sync -force -quiet
export_ip_user_files -of_objects [get_files C:/Users/lish/Desktop/300/max30102x3/prj/prj.srcs/sources_1/ip/mult_xx/mult_xx.xci] -no_script -sync -force -quiet
export_ip_user_files -of_objects [get_files C:/Users/lish/Desktop/300/max30102x3/prj/prj.srcs/sources_1/ip/sum/sum.xci] -no_script -sync -force -quiet
create_ip_run [get_files -of_objects [get_fileset sources_1] C:/Users/lish/Desktop/300/max30102x3/prj/prj.srcs/sources_1/ip/div/div.xci]
INFO: [Vivado 12-3453] The given sub-design is up-to-date, no action was taken.  If a run is still desired, use the '-force' option for the file:'C:/Users/lish/Desktop/300/max30102x3/prj/prj.srcs/sources_1/ip/div/div.xci'
create_ip_run [get_files -of_objects [get_fileset sources_1] C:/Users/lish/Desktop/300/max30102x3/prj/prj.srcs/sources_1/ip/float_tf/float_tf.xci]
INFO: [Vivado 12-3453] The given sub-design is up-to-date, no action was taken.  If a run is still desired, use the '-force' option for the file:'C:/Users/lish/Desktop/300/max30102x3/prj/prj.srcs/sources_1/ip/float_tf/float_tf.xci'
create_ip_run [get_files -of_objects [get_fileset sources_1] C:/Users/lish/Desktop/300/max30102x3/prj/prj.srcs/sources_1/ip/floating_add/floating_add.xci]
INFO: [Vivado 12-3453] The given sub-design is up-to-date, no action was taken.  If a run is still desired, use the '-force' option for the file:'C:/Users/lish/Desktop/300/max30102x3/prj/prj.srcs/sources_1/ip/floating_add/floating_add.xci'
create_ip_run [get_files -of_objects [get_fileset sources_1] C:/Users/lish/Desktop/300/max30102x3/prj/prj.srcs/sources_1/ip/floating_div/floating_div.xci]
INFO: [Vivado 12-3453] The given sub-design is up-to-date, no action was taken.  If a run is still desired, use the '-force' option for the file:'C:/Users/lish/Desktop/300/max30102x3/prj/prj.srcs/sources_1/ip/floating_div/floating_div.xci'
create_ip_run [get_files -of_objects [get_fileset sources_1] C:/Users/lish/Desktop/300/max30102x3/prj/prj.srcs/sources_1/ip/floating_mult/floating_mult.xci]
INFO: [Vivado 12-3453] The given sub-design is up-to-date, no action was taken.  If a run is still desired, use the '-force' option for the file:'C:/Users/lish/Desktop/300/max30102x3/prj/prj.srcs/sources_1/ip/floating_mult/floating_mult.xci'
create_ip_run [get_files -of_objects [get_fileset sources_1] C:/Users/lish/Desktop/300/max30102x3/prj/prj.srcs/sources_1/ip/floating_point_0/floating_point_0.xci]
INFO: [Vivado 12-3453] The given sub-design is up-to-date, no action was taken.  If a run is still desired, use the '-force' option for the file:'C:/Users/lish/Desktop/300/max30102x3/prj/prj.srcs/sources_1/ip/floating_point_0/floating_point_0.xci'
create_ip_run [get_files -of_objects [get_fileset sources_1] C:/Users/lish/Desktop/300/max30102x3/prj/prj.srcs/sources_1/ip/ila_0/ila_0.xci]
INFO: [Vivado 12-3453] The given sub-design is up-to-date, no action was taken.  If a run is still desired, use the '-force' option for the file:'C:/Users/lish/Desktop/300/max30102x3/prj/prj.srcs/sources_1/ip/ila_0/ila_0.xci'
create_ip_run [get_files -of_objects [get_fileset sources_1] C:/Users/lish/Desktop/300/max30102x3/prj/prj.srcs/sources_1/ip/mult_xx/mult_xx.xci]
INFO: [Vivado 12-3453] The given sub-design is up-to-date, no action was taken.  If a run is still desired, use the '-force' option for the file:'C:/Users/lish/Desktop/300/max30102x3/prj/prj.srcs/sources_1/ip/mult_xx/mult_xx.xci'
create_ip_run [get_files -of_objects [get_fileset sources_1] C:/Users/lish/Desktop/300/max30102x3/prj/prj.srcs/sources_1/ip/sum/sum.xci]
INFO: [Vivado 12-3453] The given sub-design is up-to-date, no action was taken.  If a run is still desired, use the '-force' option for the file:'C:/Users/lish/Desktop/300/max30102x3/prj/prj.srcs/sources_1/ip/sum/sum.xci'
export_simulation -of_objects [get_files C:/Users/lish/Desktop/300/max30102x3/prj/prj.srcs/sources_1/ip/div/div.xci] -directory C:/Users/lish/Desktop/300/max30102x3/prj/prj.ip_user_files/sim_scripts -ip_user_files_dir C:/Users/lish/Desktop/300/max30102x3/prj/prj.ip_user_files -ipstatic_source_dir C:/Users/lish/Desktop/300/max30102x3/prj/prj.ip_user_files/ipstatic -lib_map_path [list {modelsim=C:/Users/lish/Desktop/300/max30102x3/prj/prj.cache/compile_simlib/modelsim} {questa=C:/Users/lish/Desktop/300/max30102x3/prj/prj.cache/compile_simlib/questa} {riviera=C:/Users/lish/Desktop/300/max30102x3/prj/prj.cache/compile_simlib/riviera} {activehdl=C:/Users/lish/Desktop/300/max30102x3/prj/prj.cache/compile_simlib/activehdl}] -use_ip_compiled_libs -force -quiet
export_simulation -of_objects [get_files C:/Users/lish/Desktop/300/max30102x3/prj/prj.srcs/sources_1/ip/float_tf/float_tf.xci] -directory C:/Users/lish/Desktop/300/max30102x3/prj/prj.ip_user_files/sim_scripts -ip_user_files_dir C:/Users/lish/Desktop/300/max30102x3/prj/prj.ip_user_files -ipstatic_source_dir C:/Users/lish/Desktop/300/max30102x3/prj/prj.ip_user_files/ipstatic -lib_map_path [list {modelsim=C:/Users/lish/Desktop/300/max30102x3/prj/prj.cache/compile_simlib/modelsim} {questa=C:/Users/lish/Desktop/300/max30102x3/prj/prj.cache/compile_simlib/questa} {riviera=C:/Users/lish/Desktop/300/max30102x3/prj/prj.cache/compile_simlib/riviera} {activehdl=C:/Users/lish/Desktop/300/max30102x3/prj/prj.cache/compile_simlib/activehdl}] -use_ip_compiled_libs -force -quiet
export_simulation -of_objects [get_files C:/Users/lish/Desktop/300/max30102x3/prj/prj.srcs/sources_1/ip/floating_add/floating_add.xci] -directory C:/Users/lish/Desktop/300/max30102x3/prj/prj.ip_user_files/sim_scripts -ip_user_files_dir C:/Users/lish/Desktop/300/max30102x3/prj/prj.ip_user_files -ipstatic_source_dir C:/Users/lish/Desktop/300/max30102x3/prj/prj.ip_user_files/ipstatic -lib_map_path [list {modelsim=C:/Users/lish/Desktop/300/max30102x3/prj/prj.cache/compile_simlib/modelsim} {questa=C:/Users/lish/Desktop/300/max30102x3/prj/prj.cache/compile_simlib/questa} {riviera=C:/Users/lish/Desktop/300/max30102x3/prj/prj.cache/compile_simlib/riviera} {activehdl=C:/Users/lish/Desktop/300/max30102x3/prj/prj.cache/compile_simlib/activehdl}] -use_ip_compiled_libs -force -quiet
export_simulation -of_objects [get_files C:/Users/lish/Desktop/300/max30102x3/prj/prj.srcs/sources_1/ip/floating_div/floating_div.xci] -directory C:/Users/lish/Desktop/300/max30102x3/prj/prj.ip_user_files/sim_scripts -ip_user_files_dir C:/Users/lish/Desktop/300/max30102x3/prj/prj.ip_user_files -ipstatic_source_dir C:/Users/lish/Desktop/300/max30102x3/prj/prj.ip_user_files/ipstatic -lib_map_path [list {modelsim=C:/Users/lish/Desktop/300/max30102x3/prj/prj.cache/compile_simlib/modelsim} {questa=C:/Users/lish/Desktop/300/max30102x3/prj/prj.cache/compile_simlib/questa} {riviera=C:/Users/lish/Desktop/300/max30102x3/prj/prj.cache/compile_simlib/riviera} {activehdl=C:/Users/lish/Desktop/300/max30102x3/prj/prj.cache/compile_simlib/activehdl}] -use_ip_compiled_libs -force -quiet
export_simulation -of_objects [get_files C:/Users/lish/Desktop/300/max30102x3/prj/prj.srcs/sources_1/ip/floating_mult/floating_mult.xci] -directory C:/Users/lish/Desktop/300/max30102x3/prj/prj.ip_user_files/sim_scripts -ip_user_files_dir C:/Users/lish/Desktop/300/max30102x3/prj/prj.ip_user_files -ipstatic_source_dir C:/Users/lish/Desktop/300/max30102x3/prj/prj.ip_user_files/ipstatic -lib_map_path [list {modelsim=C:/Users/lish/Desktop/300/max30102x3/prj/prj.cache/compile_simlib/modelsim} {questa=C:/Users/lish/Desktop/300/max30102x3/prj/prj.cache/compile_simlib/questa} {riviera=C:/Users/lish/Desktop/300/max30102x3/prj/prj.cache/compile_simlib/riviera} {activehdl=C:/Users/lish/Desktop/300/max30102x3/prj/prj.cache/compile_simlib/activehdl}] -use_ip_compiled_libs -force -quiet
export_simulation -of_objects [get_files C:/Users/lish/Desktop/300/max30102x3/prj/prj.srcs/sources_1/ip/floating_point_0/floating_point_0.xci] -directory C:/Users/lish/Desktop/300/max30102x3/prj/prj.ip_user_files/sim_scripts -ip_user_files_dir C:/Users/lish/Desktop/300/max30102x3/prj/prj.ip_user_files -ipstatic_source_dir C:/Users/lish/Desktop/300/max30102x3/prj/prj.ip_user_files/ipstatic -lib_map_path [list {modelsim=C:/Users/lish/Desktop/300/max30102x3/prj/prj.cache/compile_simlib/modelsim} {questa=C:/Users/lish/Desktop/300/max30102x3/prj/prj.cache/compile_simlib/questa} {riviera=C:/Users/lish/Desktop/300/max30102x3/prj/prj.cache/compile_simlib/riviera} {activehdl=C:/Users/lish/Desktop/300/max30102x3/prj/prj.cache/compile_simlib/activehdl}] -use_ip_compiled_libs -force -quiet
export_simulation -of_objects [get_files C:/Users/lish/Desktop/300/max30102x3/prj/prj.srcs/sources_1/ip/ila_0/ila_0.xci] -directory C:/Users/lish/Desktop/300/max30102x3/prj/prj.ip_user_files/sim_scripts -ip_user_files_dir C:/Users/lish/Desktop/300/max30102x3/prj/prj.ip_user_files -ipstatic_source_dir C:/Users/lish/Desktop/300/max30102x3/prj/prj.ip_user_files/ipstatic -lib_map_path [list {modelsim=C:/Users/lish/Desktop/300/max30102x3/prj/prj.cache/compile_simlib/modelsim} {questa=C:/Users/lish/Desktop/300/max30102x3/prj/prj.cache/compile_simlib/questa} {riviera=C:/Users/lish/Desktop/300/max30102x3/prj/prj.cache/compile_simlib/riviera} {activehdl=C:/Users/lish/Desktop/300/max30102x3/prj/prj.cache/compile_simlib/activehdl}] -use_ip_compiled_libs -force -quiet
export_simulation -of_objects [get_files C:/Users/lish/Desktop/300/max30102x3/prj/prj.srcs/sources_1/ip/mult_xx/mult_xx.xci] -directory C:/Users/lish/Desktop/300/max30102x3/prj/prj.ip_user_files/sim_scripts -ip_user_files_dir C:/Users/lish/Desktop/300/max30102x3/prj/prj.ip_user_files -ipstatic_source_dir C:/Users/lish/Desktop/300/max30102x3/prj/prj.ip_user_files/ipstatic -lib_map_path [list {modelsim=C:/Users/lish/Desktop/300/max30102x3/prj/prj.cache/compile_simlib/modelsim} {questa=C:/Users/lish/Desktop/300/max30102x3/prj/prj.cache/compile_simlib/questa} {riviera=C:/Users/lish/Desktop/300/max30102x3/prj/prj.cache/compile_simlib/riviera} {activehdl=C:/Users/lish/Desktop/300/max30102x3/prj/prj.cache/compile_simlib/activehdl}] -use_ip_compiled_libs -force -quiet
export_simulation -of_objects [get_files C:/Users/lish/Desktop/300/max30102x3/prj/prj.srcs/sources_1/ip/sum/sum.xci] -directory C:/Users/lish/Desktop/300/max30102x3/prj/prj.ip_user_files/sim_scripts -ip_user_files_dir C:/Users/lish/Desktop/300/max30102x3/prj/prj.ip_user_files -ipstatic_source_dir C:/Users/lish/Desktop/300/max30102x3/prj/prj.ip_user_files/ipstatic -lib_map_path [list {modelsim=C:/Users/lish/Desktop/300/max30102x3/prj/prj.cache/compile_simlib/modelsim} {questa=C:/Users/lish/Desktop/300/max30102x3/prj/prj.cache/compile_simlib/questa} {riviera=C:/Users/lish/Desktop/300/max30102x3/prj/prj.cache/compile_simlib/riviera} {activehdl=C:/Users/lish/Desktop/300/max30102x3/prj/prj.cache/compile_simlib/activehdl}] -use_ip_compiled_libs -force -quiet
WARNING: [filemgmt 20-965] The target 'cmodel' is not supported by the file: C:/Users/lish/Desktop/300/max30102x3/prj/prj.srcs/sources_1/ip/ila_0/ila_0.xci
WARNING: [filemgmt 20-965] The target 'testbench' is not supported by the file: C:/Users/lish/Desktop/300/max30102x3/prj/prj.srcs/sources_1/ip/ila_0/ila_0.xci
WARNING: [filemgmt 20-965] The target 'cmodel' is not supported by the file: C:/Users/lish/Desktop/300/max30102x3/prj/prj.srcs/sources_1/ip/mult_xx/mult_xx.xci
WARNING: [filemgmt 20-965] The target 'testbench' is not supported by the file: C:/Users/lish/Desktop/300/max30102x3/prj/prj.srcs/sources_1/ip/mult_xx/mult_xx.xci
update_compile_order -fileset sources_1
reset_run synth_1
WARNING: [Vivado 12-1017] Problems encountered:
1. Failed to delete one or more files in run directory C:/Users/lish/Desktop/300/max30102x3/prj/prj.runs/synth_1

launch_runs impl_1 -to_step write_bitstream -jobs 16
INFO: [Vivado 12-4149] The synthesis checkpoint for IP 'C:/Users/lish/Desktop/300/max30102x3/prj/prj.srcs/sources_1/ip/ila_0/ila_0.xci' is already up-to-date
INFO: [Vivado 12-4149] The synthesis checkpoint for IP 'C:/Users/lish/Desktop/300/max30102x3/prj/prj.srcs/sources_1/ip/floating_point_0/floating_point_0.xci' is already up-to-date
INFO: [Vivado 12-4149] The synthesis checkpoint for IP 'C:/Users/lish/Desktop/300/max30102x3/prj/prj.srcs/sources_1/ip/floating_add/floating_add.xci' is already up-to-date
INFO: [Vivado 12-4149] The synthesis checkpoint for IP 'C:/Users/lish/Desktop/300/max30102x3/prj/prj.srcs/sources_1/ip/floating_mult/floating_mult.xci' is already up-to-date
INFO: [Vivado 12-4149] The synthesis checkpoint for IP 'C:/Users/lish/Desktop/300/max30102x3/prj/prj.srcs/sources_1/ip/floating_div/floating_div.xci' is already up-to-date
INFO: [Vivado 12-4149] The synthesis checkpoint for IP 'C:/Users/lish/Desktop/300/max30102x3/prj/prj.srcs/sources_1/ip/float_tf/float_tf.xci' is already up-to-date
INFO: [Vivado 12-4149] The synthesis checkpoint for IP 'C:/Users/lish/Desktop/300/max30102x3/prj/prj.srcs/sources_1/ip/sum/sum.xci' is already up-to-date
[Tue Jan  6 20:39:25 2026] Launched synth_1...
Run output will be captured here: C:/Users/lish/Desktop/300/max30102x3/prj/prj.runs/synth_1/runme.log
[Tue Jan  6 20:39:25 2026] Launched impl_1...
Run output will be captured here: C:/Users/lish/Desktop/300/max30102x3/prj/prj.runs/impl_1/runme.log
ERROR: [Labtoolstcl 44-513] HW Target shutdown. Closing target: localhost:3121/xilinx_tcf/Digilent/210512180081
exit
INFO: [Common 17-206] Exiting Vivado at Tue Jan  6 20:51:33 2026...
